Date,Open,High,Low,Close_,Adj_Close__,Volume
"Oct 29, 2020",62,62,62,62,62,-
"Aug 13, 2020",68,68,68,68,68,-
"Jul 21, 2020",72,72,72,72,72,-
"Jun 02, 2019",72,72,72,72,72,-
"Mar 24, 2019",72,72,72,72,72,-
"Mar 19, 2019",72,72,72,72,72,-
"Jun 16, 2021",76,76,76,76,76,-
"Jun 01, 2021",76,76,76,76,76,-
"Dec 05, 2019",76,76,76,76,76,-
"Feb 14, 2019",76,76,76,76,76,-
"Dec 20, 2021",104,104,104,104,104,-
"Nov 01, 2023",124,124,124,124,124,-
"May 08, 2023",124,124,124,124,124,-
"Feb 21, 2023",144,144,144,144,144,-
"Dec 01, 2022",256,256,256,256,256,-
"Mar 21, 2023",128.25,128.25,128.25,128.25,128.25,-
"May 31, 2020",64.25,64.25,64.25,64.25,64.25,-
"May 27, 2020",64.25,64.25,64.25,64.25,64.25,-
"Jun 16, 2019",72.25,72.25,72.25,72.25,72.25,-
"May 19, 2019",72.25,72.25,72.25,72.25,72.25,-
"May 13, 2021",76.25,76.25,76.25,76.25,76.25,-
"Nov 15, 2021",92.25,92.25,92.25,92.25,92.25,-
"May 11, 2023",112.25,112.25,112.25,112.25,112.25,-
"Sep 12, 2023",124.25,124.25,124.25,124.25,124.25,-
"Nov 22, 2022",224.5,224.5,224.5,224.5,224.5,-
"Feb 22, 2023",144.75,144.75,144.75,144.75,144.75,-
"Feb 06, 2023",152.75,152.75,152.75,152.75,152.75,-
"May 20, 2020",64.5,64.5,64.5,64.5,64.5,-
"Jan 02, 2020",72.5,72.5,72.5,72.5,72.5,-
"Dec 31, 2019",72.5,72.5,72.5,72.5,72.5,-
"Nov 13, 2023",124.5,124.5,124.5,124.5,124.5,-
"Nov 02, 2023",124.5,124.5,124.5,124.5,124.5,-
"Mar 27, 2023",137,137,137,137,137,-
"Dec 12, 2022",233.25,233.25,233.25,233.25,233.25,-
"Feb 25, 2020",68.75,68.75,68.75,68.75,68.75,-
"Feb 24, 2020",68.75,68.75,68.75,68.75,68.75,-
"Jan 16, 2020",72.75,72.75,72.75,72.75,72.75,-
"Oct 07, 2019",76.75,76.75,76.75,76.75,76.75,-
"Feb 07, 2019",76.75,76.75,76.75,76.75,76.75,-
"Aug 22, 2021",84.75,84.75,84.75,84.75,84.75,-
"Nov 06, 2023",120.75,120.75,120.75,120.75,120.75,-
"Nov 05, 2020",62.5,62.5,62.5,62.5,62.5,-
"May 03, 2020",65,65,65,65,65,-
"Jul 12, 2020",69,69,69,69,69,-
"Mar 05, 2020",69,69,69,69,69,-
"Mar 03, 2020",69,69,69,69,69,-
"Jul 28, 2021",81,81,81,81,81,-
"Jul 11, 2023",97,97,97,97,97,-
"Nov 07, 2023",121,121,121,121,121,-
"Apr 23, 2023",130,130,130,130,130,-
"May 19, 2020",65.25,65.25,65.25,65.25,65.25,-
"Aug 10, 2020",69.25,69.25,69.25,69.25,69.25,-
"Jun 20, 2023",113.25,113.25,113.25,113.25,113.25,-
"Jun 13, 2023",113.25,113.25,113.25,113.25,113.25,-
"Sep 19, 2023",125.25,125.25,125.25,125.25,125.25,-
"Sep 28, 2022",277,277,277,277,277,-
"Mar 10, 2023",138.75,138.75,138.75,138.75,138.75,-
"Oct 24, 2022",234.75,234.75,234.75,234.75,234.75,-
"Dec 06, 2022",261.5,261.5,261.5,261.5,261.5,-
"Mar 26, 2020",65.5,65.5,65.5,65.5,65.5,-
"Jun 29, 2020",69.5,69.5,69.5,69.5,69.5,-
"Mar 11, 2019",73.5,73.5,73.5,73.5,73.5,-
"Jan 27, 2023",147,147,147,147,147,-
"Feb 13, 2023",139.25,139.25,139.25,139.25,139.25,-
"Oct 10, 2022",243.25,243.25,243.25,243.25,243.25,-
"Jan 25, 2021",65.75,65.75,65.75,65.75,65.75,-
"Jun 02, 2020",65.75,65.75,65.75,65.75,65.75,-
"May 05, 2020",65.75,65.75,65.75,65.75,65.75,-
"Jan 06, 2020",73.75,73.75,73.75,73.75,73.75,-
"May 28, 2019",73.75,73.75,73.75,73.75,73.75,-
"Apr 30, 2019",73.75,73.75,73.75,73.75,73.75,-
"Mar 08, 2019",73.75,73.75,73.75,73.75,73.75,-
"Nov 25, 2019",77.75,77.75,77.75,77.75,77.75,-
"Nov 13, 2019",77.75,77.75,77.75,77.75,77.75,-
"Oct 31, 2021",81.75,81.75,81.75,81.75,81.75,-
"Dec 22, 2021",101.75,101.75,101.75,101.75,101.75,-
"Nov 20, 2023",121.75,121.75,121.75,121.75,121.75,-
"Nov 17, 2023",121.75,121.75,121.75,121.75,121.75,-
"Aug 10, 2023",121.75,121.75,121.75,121.75,121.75,-
"May 07, 2023",125.75,125.75,125.75,125.75,125.75,-
"May 04, 2023",125.75,125.75,125.75,125.75,125.75,-
"Mar 08, 2023",125.75,125.75,125.75,125.75,125.75,-
"Oct 16, 2023",139.5,139.5,139.5,139.5,139.5,-
"Jan 31, 2023",147.75,147.75,147.75,147.75,147.75,-
"Jan 23, 2023",179.75,179.75,179.75,179.75,179.75,-
"Dec 02, 2022",263.75,263.75,263.75,263.75,263.75,-
"Oct 22, 2020",66,66,66,66,66,-
"Aug 20, 2020",66,66,66,66,66,-
"Apr 23, 2020",66,66,66,66,66,-
"Apr 12, 2020",66,66,66,66,66,-
"Apr 08, 2020",66,66,66,66,66,-
"Mar 25, 2020",66,66,66,66,66,-
"Mar 24, 2021",70,70,70,70,70,-
"May 23, 2019",74,74,74,74,74,-
"Sep 25, 2023",126,126,126,126,126,-
"Mar 02, 2023",148,148,148,148,148,-
"Jan 20, 2023",180,180,180,180,180,-
"Oct 12, 2023",140.25,140.25,140.25,140.25,140.25,-
"Jan 30, 2023",148.25,148.25,148.25,148.25,148.25,-
"Jun 16, 2020",66.25,66.25,66.25,66.25,66.25,-
"Jun 10, 2020",66.25,66.25,66.25,66.25,66.25,-
"Mar 17, 2020",66.25,66.25,66.25,66.25,66.25,-
"Jul 03, 2019",74.25,74.25,74.25,74.25,74.25,-
"Feb 20, 2019",78.25,78.25,78.25,78.25,78.25,-
"Jan 03, 2023",180.5,180.5,180.5,180.5,180.5,-
"Dec 27, 2022",188.5,188.5,188.5,188.5,188.5,-
"Nov 30, 2022",265.25,265.25,265.25,265.25,265.25,-
"Dec 09, 2020",66.5,66.5,66.5,66.5,66.5,-
"Mar 30, 2021",70.5,70.5,70.5,70.5,70.5,-
"Jul 19, 2020",70.5,70.5,70.5,70.5,70.5,-
"Feb 18, 2020",70.5,70.5,70.5,70.5,70.5,-
"Feb 12, 2019",74.5,74.5,74.5,74.5,74.5,-
"Nov 16, 2023",122.5,122.5,122.5,122.5,122.5,-
"Oct 31, 2023",122.5,122.5,122.5,122.5,122.5,-
"Apr 04, 2023",141,141,141,141,141,-
"Nov 18, 2022",205.25,205.25,205.25,205.25,205.25,-
"Aug 28, 2022",298.5,298.5,298.5,298.5,298.5,-
"Sep 14, 2020",66.75,66.75,66.75,66.75,66.75,-
"Dec 28, 2020",70.75,70.75,70.75,70.75,70.75,-
"Dec 24, 2020",70.75,70.75,70.75,70.75,70.75,-
"Feb 03, 2020",70.75,70.75,70.75,70.75,70.75,-
"Dec 11, 2019",74.75,74.75,74.75,74.75,74.75,-
"Nov 22, 2023",122.75,122.75,122.75,122.75,122.75,-
"May 01, 2022",189.5,189.5,189.5,189.5,189.5,-
"Nov 01, 2022",221.5,221.5,221.5,221.5,221.5,-
"Sep 03, 2020",67,67,67,67,67,-
"Aug 19, 2020",67,67,67,67,67,-
"Dec 06, 2019",75,75,75,75,75,-
"Sep 30, 2019",75,75,75,75,75,-
"Apr 23, 2019",75,75,75,75,75,-
"Oct 17, 2019",79,79,79,79,79,-
"Nov 01, 2021",83,83,83,83,83,-
"Jun 11, 2023",107,107,107,107,107,-
"Jul 20, 2023",115,115,115,115,115,-
"Feb 10, 2023",142,142,142,142,142,-
"Dec 28, 2022",182,182,182,182,182,-
"Oct 18, 2022",238,238,238,238,238,-
"Oct 06, 2022",238,238,238,238,238,-
"Mar 31, 2022",158.25,158.25,158.25,158.25,158.25,-
"Oct 20, 2022",238.25,238.25,238.25,238.25,238.25,-
"Sep 07, 2022",300.5,300.5,300.5,300.5,300.5,-
"Dec 10, 2020",67.25,67.25,67.25,67.25,67.25,-
"Dec 29, 2020",71.25,71.25,71.25,71.25,71.25,-
"Jul 28, 2020",71.25,71.25,71.25,71.25,71.25,-
"Jul 16, 2020",71.25,71.25,71.25,71.25,71.25,-
"Aug 14, 2019",71.25,71.25,71.25,71.25,71.25,-
"Jun 14, 2021",75.25,75.25,75.25,75.25,75.25,-
"Sep 11, 2019",75.25,75.25,75.25,75.25,75.25,-
"Jul 16, 2019",75.25,75.25,75.25,75.25,75.25,-
"Jun 25, 2023",111.25,111.25,111.25,111.25,111.25,-
"Apr 30, 2023",134.75,134.75,134.75,134.75,134.75,-
"Apr 27, 2023",134.75,134.75,134.75,134.75,134.75,-
"Nov 02, 2022",206.75,206.75,206.75,206.75,206.75,-
"Mar 11, 2021",67.5,67.5,67.5,67.5,67.5,-
"Mar 09, 2021",67.5,67.5,67.5,67.5,67.5,-
"Sep 29, 2020",67.5,67.5,67.5,67.5,67.5,-
"Jun 23, 2020",67.5,67.5,67.5,67.5,67.5,-
"Jun 18, 2019",71.5,71.5,71.5,71.5,71.5,-
"Jun 30, 2021",75.5,75.5,75.5,75.5,75.5,-
"Mar 07, 2019",75.5,75.5,75.5,75.5,75.5,-
"Aug 17, 2023",123.5,123.5,123.5,123.5,123.5,-
"Mar 03, 2023",135,135,135,135,135,-
"Feb 07, 2023",143.25,143.25,143.25,143.25,143.25,-
"Feb 24, 2023",159.25,159.25,159.25,159.25,159.25,-
"Jan 04, 2023",175.25,175.25,175.25,175.25,175.25,-
"Aug 22, 2022",286.5,286.5,286.5,286.5,286.5,-
"Mar 10, 2021",67.75,67.75,67.75,67.75,67.75,-
"Mar 20, 2019",71.75,71.75,71.75,71.75,71.75,-
"Oct 28, 2019",75.75,75.75,75.75,75.75,75.75,-
"Jul 24, 2019",75.75,75.75,75.75,75.75,75.75,-
"Jul 14, 2019",75.75,75.75,75.75,75.75,75.75,-
"Nov 14, 2023",123.75,123.75,123.75,123.75,123.75,-
"Aug 27, 2023",123.75,123.75,123.75,123.75,123.75,-
"Nov 27, 2020",64.05,64.05,64.05,64.05,64.05,-
"May 28, 2020",64.05,64.05,64.05,64.05,64.05,-
"Oct 24, 2019",76.05,76.05,76.05,76.05,76.05,-
"Mar 31, 2019",76.05,76.05,76.05,76.05,76.05,-
"Jun 28, 2023",116.05,116.05,116.05,116.05,116.05,-
"Sep 21, 2022",272.2,272.2,272.2,272.2,272.2,-
"Jan 25, 2023",144.35,144.35,144.35,144.35,144.35,-
"Feb 19, 2021",64.3,64.3,64.3,64.3,64.3,-
"Dec 01, 2020",64.3,64.3,64.3,64.3,64.3,-
"Apr 02, 2019",76.3,76.3,76.3,76.3,76.3,-
"Apr 04, 2019",80.3,80.3,80.3,80.3,80.3,-
"Jan 27, 2022",108.3,108.3,108.3,108.3,108.3,-
"Aug 07, 2022",208.6,208.6,208.6,208.6,208.6,-
"Feb 28, 2023",152.85,152.85,152.85,152.85,152.85,-
"May 25, 2020",64.55,64.55,64.55,64.55,64.55,-
"Mar 29, 2020",64.55,64.55,64.55,64.55,64.55,-
"Mar 02, 2020",68.55,68.55,68.55,68.55,68.55,-
"Aug 13, 2019",72.55,72.55,72.55,72.55,72.55,-
"Mar 05, 2019",76.55,76.55,76.55,76.55,76.55,-
"Oct 13, 2019",80.55,80.55,80.55,80.55,80.55,-
"May 31, 2023",88.55,88.55,88.55,88.55,88.55,-
"Feb 27, 2023",153.35,153.35,153.35,153.35,153.35,-
"Mar 22, 2020",64.8,64.8,64.8,64.8,64.8,-
"Jun 13, 2019",72.8,72.8,72.8,72.8,72.8,-
"Mar 10, 2019",72.8,72.8,72.8,72.8,72.8,-
"Jul 09, 2019",76.8,76.8,76.8,76.8,76.8,-
"Oct 19, 2021",96.8,96.8,96.8,96.8,96.8,-
"Oct 18, 2021",96.8,96.8,96.8,96.8,96.8,-
"Mar 29, 2023",137.85,137.85,137.15,137.15,137.15,-
"Mar 28, 2023",137.85,137.85,137.85,137.85,137.85,-
"Nov 29, 2019",77.05,77.05,77.05,77.05,77.05,-
"Nov 12, 2019",77.05,77.05,77.05,77.05,77.05,-
"Jul 21, 2019",77.05,77.05,77.05,77.05,77.05,-
"Feb 16, 2023",146.35,146.35,146.35,146.35,146.35,-
"May 17, 2020",65.3,65.3,65.3,65.3,65.3,-
"May 02, 2021",73.3,73.3,73.3,73.3,73.3,-
"Dec 23, 2019",73.3,73.3,73.3,73.3,73.3,-
"Jun 03, 2019",73.3,73.3,73.3,73.3,73.3,-
"Aug 23, 2021",85.3,85.3,85.3,85.3,85.3,-
"May 21, 2023",105.3,105.3,105.3,105.3,105.3,-
"Apr 19, 2023",130.6,130.6,130.6,130.6,130.6,-
"Mar 01, 2023",154.6,154.6,154.6,154.6,154.6,-
"Sep 04, 2019",73.55,73.55,73.55,73.55,73.55,-
"Jun 10, 2019",73.55,73.55,73.55,73.55,73.55,-
"Apr 28, 2019",73.55,73.55,73.55,73.55,73.55,-
"Nov 27, 2019",77.55,77.55,77.55,77.55,77.55,-
"Apr 10, 2022",195.35,195.35,195.35,195.35,195.35,-
"Oct 05, 2022",243.35,243.35,243.35,243.35,243.35,-
"Oct 20, 2020",65.8,65.8,65.8,65.8,65.8,-
"Oct 15, 2020",65.8,65.8,65.8,65.8,65.8,-
"Aug 09, 2020",69.8,69.8,69.8,69.8,69.8,-
"Jul 06, 2020",69.8,69.8,69.8,69.8,69.8,-
"Jun 28, 2020",69.8,69.8,69.8,69.8,69.8,-
"Feb 20, 2020",69.8,69.8,69.8,69.8,69.8,-
"May 16, 2019",73.8,73.8,73.8,73.8,73.8,-
"Sep 24, 2023",125.8,125.8,125.8,125.8,125.8,-
"Mar 26, 2023",131.6,131.6,131.6,131.6,131.6,-
"Oct 17, 2023",139.85,139.85,139.85,139.85,139.85,-
"Oct 25, 2022",227.85,227.85,227.85,227.85,227.85,-
"Mar 16, 2021",70.05,70.05,70.05,70.05,70.05,-
"Aug 26, 2019",70.05,70.05,70.05,70.05,70.05,-
"May 15, 2019",74.05,74.05,74.05,74.05,74.05,-
"Nov 20, 2019",78.05,78.05,78.05,78.05,78.05,-
"Dec 01, 2021",98.05,98.05,98.05,98.05,98.05,-
"Dec 20, 2022",196.1,196.1,196.1,196.1,196.1,-
"Feb 15, 2023",148.35,148.35,148.35,148.35,148.35,-
"Nov 04, 2020",61.15,61.15,61.15,61.15,61.15,-
"Nov 13, 2020",63.15,63.15,63.15,63.15,63.15,-
"Jun 17, 2020",66.3,66.3,66.3,66.3,66.3,-
"Jun 14, 2020",66.3,66.3,66.3,66.3,66.3,-
"Mar 16, 2020",66.3,66.3,66.3,66.3,66.3,-
"Mar 11, 2020",66.3,66.3,66.3,66.3,66.3,-
"Aug 04, 2019",74.3,74.3,74.3,74.3,74.3,-
"Jun 30, 2019",74.3,74.3,74.3,74.3,74.3,-
"Nov 15, 2019",78.3,78.3,78.3,78.3,78.3,-
"Jul 22, 2019",78.3,78.3,78.3,78.3,78.3,-
"Dec 15, 2021",106.3,106.3,106.3,106.3,106.3,-
"Aug 02, 2023",114.3,114.3,114.3,114.3,114.3,-
"Aug 11, 2022",244.6,244.6,244.6,244.6,244.6,-
"Jun 21, 2020",66.55,66.55,66.55,66.55,66.55,-
"Jun 11, 2020",66.55,66.55,66.55,66.55,66.55,-
"Feb 19, 2020",70.55,70.55,70.55,70.55,70.55,-
"Dec 18, 2019",74.55,74.55,74.55,74.55,74.55,-
"Sep 19, 2019",78.55,78.55,78.55,78.55,78.55,-
"Jun 12, 2023",110.55,110.55,110.55,110.55,110.55,-
"Dec 31, 2020",70.8,70.8,70.8,70.8,70.8,-
"Feb 12, 2020",70.8,70.8,70.8,70.8,70.8,-
"Jan 22, 2020",70.8,70.8,70.8,70.8,70.8,-
"Aug 18, 2019",70.8,70.8,70.8,70.8,70.8,-
"Aug 15, 2019",70.8,70.8,70.8,70.8,70.8,-
"May 17, 2021",74.8,74.8,74.8,74.8,74.8,-
"May 16, 2021",74.8,74.8,74.8,74.8,74.8,-
"Jan 09, 2020",74.8,74.8,74.8,74.8,74.8,-
"Dec 10, 2019",74.8,74.8,74.8,74.8,74.8,-
"May 08, 2019",74.8,74.8,74.8,74.8,74.8,-
"Dec 14, 2021",106.8,106.8,106.8,106.8,106.8,-
"Jan 28, 2022",110.8,110.8,110.8,110.8,110.8,-
"Mar 12, 2023",141.85,141.85,141.85,141.85,141.85,-
"Sep 09, 2020",67.05,67.05,67.05,67.05,67.05,-
"Apr 05, 2021",71.05,71.05,71.05,71.05,71.05,-
"Aug 04, 2020",71.05,71.05,71.05,71.05,71.05,-
"Aug 03, 2020",71.05,71.05,71.05,71.05,71.05,-
"Sep 26, 2019",75.05,75.05,75.05,75.05,75.05,-
"Jul 25, 2019",75.05,75.05,75.05,75.05,75.05,-
"Aug 29, 2021",87.05,87.05,87.05,87.05,87.05,-
"Apr 02, 2023",150.1,150.1,150.1,150.1,150.1,-
"Oct 30, 2022",206.35,206.35,206.35,206.35,206.35,-
"Dec 11, 2020",67.3,67.3,67.3,67.3,67.3,-
"Sep 22, 2020",67.3,67.3,67.3,67.3,67.3,-
"Sep 17, 2020",67.3,67.3,67.3,67.3,67.3,-
"Sep 16, 2020",67.3,67.3,67.3,67.3,67.3,-
"Sep 10, 2020",67.3,67.3,67.3,67.3,67.3,-
"Mar 09, 2020",67.3,67.3,67.3,67.3,67.3,-
"Sep 02, 2019",71.3,71.3,71.3,71.3,71.3,-
"Aug 29, 2019",71.3,71.3,71.3,71.3,71.3,-
"Mar 18, 2019",71.3,71.3,71.3,71.3,71.3,-
"Jul 07, 2021",75.3,75.3,75.3,75.3,75.3,-
"Jul 01, 2021",75.3,75.3,75.3,75.3,75.3,-
"Jun 15, 2021",75.3,75.3,75.3,75.3,75.3,-
"Jan 10, 2020",75.3,75.3,75.3,75.3,75.3,-
"Jun 27, 2019",75.3,75.3,75.3,75.3,75.3,-
"Jun 26, 2019",75.3,75.3,75.3,75.3,75.3,-
"Apr 24, 2019",75.3,75.3,75.3,75.3,75.3,-
"Feb 08, 2019",75.3,75.3,75.3,75.3,75.3,-
"Feb 06, 2019",79.3,79.3,79.3,79.3,79.3,-
"Apr 03, 2023",142.85,142.85,142.85,142.85,142.85,-
"Sep 24, 2020",67.55,67.55,67.55,67.55,67.55,-
"Sep 15, 2020",67.55,67.55,67.55,67.55,67.55,-
"Aug 30, 2020",67.55,67.55,67.55,67.55,67.55,-
"Aug 27, 2020",67.55,67.55,67.55,67.55,67.55,-
"Jun 22, 2020",67.55,67.55,67.55,67.55,67.55,-
"Mar 21, 2021",71.55,71.55,71.55,71.55,71.55,-
"May 24, 2023",95.55,95.55,95.55,95.55,95.55,-
"Dec 16, 2021",107.55,107.55,107.55,107.55,107.55,-
"Oct 19, 2022",239.1,239.1,239.1,239.1,239.1,-
"Jan 24, 2023",167.35,167.35,167.35,167.35,167.35,-
"Nov 10, 2020",61.9,61.9,61.9,61.9,61.9,-
"Mar 15, 2021",67.8,67.8,67.8,67.8,67.8,-
"Feb 26, 2021",67.8,67.8,67.8,67.8,67.8,-
"Dec 17, 2020",67.8,67.8,67.8,67.8,67.8,-
"Nov 06, 2019",75.8,75.8,75.8,75.8,75.8,-
"May 21, 2019",75.8,75.8,75.8,75.8,75.8,-
"Sep 18, 2022",288.15,288.15,288.15,288.15,288.15,-
"Mar 31, 2020",64.1,64.1,64.1,64.1,64.1,-
"Mar 01, 2021",68.1,68.1,68.1,68.1,68.1,-
"Mar 06, 2020",68.1,68.1,68.1,68.1,68.1,-
"Sep 23, 2019",76.1,76.1,76.1,76.1,76.1,-
"Jul 10, 2019",76.1,76.1,76.1,76.1,76.1,-
"Apr 07, 2019",80.1,80.1,80.1,80.1,80.1,-
"Sep 27, 2023",128.2,128.2,128.2,128.2,128.2,-
"Apr 07, 2022",192.45,192.45,192.45,192.45,192.45,-
"Apr 14, 2021",72.35,72.35,72.35,72.35,72.35,-
"Aug 08, 2019",72.35,72.35,72.35,72.35,72.35,-
"Mar 17, 2019",72.35,72.35,72.35,72.35,72.35,-
"Feb 21, 2019",76.35,76.35,76.35,76.35,76.35,-
"Aug 19, 2021",80.35,80.35,80.35,80.35,80.35,-
"May 15, 2023",104.35,104.35,104.35,104.35,104.35,-
"Dec 13, 2022",232.7,232.7,232.7,232.7,232.7,-
"Jan 13, 2023",168.95,168.95,168.95,168.95,168.95,-
"Dec 30, 2022",184.95,184.95,184.95,184.95,184.95,-
"Jan 19, 2021",68.6,68.6,68.6,68.6,68.6,-
"May 29, 2019",72.6,72.6,72.6,72.6,72.6,-
"Jul 11, 2021",76.6,76.6,76.6,76.6,76.6,-
"Jul 08, 2021",76.6,76.6,76.6,76.6,76.6,-
"May 23, 2021",76.6,76.6,76.6,76.6,76.6,-
"Dec 02, 2019",76.6,76.6,76.6,76.6,76.6,-
"Oct 06, 2019",76.6,76.6,76.6,76.6,76.6,-
"Apr 14, 2019",76.6,76.6,76.6,76.6,76.6,-
"Feb 19, 2019",76.6,76.6,76.6,76.6,76.6,-
"Feb 01, 2019",80.6,80.6,80.6,80.6,80.6,-
"Jun 21, 2023",112.6,112.6,112.6,112.6,112.6,-
"May 03, 2023",124.6,124.6,124.6,124.6,124.6,-
"Mar 16, 2023",129.2,129.2,129.2,129.2,129.2,-
"Oct 24, 2023",129.45,129.45,129.45,129.45,129.45,-
"Mar 18, 2020",64.85,64.85,64.85,64.85,64.85,-
"Jul 08, 2020",68.85,68.85,68.85,68.85,68.85,-
"Apr 26, 2021",72.85,72.85,72.85,72.85,72.85,-
"Oct 22, 2019",76.85,76.85,76.85,76.85,76.85,-
"Dec 23, 2022",185.7,185.7,185.7,185.7,185.7,-
"Oct 25, 2020",65.1,65.1,65.1,65.1,65.1,-
"Dec 27, 2019",73.1,73.1,73.1,73.1,73.1,-
"Dec 26, 2019",73.1,73.1,73.1,73.1,73.1,-
"Dec 24, 2019",73.1,73.1,73.1,73.1,73.1,-
"Mar 13, 2019",73.1,73.1,73.1,73.1,73.1,-
"Dec 03, 2019",77.1,77.1,77.1,77.1,77.1,-
"Oct 23, 2019",77.1,77.1,77.1,77.1,77.1,-
"Jul 07, 2019",77.1,77.1,77.1,77.1,77.1,-
"Apr 22, 2019",77.1,77.1,77.1,77.1,77.1,-
"Oct 04, 2022",260.65,260.65,260.65,260.65,260.65,-
"Sep 06, 2022",308.65,308.65,308.65,308.65,308.65,-
"Sep 29, 2022",277.15,277.15,277.15,277.15,277.15,-
"Aug 23, 2022",293.15,293.15,293.15,293.15,293.15,-
"Jun 01, 2020",65.35,65.35,65.35,65.35,65.35,-
"Jul 07, 2020",69.35,69.35,69.35,69.35,69.35,-
"Jun 30, 2020",69.35,69.35,69.35,69.35,69.35,-
"Jan 03, 2020",73.35,73.35,73.35,73.35,73.35,-
"Aug 07, 2019",73.35,73.35,73.35,73.35,73.35,-
"Jul 01, 2019",73.35,73.35,73.35,73.35,73.35,-
"Jul 13, 2021",77.35,77.35,77.35,77.35,77.35,-
"Jun 24, 2021",77.35,77.35,77.35,77.35,77.35,-
"Apr 21, 2019",77.35,77.35,77.35,77.35,77.35,-
"Apr 17, 2019",77.35,77.35,77.35,77.35,77.35,-
"Oct 25, 2023",130.95,130.95,130.95,130.95,130.95,-
"Feb 17, 2021",62.8,62.8,62.8,62.8,62.8,-
"Feb 09, 2021",65.6,65.6,65.6,65.6,65.6,-
"May 13, 2020",65.6,65.6,65.6,65.6,65.6,-
"Aug 05, 2019",73.6,73.6,73.6,73.6,73.6,-
"May 12, 2019",73.6,73.6,73.6,73.6,73.6,-
"Mar 26, 2019",73.6,73.6,73.6,73.6,73.6,-
"Nov 26, 2019",77.6,77.6,77.6,77.6,77.6,-
"Apr 15, 2019",77.6,77.6,77.6,77.6,77.6,-
"Apr 11, 2019",77.6,77.6,77.6,77.6,77.6,-
"Aug 04, 2021",81.6,81.6,81.6,81.6,81.6,-
"Apr 12, 2023",125.6,125.6,125.6,125.6,125.6,-
"Mar 06, 2023",125.6,125.6,125.6,125.6,125.6,-
"Feb 09, 2023",131.45,131.45,131.45,131.45,131.45,-
"Jun 03, 2020",65.85,65.85,65.85,65.85,65.85,-
"May 07, 2020",65.85,65.85,65.85,65.85,65.85,-
"May 06, 2020",65.85,65.85,65.85,65.85,65.85,-
"Apr 29, 2020",65.85,65.85,65.85,65.85,65.85,-
"Apr 15, 2020",65.85,65.85,65.85,65.85,65.85,-
"Apr 07, 2020",65.85,65.85,65.85,65.85,65.85,-
"Dec 22, 2020",69.85,69.85,69.85,69.85,69.85,-
"Jan 12, 2021",73.85,73.85,73.85,73.85,73.85,-
"Jul 15, 2021",77.85,77.85,77.85,77.85,77.85,-
"Oct 08, 2019",77.85,77.85,77.85,77.85,77.85,-
"Aug 18, 2021",81.85,81.85,81.85,81.85,81.85,-
"Sep 01, 2022",311.65,311.65,311.65,311.65,311.65,-
"Sep 10, 2019",74.1,74.1,74.1,74.1,74.1,-
"Jun 06, 2019",74.1,74.1,74.1,74.1,74.1,-
"Jul 18, 2019",78.1,78.1,78.1,78.1,78.1,-
"Apr 18, 2023",126.1,126.1,126.1,126.1,126.1,-
"Aug 17, 2022",281.15,281.15,281.15,281.15,281.15,-
"Oct 06, 2020",66.35,66.35,66.35,66.35,66.35,-
"Oct 05, 2020",66.35,66.35,66.35,66.35,66.35,-
"Sep 08, 2020",66.35,66.35,66.35,66.35,66.35,-
"Jun 15, 2020",66.35,66.35,66.35,66.35,66.35,-
"Jun 07, 2020",66.35,66.35,66.35,66.35,66.35,-
"Apr 16, 2020",66.35,66.35,66.35,66.35,66.35,-
"Mar 27, 2019",74.35,74.35,74.35,74.35,74.35,-
"Nov 21, 2019",78.35,78.35,78.35,78.35,78.35,-
"May 29, 2023",90.35,90.35,90.35,90.35,90.35,-
"Apr 17, 2022",196.7,196.7,196.7,196.7,196.7,-
"Sep 08, 2022",298.15,298.15,298.15,298.15,298.15,-
"Mar 08, 2020",66.6,66.6,66.6,66.6,66.6,-
"Aug 27, 2019",70.6,70.6,70.6,70.6,70.6,-
"Jan 08, 2020",74.6,74.6,74.6,74.6,74.6,-
"Dec 17, 2019",74.6,74.6,74.6,74.6,74.6,-
"Dec 16, 2019",74.6,74.6,74.6,74.6,74.6,-
"Dec 13, 2019",74.6,74.6,74.6,74.6,74.6,-
"Oct 20, 2019",78.6,78.6,78.6,78.6,78.6,-
"Apr 09, 2019",78.6,78.6,78.6,78.6,78.6,-
"Jun 12, 2022",197.45,197.45,197.45,197.45,197.45,-
"Aug 18, 2022",298.9,298.9,298.9,298.9,298.9,-
"Mar 15, 2020",66.85,66.85,66.85,66.85,66.85,-
"Aug 06, 2020",70.85,70.85,70.85,70.85,70.85,-
"Jul 15, 2020",70.85,70.85,70.85,70.85,70.85,-
"Sep 09, 2019",74.85,74.85,74.85,74.85,74.85,-
"Jul 29, 2019",74.85,74.85,74.85,74.85,74.85,-
"Jul 28, 2019",74.85,74.85,74.85,74.85,74.85,-
"Jul 15, 2019",74.85,74.85,74.85,74.85,74.85,-
"Jun 24, 2019",74.85,74.85,74.85,74.85,74.85,-
"May 06, 2019",74.85,74.85,74.85,74.85,74.85,-
"Feb 28, 2019",78.85,78.85,78.85,78.85,78.85,-
"Aug 09, 2021",82.85,82.85,82.85,82.85,82.85,-
"May 18, 2023",106.85,106.85,106.85,106.85,106.85,-
"Feb 03, 2023",149.95,149.95,149.95,149.95,149.95,-
"Jul 30, 2020",71.1,71.1,71.1,71.1,71.1,-
"Oct 02, 2019",75.1,75.1,75.1,75.1,75.1,-
"Oct 14, 2019",79.1,79.1,79.1,79.1,79.1,-
"Apr 24, 2023",134.2,134.2,134.2,134.2,134.2,-
"Dec 29, 2022",182.2,182.2,182.2,182.2,182.2,-
"Feb 25, 2021",67.35,67.35,67.35,67.35,67.35,-
"Feb 13, 2020",71.35,71.35,71.35,71.35,71.35,-
"Jan 23, 2020",71.35,71.35,71.35,71.35,71.35,-
"Aug 01, 2019",75.35,75.35,75.35,75.35,75.35,-
"Jul 17, 2019",75.35,75.35,75.35,75.35,75.35,-
"May 14, 2019",75.35,75.35,75.35,75.35,75.35,-
"Sep 13, 2020",67.6,67.6,67.6,67.6,67.6,-
"Jan 11, 2021",71.6,71.6,71.6,71.6,71.6,-
"Jun 04, 2019",71.6,71.6,71.6,71.6,71.6,-
"Jun 20, 2021",75.6,75.6,75.6,75.6,75.6,-
"Oct 03, 2019",75.6,75.6,75.6,75.6,75.6,-
"Jun 25, 2019",75.6,75.6,75.6,75.6,75.6,-
"Feb 04, 2019",79.55,79.6,79.55,79.6,79.6,-
"Sep 20, 2022",270.65,270.65,270.65,270.65,270.65,-
"Sep 27, 2020",67.85,67.85,67.85,67.85,67.85,-
"Jun 20, 2019",75.85,75.85,75.85,75.85,75.85,-
"Apr 01, 2019",75.85,75.85,75.85,75.85,75.85,-
"Jul 25, 2021",79.85,79.85,79.85,79.85,79.85,-
"Nov 17, 2021",95.85,95.85,95.85,95.85,95.85,-
"Sep 07, 2023",115.85,115.85,115.85,115.85,115.85,-
"Mar 22, 2023",128.05,128.05,128.05,128.05,128.05,-
"Aug 31, 2022",304.35,304.35,304.35,304.35,304.35,-
"Jan 29, 2021",68.15,68.15,68.15,68.15,68.15,-
"Aug 31, 2020",68.15,68.15,68.15,68.15,68.15,-
"Jun 24, 2020",68.15,68.15,68.15,68.15,68.15,-
"Jan 04, 2021",72.15,72.15,72.15,72.15,72.15,-
"Jun 05, 2019",72.15,72.15,72.15,72.15,72.15,-
"Oct 25, 2021",92.15,92.15,92.15,92.15,92.15,-
"May 23, 2023",100.15,100.15,100.15,100.15,100.15,-
"Aug 09, 2022",240.55,240.55,240.55,240.55,240.55,-
"Dec 03, 2020",64.4,64.4,64.4,64.4,64.4,-
"Dec 02, 2020",64.4,64.4,64.4,64.4,64.4,-
"May 21, 2020",64.4,64.4,64.4,64.4,64.4,-
"Feb 27, 2020",68.4,68.4,68.4,68.4,68.4,-
"Dec 30, 2019",72.4,72.4,72.4,72.4,72.4,-
"Aug 11, 2019",72.4,72.4,72.4,72.4,72.4,-
"Nov 11, 2019",76.4,76.4,76.4,76.4,76.4,-
"Jul 31, 2019",76.4,76.4,76.4,76.4,76.4,-
"Feb 26, 2019",76.4,76.4,76.4,76.4,76.4,-
"Jul 29, 2021",80.4,80.4,80.4,80.4,80.4,-
"Oct 04, 2023",116.4,116.4,116.4,116.4,116.4,-
"Aug 13, 2023",120.4,120.4,120.4,120.4,120.4,-
"Dec 05, 2022",258.1,258.1,258.1,258.1,258.1,-
"Apr 13, 2020",64.65,64.65,64.65,64.65,64.65,-
"Apr 02, 2020",64.65,64.65,64.65,64.65,64.65,-
"Aug 11, 2020",68.65,68.65,68.65,68.65,68.65,-
"Jul 09, 2020",68.65,68.65,68.65,68.65,68.65,-
"Jun 02, 2021",76.65,76.65,76.65,76.65,76.65,-
"May 26, 2021",76.65,76.65,76.65,76.65,76.65,-
"May 05, 2019",76.65,76.65,76.65,76.65,76.65,-
"May 02, 2019",76.65,76.65,76.65,76.65,76.65,-
"Feb 15, 2019",76.65,76.65,76.65,76.65,76.65,-
"Jan 14, 2022",96.65,96.65,96.65,96.65,96.65,-
"Jun 04, 2023",104.65,104.65,104.65,104.65,104.65,-
"Aug 07, 2023",120.65,120.65,120.65,120.65,120.65,-
"Nov 10, 2023",124.65,124.65,124.65,124.65,124.65,-
"Oct 08, 2023",124.65,124.65,124.65,124.65,124.65,-
"Mar 19, 2023",124.65,124.65,124.65,124.65,124.65,-
"Mar 13, 2023",137.3,137.3,137.3,137.3,137.3,-
"Sep 05, 2022",322.85,322.85,322.85,322.85,322.85,-
"Jun 25, 2020",68.9,68.9,68.9,68.9,68.9,-
"Jun 11, 2019",72.9,72.9,72.9,72.9,72.9,-
"Jul 23, 2019",76.9,76.9,76.9,76.9,76.9,-
"Jul 27, 2023",112.9,112.9,112.9,112.9,112.9,-
"Aug 09, 2023",120.9,120.9,120.9,120.9,120.9,-
"Apr 03, 2022",162.05,162.05,162.05,162.05,162.05,-
"Aug 12, 2019",73.15,73.15,73.15,73.15,73.15,-
"Jun 12, 2019",73.15,73.15,73.15,73.15,73.15,-
"Apr 08, 2019",81.15,81.15,81.15,81.15,81.15,-
"Nov 12, 2021",89.15,89.15,89.15,89.15,89.15,-
"Feb 15, 2022",105.15,105.15,105.15,105.15,105.15,-
"May 12, 2020",65.4,65.4,65.4,65.4,65.4,-
"May 11, 2020",65.4,65.4,65.4,65.4,65.4,-
"Nov 19, 2019",77.4,77.4,77.4,77.4,77.4,-
"Sep 26, 2023",125.4,125.4,125.4,125.4,125.4,-
"Oct 02, 2022",278.35,278.35,278.35,278.35,278.35,-
"Feb 22, 2021",65.65,65.65,65.65,65.65,65.65,-
"Dec 07, 2020",65.65,65.65,65.65,65.65,65.65,-
"Oct 12, 2020",65.65,65.65,65.65,65.65,65.65,-
"May 04, 2020",65.65,65.65,65.65,65.65,65.65,-
"Apr 28, 2020",65.65,65.65,65.65,65.65,65.65,-
"Apr 26, 2020",65.65,65.65,65.65,65.65,65.65,-
"Jul 01, 2020",69.6,69.65,69.6,69.65,69.65,-
"Oct 21, 2019",77.65,77.65,77.65,77.65,77.65,-
"Mar 01, 2019",77.65,77.65,77.65,77.65,77.65,-
"Jan 06, 2023",171.3,171.3,171.3,171.3,171.3,-
"Feb 03, 2021",62.95,62.95,62.95,62.95,62.95,-
"Mar 23, 2020",65.9,65.9,65.9,65.9,65.9,-
"Sep 05, 2019",73.9,73.9,73.9,73.9,73.9,-
"May 01, 2019",73.9,73.9,73.9,73.9,73.9,-
"Sep 18, 2019",77.9,77.9,77.9,77.9,77.9,-
"Jun 14, 2023",113.9,113.9,113.9,113.9,113.9,-
"Oct 13, 2020",66.15,66.15,66.15,66.15,66.15,-
"Jul 13, 2020",70.15,70.15,70.15,70.15,70.15,-
"May 30, 2019",74.15,74.15,71.85,71.85,71.85,-
"Apr 25, 2019",74.15,74.15,74.15,74.15,74.15,-
"Oct 15, 2019",78.15,78.15,78.15,78.15,78.15,-
"Apr 16, 2019",78.15,78.15,78.15,78.15,78.15,-
"Jun 05, 2023",98.15,98.15,98.15,98.15,98.15,-
"May 17, 2023",102.15,102.15,102.15,102.15,102.15,-
"Jan 21, 2022",106.15,106.15,106.15,106.15,106.15,-
"Jun 02, 2022",212.3,212.3,212.3,212.3,212.3,-
"Jun 01, 2022",212.3,212.3,212.3,212.3,212.3,-
"Oct 19, 2020",66.4,66.4,66.4,66.4,66.4,-
"Oct 07, 2020",66.4,66.4,66.4,66.4,66.4,-
"Aug 24, 2020",66.4,66.4,66.4,66.4,66.4,-
"Jun 18, 2020",66.4,66.4,66.4,66.4,66.4,-
"Apr 19, 2020",66.4,66.4,66.4,66.4,66.4,-
"May 22, 2019",74.4,74.4,74.4,74.4,74.4,-
"Nov 11, 2021",90.4,90.4,90.4,90.4,90.4,-
"May 22, 2023",102.4,102.4,102.4,102.4,102.4,-
"Jul 18, 2023",106.4,106.4,106.4,106.4,106.4,-
"Nov 21, 2023",122.4,122.4,122.4,122.4,122.4,-
"Apr 16, 2023",122.4,122.4,122.4,122.4,122.4,-
"Jan 19, 2023",180.8,180.8,180.8,180.8,180.8,-
"Oct 03, 2022",265.85,265.85,265.85,265.85,265.85,-
"Aug 25, 2022",298.1,298.1,298.1,298.1,298.1,-
"Sep 07, 2020",66.65,66.65,66.65,66.65,66.65,-
"Jun 09, 2020",66.65,66.65,66.65,66.65,66.65,-
"Jan 30, 2020",70.65,70.65,70.65,70.65,70.65,-
"Aug 20, 2019",70.65,70.65,70.65,70.65,70.65,-
"Oct 29, 2019",74.65,74.65,74.65,74.65,74.65,-
"Aug 05, 2021",82.65,82.65,82.65,82.65,82.65,-
"Aug 06, 2023",118.65,118.65,118.65,118.65,118.65,-
"Nov 09, 2023",126.65,126.65,126.65,126.65,126.65,-
"Mar 11, 2022",157.55,157.55,157.55,157.55,157.55,-
"Mar 12, 2020",66.9,66.9,66.9,66.9,66.9,-
"Jul 23, 2020",70.9,70.9,70.9,70.9,70.9,-
"Jul 30, 2019",74.9,74.9,74.9,74.9,74.9,-
"May 16, 2023",106.9,106.9,106.9,106.9,106.9,-
"Jul 28, 2022",253.8,253.8,253.8,253.8,253.8,-
"Aug 29, 2022",284.35,284.35,284.35,284.35,284.35,-
"Aug 26, 2020",67.15,67.15,67.15,67.15,67.15,-
"Mar 10, 2020",67.15,67.15,67.15,67.15,67.15,-
"Aug 02, 2020",71.15,71.15,71.15,71.15,71.15,-
"Oct 30, 2019",75.15,75.15,75.15,75.15,75.15,-
"Sep 12, 2019",75.15,75.15,75.15,75.15,75.15,-
"Feb 22, 2019",75.15,75.15,75.15,75.15,75.15,-
"May 30, 2023",91.15,91.15,91.15,91.15,91.15,-
"Jun 15, 2023",111.15,111.15,111.15,111.15,111.15,-
"Nov 15, 2023",123.15,123.15,123.15,123.15,123.15,-
"Oct 30, 2023",123.15,123.15,123.15,123.15,123.15,-
"Sep 28, 2020",67.4,67.4,67.4,67.4,67.4,-
"Sep 21, 2020",67.4,67.4,67.4,67.4,67.4,-
"Oct 31, 2019",75.4,75.4,75.4,75.4,75.4,-
"Sep 01, 2020",67.65,67.65,67.65,67.65,67.65,-
"Feb 04, 2020",71.65,71.65,71.65,71.65,71.65,-
"Jun 17, 2019",71.65,71.65,71.65,71.65,71.65,-
"Jun 23, 2019",75.65,75.65,75.65,75.65,75.65,-
"Feb 25, 2019",75.65,75.65,75.65,75.65,75.65,-
"Jan 04, 2022",87.65,87.65,87.65,87.65,87.65,-
"Jan 20, 2022",103.65,103.65,103.65,103.65,103.65,-
"Jan 18, 2022",107.65,107.65,107.65,107.65,107.65,-
"Jun 16, 2022",207.3,207.3,207.3,207.3,207.3,-
"Mar 16, 2022",143.55,143.55,143.55,143.55,143.55,-
"Sep 13, 2022",303.35,303.35,303.35,303.35,303.35,-
"Nov 19, 2020",59.95,59.95,59.95,59.95,59.95,-
"Feb 18, 2021",63.95,63.95,63.95,63.95,63.95,-
"Dec 18, 2020",67.9,67.9,67.9,67.9,67.9,-
"Dec 14, 2020",67.9,67.9,67.9,67.9,67.9,-
"Aug 16, 2020",67.9,67.9,67.9,67.9,67.9,-
"Apr 25, 2021",71.9,71.9,71.9,71.9,71.9,-
"Jan 08, 2021",71.9,71.9,71.9,71.9,71.9,-
"Jan 29, 2020",71.9,71.9,71.9,71.9,71.9,-
"Jan 27, 2020",71.9,71.9,71.9,71.9,71.9,-
"Aug 28, 2019",71.9,71.9,71.9,71.9,71.9,-
"Oct 27, 2019",75.85,75.9,75.85,75.9,75.9,-
"May 07, 2019",75.9,75.9,75.9,75.9,75.9,-
"Oct 10, 2019",79.9,79.9,79.9,79.9,79.9,-
"Oct 01, 2023",123.9,123.9,123.9,123.9,123.9,-
"Mar 07, 2023",127.9,127.9,127.9,127.9,127.9,-
"May 01, 2023",136.15,136.15,136.15,136.15,136.15,-
"Mar 03, 2021",68.2,68.2,68.2,68.2,68.2,-
"Aug 17, 2020",68.2,68.2,68.2,68.2,68.2,-
"Mar 12, 2019",72.2,72.2,72.2,72.2,72.2,-
"Nov 05, 2019",76.2,76.2,76.2,76.2,76.2,-
"Jul 04, 2019",76.2,76.2,76.2,76.2,76.2,-
"May 20, 2019",76.2,76.2,76.2,76.2,76.2,-
"Dec 27, 2021",104.2,104.2,104.2,104.2,104.2,-
"Dec 23, 2021",104.2,104.2,104.2,104.2,104.2,-
"Dec 21, 2021",104.2,104.2,104.2,104.2,104.2,-
"Mar 30, 2022",160.4,160.4,160.4,160.4,160.4,-
"Jan 18, 2023",176.65,176.65,176.65,176.65,176.65,-
"Oct 27, 2020",64.45,64.45,64.45,64.45,64.45,-
"Apr 01, 2020",64.45,64.45,64.45,64.45,64.45,-
"Mar 30, 2020",64.45,64.45,64.45,64.45,64.45,-
"Jan 20, 2021",68.45,68.45,68.45,68.45,68.45,-
"Feb 28, 2020",68.45,68.45,68.45,68.45,68.45,-
"Jul 11, 2019",76.45,76.45,76.45,76.45,76.45,-
"Jun 07, 2023",104.45,104.45,104.45,104.45,104.45,-
"Feb 08, 2023",136.9,136.9,136.9,136.9,136.9,-
"Dec 19, 2022",200.9,200.9,200.9,200.9,200.9,-
"Oct 23, 2022",233.15,233.15,233.15,233.15,233.15,-
"Nov 25, 2020",62.35,62.35,62.35,62.35,62.35,-
"Mar 02, 2021",68.7,68.7,68.7,68.7,68.7,-
"Aug 12, 2020",68.7,68.7,68.7,68.7,68.7,-
"Apr 21, 2021",72.7,72.7,72.7,72.7,72.7,-
"Jan 28, 2020",72.7,72.7,72.7,72.7,72.7,-
"Jun 27, 2021",76.7,76.7,76.7,76.7,76.7,-
"Dec 04, 2019",76.7,76.7,76.7,76.7,76.7,-
"Nov 04, 2019",76.7,76.7,76.7,76.7,76.7,-
"Jun 01, 2023",92.7,92.7,92.7,92.7,92.7,-
"Dec 28, 2021",100.7,100.7,100.7,100.7,100.7,-
"Nov 08, 2023",124.7,124.7,124.7,124.7,124.7,-
"Apr 11, 2023",129.4,129.4,129.4,129.4,129.4,-
"May 24, 2022",217.4,217.4,217.4,217.4,217.4,-
"Dec 07, 2022",259.05,259.05,259.05,259.05,259.05,-
"Oct 27, 2022",225.65,225.65,225.65,225.65,225.65,-
"May 18, 2020",64.95,64.95,64.95,64.95,64.95,-
"Mar 19, 2020",64.95,64.95,64.95,64.95,64.95,-
"Mar 04, 2020",68.95,68.95,68.95,68.95,68.95,-
"Aug 06, 2019",72.95,72.95,72.95,72.95,72.95,-
"May 27, 2021",76.95,76.95,76.95,76.95,76.95,-
"Nov 18, 2019",76.95,76.95,76.95,76.95,76.95,-
"Sep 22, 2019",76.95,76.95,76.95,76.95,76.95,-
"Sep 17, 2019",76.95,76.95,76.95,76.95,76.95,-
"Feb 13, 2019",76.95,76.95,76.95,76.95,76.95,-
"May 14, 2020",65.2,65.2,65.2,65.2,65.2,-
"Apr 30, 2020",65.2,65.2,65.2,65.2,65.2,-
"Dec 21, 2020",69.2,69.2,69.2,69.2,69.2,-
"Mar 25, 2019",73.2,73.2,73.2,73.2,73.2,-
"Jul 14, 2021",77.2,77.2,77.2,77.2,77.2,-
"Nov 08, 2019",77.2,77.2,77.2,77.2,77.2,-
"Sep 16, 2019",77.2,77.2,77.2,77.2,77.2,-
"Apr 03, 2019",77.2,77.2,77.2,77.2,77.2,-
"Apr 27, 2020",65.45,65.45,65.45,65.45,65.45,-
"Apr 05, 2020",65.45,65.45,65.45,65.45,65.45,-
"May 03, 2021",73.45,73.45,73.45,73.45,73.45,-
"Sep 08, 2019",73.45,73.45,73.45,73.45,73.45,-
"Nov 07, 2019",77.45,77.45,77.45,77.45,77.45,-
"Aug 24, 2021",85.45,85.45,85.45,85.45,85.45,-
"Feb 01, 2022",109.45,109.45,109.45,109.45,109.45,-
"Aug 02, 2022",242.9,242.9,242.9,242.9,242.9,-
"Feb 23, 2023",155.15,155.15,155.15,155.15,155.15,-
"May 15, 2022",219.15,219.15,219.15,219.15,219.15,-
"Oct 01, 2020",65.7,65.7,65.7,65.7,65.7,-
"Apr 21, 2020",65.7,65.7,65.7,65.7,65.7,-
"Apr 11, 2021",69.7,69.7,69.7,69.7,69.7,-
"Mar 18, 2021",69.7,69.7,69.7,69.7,69.7,-
"Feb 21, 2020",69.7,69.7,69.7,69.7,69.7,-
"Jan 15, 2020",73.7,73.7,73.7,73.7,73.7,-
"Feb 27, 2019",77.7,77.7,77.7,77.7,77.7,-
"Feb 05, 2019",77.7,77.7,77.7,77.7,77.7,-
"Jan 17, 2023",171.4,171.4,171.4,171.4,171.4,-
"Oct 31, 2022",211.4,211.4,211.4,211.4,211.4,-
"Oct 14, 2020",65.95,65.95,65.95,65.95,65.95,-
"Apr 22, 2020",65.95,65.95,65.95,65.95,65.95,-
"Jul 05, 2020",69.95,69.95,69.95,69.95,69.95,-
"Nov 22, 2019",77.95,77.95,77.95,77.95,77.95,-
"Sep 15, 2019",77.95,77.95,77.95,77.95,77.95,-
"Apr 13, 2023",121.95,121.95,121.95,121.95,121.95,-
"Oct 13, 2022",243.9,243.9,243.9,243.9,243.9,-
"Feb 14, 2023",140.15,140.15,140.15,140.15,140.15,-
"Nov 28, 2022",236.15,236.15,236.15,236.15,236.15,-
"Aug 25, 2020",66.2,66.2,66.2,66.2,66.2,-
"Aug 23, 2020",66.2,66.2,66.2,66.2,66.2,-
"May 10, 2020",66.2,66.2,66.2,66.2,66.2,-
"Apr 06, 2020",66.2,66.2,66.2,66.2,66.2,-
"Apr 12, 2021",70.2,70.2,70.2,70.2,70.2,-
"Apr 06, 2021",70.2,70.2,70.2,70.2,70.2,-
"Feb 11, 2020",70.2,70.2,70.2,70.2,70.2,-
"Dec 20, 2019",74.2,74.2,74.2,74.2,74.2,-
"Sep 29, 2019",74.2,74.2,74.2,74.2,74.2,-
"Jun 19, 2019",74.2,74.2,74.2,74.2,74.2,-
"Nov 14, 2019",78.2,78.2,78.2,78.2,78.2,-
"Apr 10, 2019",78.2,78.2,78.2,78.2,78.2,-
"Jul 06, 2023",114.2,114.2,114.2,114.2,114.2,-
"Apr 25, 2023",132.4,132.4,132.4,132.4,132.4,-
"Apr 20, 2023",132.65,132.65,132.65,132.65,132.65,-
"Mar 14, 2023",132.65,132.65,132.65,132.65,132.65,-
"Mar 09, 2023",132.65,132.65,132.65,132.65,132.65,-
"Oct 21, 2020",66.45,66.45,66.45,66.45,66.45,-
"Oct 08, 2020",66.45,66.45,66.45,66.45,66.45,-
"Mar 24, 2020",66.45,66.45,66.45,66.45,66.45,-
"Jan 07, 2021",70.45,70.45,70.45,70.45,70.45,-
"Dec 23, 2020",70.45,70.45,70.45,70.45,70.45,-
"Jul 26, 2020",70.45,70.45,70.45,70.45,70.45,-
"Jun 09, 2019",74.45,74.45,74.45,74.45,74.45,-
"May 27, 2019",74.45,74.45,74.45,74.45,74.45,-
"Jul 18, 2021",78.45,78.45,78.45,78.45,78.45,-
"Oct 16, 2019",78.45,78.45,78.45,78.45,78.45,-
"Oct 09, 2019",78.45,78.45,78.45,78.45,78.45,-
"Jan 03, 2022",86.45,86.45,86.45,86.45,86.45,-
"Oct 05, 2023",118.45,118.45,118.45,118.45,118.45,-
"Jun 08, 2020",66.7,66.7,66.7,66.7,66.7,-
"Jun 04, 2020",66.7,66.7,66.7,66.7,66.7,-
"Apr 04, 2021",70.7,70.7,70.7,70.7,70.7,-
"Mar 31, 2021",70.7,70.7,70.7,70.7,70.7,-
"Jul 27, 2020",70.7,70.7,70.7,70.7,70.7,-
"Sep 03, 2019",70.7,70.7,70.7,70.7,70.7,-
"Aug 19, 2019",70.7,70.7,70.7,70.7,70.7,-
"Jan 07, 2020",74.7,74.7,74.7,74.7,74.7,-
"May 09, 2019",74.7,74.7,74.7,74.7,74.7,-
"Mar 04, 2019",78.7,78.7,78.7,78.7,78.7,-
"Jun 06, 2023",102.7,102.7,102.7,102.7,102.7,-
"Dec 16, 2022",205.4,205.4,205.4,205.4,205.4,-
"Mar 20, 2023",133.65,133.65,133.65,133.65,133.65,-
"Nov 23, 2022",229.65,229.65,229.65,229.65,229.65,-
"Oct 18, 2020",66.95,66.95,66.95,66.95,66.95,-
"Sep 20, 2020",66.95,66.95,66.95,66.95,66.95,-
"Dec 30, 2020",70.95,70.95,70.95,70.95,70.95,-
"Aug 05, 2020",70.95,70.95,70.95,70.95,70.95,-
"Jan 17, 2020",70.95,70.95,70.95,70.95,70.95,-
"Aug 25, 2019",70.95,70.95,70.95,70.95,70.95,-
"Aug 22, 2019",70.95,70.95,70.95,70.95,70.95,-
"Aug 21, 2019",70.95,70.95,70.95,70.95,70.95,-
"Dec 19, 2019",74.95,74.95,74.95,74.95,74.95,-
"Dec 09, 2019",74.95,74.95,74.95,74.95,74.95,-
"Oct 01, 2019",74.95,74.95,74.95,74.95,74.95,-
"Sep 24, 2019",74.95,74.95,74.95,74.95,74.95,-
"Apr 29, 2019",74.95,74.95,74.95,74.95,74.95,-
"Mar 28, 2019",74.95,74.95,74.95,74.95,74.95,-
"Mar 06, 2019",74.95,74.95,74.95,74.95,74.95,-
"Apr 26, 2023",133.9,133.9,133.9,133.9,133.9,-
"Mar 30, 2023",141.9,141.9,141.9,141.9,141.9,-
"Apr 09, 2023",133.5,134.15,133.5,134.15,134.15,-
"Apr 05, 2023",134.15,134.15,134.15,134.15,134.15,-
"Mar 15, 2023",134.15,134.15,134.15,134.15,134.15,-
"Nov 02, 2020",61.6,61.6,61.6,61.6,61.6,-
"Sep 30, 2020",67.2,67.2,67.2,67.2,67.2,-
"Jul 29, 2020",71.2,71.2,71.2,71.2,71.2,-
"May 06, 2021",75.2,75.2,75.2,75.2,75.2,-
"Sep 25, 2019",75.2,75.2,75.2,75.2,75.2,-
"May 13, 2019",75.2,75.2,75.2,75.2,75.2,-
"Feb 11, 2019",75.2,75.2,75.2,75.2,75.2,-
"Dec 16, 2020",67.45,67.45,67.45,67.45,67.45,-
"Sep 02, 2020",67.45,67.45,67.45,67.45,67.45,-
"Jul 22, 2020",71.45,71.45,71.45,71.45,71.45,-
"Jul 14, 2020",71.45,71.45,71.45,71.45,71.45,-
"Jan 24, 2020",71.45,71.45,71.45,71.45,71.45,-
"Jan 21, 2020",71.45,71.45,71.45,71.45,71.45,-
"Mar 14, 2019",71.45,71.45,71.45,71.45,71.45,-
"Aug 12, 2021",83.45,83.45,83.45,83.45,83.45,-
"Oct 24, 2021",95.45,95.45,95.45,95.45,95.45,-
"Nov 09, 2020",59.85,59.85,59.85,59.85,59.85,-
"Nov 03, 2020",61.85,61.85,61.85,61.85,61.85,-
"Feb 04, 2021",63.85,63.85,63.85,63.85,63.85,-
"Aug 18, 2020",67.7,67.7,67.7,67.7,67.7,-
"Feb 14, 2020",71.7,71.7,71.7,71.7,71.7,-
"Mar 21, 2019",71.7,71.7,71.7,71.7,71.7,-
"Dec 12, 2019",75.7,75.7,75.7,75.7,75.7,-
"Jul 08, 2019",75.7,75.7,75.7,75.7,75.7,-
"Feb 17, 2023",143.65,143.65,143.65,143.65,143.65,-
"Dec 15, 2020",67.95,67.95,67.95,67.95,67.95,-
"Feb 05, 2020",71.95,71.95,71.95,71.95,71.95,-
"May 12, 2021",75.95,75.95,75.95,75.95,75.95,-
"Jul 13, 2023",95.95,95.95,95.95,95.95,95.95,-
"Sep 21, 2023",123.95,123.95,123.95,123.95,123.95,-
"Jul 17, 2023",104.25,104.25,104.25,104.25,104.25,1
"Jul 19, 2023",112.25,112.25,112.25,112.25,112.25,1
"Feb 01, 2021",64.5,64.5,64.5,64.5,64.5,1
"Feb 14, 2022",104.5,104.5,104.5,104.5,104.5,1
"Jun 14, 2022",209,209,209,209,209,1
"Dec 08, 2022",249.5,249.5,249.5,249.5,249.5,1
"Apr 08, 2021",69,69,69,69,69,1
"Jun 13, 2021",77,77,77,77,77,1
"Sep 18, 2023",125.25,125.25,125.25,125.25,125.25,1
"Nov 24, 2021",109.5,109.5,109.5,109.5,109.5,1
"Aug 03, 2023",113.5,113.5,113.5,113.5,113.5,1
"Aug 14, 2022",262.5,262.5,262.5,262.5,262.5,1
"Mar 22, 2022",163.5,163.5,163.5,163.5,163.5,1
"Mar 09, 2022",163.5,163.5,163.5,163.5,163.5,1
"Oct 04, 2020",66,66,66,66,66,1
"Jan 31, 2022",110,110,110,110,110,1
"Jul 30, 2023",114,114,114,114,114,1
"Jun 27, 2023",114,114,114,114,114,1
"Aug 31, 2023",118.25,118.25,118.25,118.25,118.25,1
"Nov 14, 2022",188.75,188.75,188.75,188.75,188.75,1
"Jul 06, 2021",74.5,74.5,74.5,74.5,74.5,1
"Jul 24, 2023",126.5,126.5,126.5,126.5,126.5,1
"Nov 03, 2022",205,205,205,205,205,1
"Aug 21, 2022",299.25,299.25,299.25,299.25,299.25,1
"Aug 20, 2023",127.25,127.25,127.25,127.25,127.25,1
"Aug 04, 2022",207.25,207.25,207.25,207.25,207.25,1
"Jul 31, 2022",247.25,247.25,247.25,247.25,247.25,1
"Aug 24, 2023",123.75,123.75,123.75,123.75,123.75,1
"Nov 26, 2021",104.3,104.3,104.3,104.3,104.3,1
"Jul 07, 2022",241.1,241.1,241.1,241.1,241.1,1
"May 25, 2022",209.35,209.35,209.35,209.35,209.35,1
"Sep 20, 2021",92.8,92.8,92.8,92.8,92.8,1
"Dec 13, 2021",104.8,104.8,104.8,104.8,104.8,1
"Nov 17, 2022",195.85,195.85,195.85,195.85,195.85,1
"Nov 08, 2021",90.3,90.3,90.3,90.3,90.3,1
"Mar 29, 2021",70.55,70.55,70.55,70.55,70.55,1
"Jul 05, 2021",74.55,74.55,74.55,74.55,74.55,1
"Jul 31, 2023",111.05,111.05,111.05,111.05,111.05,1
"Nov 29, 2021",95.55,95.55,95.55,95.55,95.55,1
"Dec 29, 2021",87.8,87.8,87.8,87.8,87.8,1
"Sep 09, 2021",95.8,95.8,95.8,95.8,95.8,1
"Jul 20, 2020",72.1,72.1,72.1,72.1,72.1,1
"Jun 05, 2022",217.45,217.45,217.45,217.45,217.45,1
"Oct 28, 2020",62.55,62.55,62.55,62.55,62.55,1
"Feb 02, 2021",65.1,65.1,65.1,65.1,65.1,1
"Jan 06, 2021",69.1,69.1,69.1,69.1,69.1,1
"May 11, 2021",77.1,77.1,77.1,77.1,77.1,1
"Mar 28, 2021",70.85,70.85,70.85,70.85,70.85,1
"Feb 06, 2020",70.85,70.85,70.85,70.85,70.85,1
"Sep 01, 2021",91.35,91.35,91.35,91.35,91.35,1
"May 19, 2022",238.7,238.7,238.7,238.7,238.7,1
"Jan 13, 2020",75.6,75.6,75.6,75.6,75.6,1
"Jun 06, 2021",75.85,75.85,75.85,75.85,75.85,1
"Jul 26, 2023",120.65,120.65,120.65,120.65,120.65,1
"Mar 17, 2022",145.8,145.8,145.8,145.8,145.8,1
"May 11, 2022",219.05,219.05,219.05,219.05,219.05,1
"May 10, 2023",113.9,113.9,113.9,113.9,113.9,1
"Apr 04, 2022",180.3,180.3,180.3,180.3,180.3,1
"Jun 22, 2023",110.4,110.4,110.4,110.4,110.4,1
"Jun 19, 2023",114.4,114.4,114.4,114.4,114.4,1
"Jul 19, 2021",78.65,78.65,78.65,78.65,78.65,1
"Aug 01, 2023",110.9,110.9,110.9,110.9,110.9,1
"Apr 10, 2023",127.4,127.4,127.4,127.4,127.4,1
"Nov 19, 2021",99.65,99.65,99.65,99.65,99.65,1
"Oct 03, 2021",111.9,111.9,111.9,111.9,111.9,1
"Mar 21, 2022",151.8,151.8,151.8,151.8,151.8,1
"May 10, 2021",76.2,76.2,76.2,76.2,76.2,1
"Apr 07, 2021",68.7,68.7,68.7,68.7,68.7,1
"Jan 13, 2021",72.7,72.7,72.7,72.7,72.7,1
"Oct 09, 2022",234.9,234.9,234.9,234.9,234.9,1
"May 04, 2021",74.2,74.2,74.2,74.2,74.2,1
"Dec 15, 2022",221.15,221.15,221.15,221.15,221.15,1
"Jul 21, 2021",78.95,78.95,78.95,78.95,78.95,1
"Mar 04, 2022",158.15,158.15,158.15,158.15,158.15,1
"Nov 17, 2020",61.6,61.6,61.6,61.6,61.6,1
"Aug 10, 2022",238.4,238.4,238.4,238.4,238.4,1
"Jul 05, 2023",115.95,115.95,115.95,115.95,115.95,1
"Nov 09, 2021",63.5,92,63.5,90.25,90.25,2
"Feb 03, 2022",108.25,108.25,108.25,108.25,108.25,2
"Jan 05, 2022",92.5,92.5,92.5,92.5,92.5,2
"Jun 28, 2021",76.75,76.75,76.75,76.75,76.75,2
"Sep 14, 2023",124.75,124.75,124.75,124.75,124.75,2
"Feb 09, 2022",109,109,109,109,109,2
"Nov 21, 2022",218,218,218,218,218,2
"Jul 20, 2022",234.5,234.5,234.5,234.5,234.5,2
"Dec 31, 2021",85.5,85.5,85.5,85.5,85.5,2
"Feb 04, 2022",109.75,109.75,109.75,109.75,109.75,2
"Oct 16, 2022",243.5,243.5,243.5,243.5,243.5,2
"Feb 08, 2022",106,106,106,106,106,2
"Oct 26, 2022",220.75,220.75,220.75,220.75,220.75,2
"Nov 20, 2020",59.25,59.25,59.25,59.25,59.25,2
"Jul 10, 2022",246,246,246,246,246,2
"Dec 21, 2022",191.25,191.25,191.25,191.25,191.25,2
"Dec 30, 2021",83.75,83.75,83.75,83.75,83.75,2
"Feb 05, 2021",64.05,64.05,64.05,64.05,64.05,2
"Sep 15, 2022",289.2,289.2,289.2,289.2,289.2,2
"Feb 12, 2021",64.8,64.8,64.8,64.8,64.8,2
"Nov 04, 2021",92.8,92.8,92.8,92.8,92.8,2
"Nov 10, 2022",185.85,185.85,185.85,185.85,185.85,2
"Aug 25, 2021",85.55,85.55,85.55,85.55,85.55,2
"Nov 25, 2022",227.35,227.35,227.35,227.35,227.35,2
"Dec 08, 2020",66.05,66.05,66.05,66.05,66.05,2
"Jun 09, 2022",196.1,196.1,196.1,196.1,196.1,2
"Jun 27, 2022",213.6,213.6,213.6,213.6,213.6,2
"Oct 12, 2021",98.15,99.05,98.15,99.05,99.05,2
"Nov 23, 2021",107.8,107.8,107.8,107.8,107.8,2
"Dec 02, 2021",96.1,96.1,96.1,96.1,96.1,2
"Oct 28, 2021",84.35,84.35,84.35,84.35,84.35,2
"Oct 11, 2022",259.65,259.65,259.65,259.65,259.65,2
"Oct 06, 2021",97.6,97.6,97.6,97.6,97.6,2
"Jun 08, 2022",203.45,203.45,203.45,203.45,203.45,2
"Feb 23, 2021",66.1,66.1,66.1,66.1,66.1,2
"Oct 27, 2021",86.35,86.35,86.35,86.35,86.35,2
"Nov 22, 2021",102.35,102.35,102.35,102.35,102.35,2
"Dec 10, 2021",106.35,106.35,106.35,106.35,106.35,2
"Mar 25, 2021",70.85,70.85,70.85,70.85,70.85,2
"Jan 19, 2022",107.1,107.1,107.1,107.1,107.1,2
"Jul 09, 2023",107.35,107.35,107.35,107.35,107.35,2
"Jan 21, 2021",67.6,67.6,67.6,67.6,67.6,2
"Jul 13, 2022",247.7,247.7,247.7,247.7,247.7,2
"Nov 30, 2020",64.4,64.4,64.4,64.4,64.4,2
"Feb 10, 2021",64.9,64.9,64.9,64.9,64.9,2
"Jul 23, 2023",120.9,120.9,120.9,120.9,120.9,2
"Apr 20, 2021",73.15,73.15,73.15,73.15,73.15,2
"Jul 03, 2023",117.65,117.65,117.65,117.65,117.65,2
"May 25, 2023",95.15,95.15,95.15,95.15,95.15,2
"Jun 07, 2021",75.9,75.9,75.9,75.9,75.9,2
"Aug 03, 2022",224.15,224.15,224.15,224.15,224.15,2
"Oct 12, 2022",240.9,240.9,240.9,240.9,240.9,2
"Dec 22, 2022",188.65,188.65,188.65,188.65,188.65,2
"Aug 08, 2023",122.95,122.95,122.95,122.95,122.95,2
"Jul 12, 2022",246.65,246.65,246.65,246.65,246.65,2
"Feb 02, 2022",108.5,108.5,108.5,108.5,108.5,3
"Jul 24, 2022",252.25,252.25,252.25,252.25,252.25,3
"Aug 01, 2022",246,246,246,246,246,3
"Jul 05, 2022",230.5,230.5,230.5,230.5,230.5,3
"Nov 09, 2022",174.75,174.75,174.75,174.75,174.75,3
"Oct 17, 2022",239.25,239.25,239.25,239.25,239.25,3
"May 18, 2021",74.05,74.05,74.05,74.05,74.05,3
"Mar 05, 2021",67.05,67.05,67.05,67.05,67.05,3
"Oct 05, 2021",99.05,99.05,99.05,99.05,99.05,3
"Feb 28, 2022",128.95,128.95,128.95,128.95,128.95,3
"Mar 01, 2022",168.95,168.95,168.95,168.95,168.95,3
"Jul 19, 2022",235.95,235.95,235.95,235.95,235.95,3
"Nov 03, 2021",91.35,91.35,91.35,91.35,91.35,3
"Sep 14, 2022",301.65,301.65,301.65,301.65,301.65,3
"May 14, 2023",108.65,108.65,108.65,108.65,108.65,3
"Apr 28, 2021",72.9,72.9,72.9,72.9,72.9,3
"Nov 02, 2021",90.15,90.15,90.15,90.15,90.15,3
"Aug 31, 2021",62.6,90.65,62.6,90.65,90.65,3
"Sep 26, 2022",267.35,267.35,267.35,267.35,267.35,3
"Sep 27, 2022",269.85,269.85,269.85,269.85,269.85,3
"May 18, 2022",231.3,231.3,231.3,231.3,231.3,3
"Jan 11, 2022",85.45,85.45,85.45,85.45,85.45,3
"Dec 04, 2020",65.7,65.7,65.7,65.7,65.7,3
"May 09, 2023",117.7,117.7,117.7,117.7,117.7,3
"Nov 11, 2022",180.4,180.4,180.4,180.4,180.4,3
"Jul 20, 2021",80,80,80,80,80,4
"Dec 17, 2021",104,104,104,104,104,4
"May 31, 2021",77,77,77,77,77,4
"May 22, 2022",226.75,226.75,226.75,226.75,226.75,4
"Jun 29, 2021",77.75,77.75,77.75,77.75,77.75,4
"Feb 07, 2022",106.75,106.75,106.75,106.75,106.75,4
"Sep 12, 2022",299.25,299.25,299.25,299.25,299.25,4
"Jun 23, 2022",215,215,215,215,215,4
"Jun 23, 2021",77.3,77.3,77.3,77.3,77.3,4
"Nov 18, 2021",98.05,98.05,98.05,98.05,98.05,4
"Nov 16, 2021",95.05,95.05,95.05,95.05,95.05,4
"Nov 07, 2022",190.1,190.1,190.1,190.1,190.1,4
"Jun 07, 2022",209.45,209.45,209.45,209.45,209.45,4
"Jan 06, 2022",84.85,84.85,84.85,84.85,84.85,4
"Sep 22, 2022",276.15,276.15,276.15,276.15,276.15,4
"Jan 07, 2022",89.6,89.6,89.6,89.6,89.6,4
"Apr 22, 2021",71.85,71.85,71.85,71.85,71.85,4
"Aug 30, 2022",292.1,292.1,292.1,292.1,292.1,4
"Sep 25, 2022",261.85,261.85,261.85,261.85,261.85,4
"Aug 08, 2022",221.55,221.55,221.55,221.55,221.55,4
"Sep 06, 2023",115.15,115.15,115.15,115.15,115.15,4
"Jun 08, 2021",76.7,76.7,76.7,76.7,76.7,4
"Jun 28, 2022",217.4,217.4,217.4,217.4,217.4,4
"Feb 08, 2021",65.2,65.2,65.2,65.2,65.2,4
"Apr 17, 2023",124,124,124,124,124,5
"Aug 11, 2021",84.25,84.25,84.25,84.25,84.25,5
"Jul 16, 2023",96.25,96.25,96.25,96.25,96.25,5
"Nov 24, 2020",60.5,60.5,60.5,60.5,60.5,5
"Feb 26, 2020",69,69,69,69,69,5
"Oct 26, 2023",130.25,130.25,130.25,130.25,130.25,5
"Sep 28, 2021",101.25,101.25,101.25,101.25,101.25,5
"Nov 06, 2020",60.75,60.75,60.75,60.75,60.75,5
"Oct 19, 2023",139,139,139,139,139,5
"Nov 08, 2022",180,180,180,180,180,5
"Feb 11, 2022",103,103,103,103,103,5
"Jul 22, 2021",79.25,79.25,79.25,79.25,79.25,5
"Mar 23, 2023",127.25,127.25,127.25,127.25,127.25,5
"Jul 26, 2021",79.5,79.5,79.5,79.5,79.5,5
"Jun 17, 2021",76.05,76.05,76.05,76.05,76.05,5
"Jun 29, 2023",120.3,120.3,120.3,120.3,120.3,5
"May 26, 2022",209.1,209.1,209.1,209.1,209.1,5
"Apr 29, 2021",73.3,73.3,73.3,73.3,73.3,5
"Jan 10, 2023",170.85,170.85,170.85,170.85,170.85,5
"Aug 08, 2021",82.55,82.55,82.55,82.55,82.55,5
"Sep 20, 2023",123.8,123.8,123.8,123.8,123.8,5
"Apr 18, 2021",72.85,72.85,72.85,72.85,72.85,5
"Jun 22, 2021",76.85,76.85,76.85,76.85,76.85,5
"Jul 27, 2021",81.1,81.1,81.1,81.1,81.1,5
"Aug 15, 2021",85.35,85.35,85.35,85.35,85.35,5
"Feb 07, 2020",69.85,69.85,69.85,69.85,69.85,5
"Mar 08, 2021",66.6,66.6,66.6,66.6,66.6,5
"Jan 31, 2020",70.6,70.6,70.6,70.6,70.6,5
"Jan 05, 2023",174.7,174.7,174.7,174.7,174.7,5
"Jul 12, 2023",95.85,95.85,95.85,95.85,95.85,5
"Apr 19, 2021",72.4,72.4,72.4,72.4,72.4,5
"Oct 17, 2021",96.4,96.4,96.4,96.4,96.4,5
"Aug 01, 2021",80.65,80.65,80.65,80.65,80.65,5
"Sep 13, 2021",96.65,96.65,96.65,96.65,96.65,5
"Feb 10, 2020",68.9,68.9,68.9,68.9,68.9,5
"Feb 10, 2022",101.9,101.9,101.9,101.9,101.9,5
"Oct 11, 2021",98.15,98.15,98.15,98.15,98.15,5
"Feb 02, 2023",148.55,148.55,148.55,148.55,148.55,5
"Nov 10, 2021",88.2,90.4,88.2,90.4,90.4,5
"Jan 09, 2023",173.05,173.05,173.05,173.05,173.05,5
"Jan 26, 2023",142.05,142.05,142.05,142.05,142.05,5
"Jan 10, 2022",87.4,87.4,87.4,87.4,87.4,5
"Mar 10, 2022",151.3,151.3,151.3,151.3,151.3,5
"Aug 10, 2021",83.9,83.9,83.9,83.9,83.9,5
"Aug 21, 2023",129.4,129.4,129.4,129.4,129.4,5
"Jan 15, 2021",68.95,68.95,68.95,68.95,68.95,5
"Jul 04, 2023",121.2,121.2,121.2,121.2,121.2,5
"Jul 26, 2022",262.55,262.55,262.55,262.55,262.55,5
"Oct 15, 2023",140.15,140.15,140.15,140.15,140.15,5
"Jan 12, 2023",173.65,173.65,173.65,173.65,173.65,5
"May 10, 2022",214.15,214.15,214.15,214.15,214.15,5
"Jun 22, 2022",230.4,230.4,230.4,230.4,230.4,5
"Sep 14, 2021",95.95,95.95,95.95,95.95,95.95,5
"Jan 24, 2022",108.25,108.25,108.25,108.25,108.25,6
"Sep 23, 2021",100.75,100.75,100.75,100.75,100.75,6
"Jul 12, 2021",77,77,77,77,77,6
"Mar 20, 2022",140.25,140.25,140.25,140.25,140.25,6
"Sep 10, 2023",118.25,118.25,118.25,118.25,118.25,6
"May 03, 2022",212.75,212.75,212.75,212.75,212.75,6
"Jul 21, 2022",237.5,237.5,237.5,237.5,237.5,6
"Feb 23, 2022",115.75,115.75,115.75,115.75,115.75,6
"Dec 07, 2021",100.8,100.8,100.8,100.8,100.8,6
"Aug 16, 2023",121.05,121.05,121.05,121.05,121.05,6
"Sep 22, 2021",97.3,97.3,97.3,97.3,97.3,6
"Jun 30, 2022",219.35,219.35,219.35,219.35,219.35,6
"Jun 26, 2022",219.35,219.35,219.35,219.35,219.35,6
"Aug 16, 2021",85.8,85.8,85.8,85.8,85.8,6
"Aug 26, 2021",87.05,87.05,87.05,87.05,87.05,6
"Jan 28, 2021",68.85,68.85,68.85,68.85,68.85,6
"Oct 07, 2021",97.6,97.6,91.95,91.95,91.95,6
"Mar 04, 2021",66.85,66.85,66.85,66.85,66.85,6
"Mar 28, 2022",142.95,142.95,142.95,142.95,142.95,6
"Aug 29, 2023",124.65,124.65,124.65,124.65,124.65,6
"Jul 14, 2022",239.55,239.55,239.55,239.55,239.55,6
"Jul 04, 2022",224.15,224.15,224.15,224.15,224.15,6
"Jul 06, 2022",233.9,233.9,233.9,233.9,233.9,6
"Jan 25, 2022",109.2,109.2,109.2,109.2,109.2,6
"Jun 08, 2023",109.45,109.45,109.45,109.45,109.45,6
"Jan 14, 2020",73.7,73.7,73.7,73.7,73.7,6
"Aug 22, 2023",125.7,125.7,125.7,125.7,125.7,6
"Dec 06, 2021",98.2,98.2,98.2,98.2,98.2,6
"Nov 16, 2022",188.65,188.65,188.65,188.65,188.65,6
"Oct 21, 2021",93.25,93.25,93,93,93,7
"Oct 04, 2021",113.5,113.5,113.5,113.5,113.5,7
"Mar 23, 2022",155,155,155,155,155,7
"Jul 25, 2023",122.25,122.25,122.25,122.25,122.25,7
"Mar 14, 2021",68.05,68.05,68.05,68.05,68.05,7
"Oct 20, 2021",96.05,96.05,96.05,96.05,96.05,7
"May 24, 2021",78.05,78.05,78.05,78.05,78.05,7
"Jul 18, 2022",238.35,238.35,238.35,238.35,238.35,7
"Aug 24, 2022",292.65,292.65,292.65,292.65,292.65,7
"Sep 04, 2023",121.35,121.35,121.35,121.35,121.35,7
"Aug 23, 2023",121.35,121.35,121.35,121.35,121.35,7
"May 09, 2021",75.85,75.85,75.85,75.85,75.85,7
"Sep 17, 2023",123.85,123.85,123.85,123.85,123.85,7
"Apr 18, 2022",200.55,200.55,200.55,200.55,200.55,7
"May 31, 2022",212.3,212.3,212.3,212.3,212.3,7
"Apr 13, 2021",70.65,70.65,70.65,70.65,70.65,7
"Dec 08, 2021",103.9,103.9,103.9,103.9,103.9,7
"Jun 13, 2022",200.4,200.4,200.4,200.4,200.4,7
"Jul 11, 2022",254.15,254.15,254.15,254.15,254.15,7
"May 20, 2021",75.45,75.45,75.45,75.45,75.45,7
"May 19, 2021",75.45,75.45,75.45,75.45,75.45,7
"Jan 12, 2022",84.5,84.5,84.5,84.5,84.5,8
"Aug 03, 2021",81,81,81,81,81,8
"Apr 27, 2021",73.25,73.25,73.25,73.25,73.25,8
"Jan 05, 2021",69.75,69.75,69.75,69.75,69.75,8
"Oct 14, 2021",96.3,96.3,96.3,96.3,96.3,8
"Jan 13, 2022",94.55,94.55,94.55,94.55,94.55,8
"Jun 26, 2023",114.8,114.8,114.8,114.8,114.8,8
"Oct 13, 2021",99.55,99.55,99.55,99.55,99.55,8
"Aug 02, 2021",80.85,80.85,80.85,80.85,80.85,8
"Apr 11, 2022",199.45,199.45,199.45,199.45,199.45,8
"Jun 21, 2021",77.15,77.15,77.15,77.15,77.15,8
"Oct 10, 2021",91.95,96.5,91.95,96.5,96.5,9
"Sep 13, 2023",124.5,124.5,124.5,124.5,124.5,9
"Sep 11, 2022",291,291,291,291,291,9
"May 02, 2022",202.1,202.1,202.1,202.1,202.1,9
"Nov 15, 2022",198.6,198.6,198.6,198.6,198.6,9
"Dec 09, 2022",255.6,255.6,255.6,255.6,255.6,9
"Sep 15, 2021",90.85,90.85,90.85,90.85,90.85,9
"Sep 05, 2023",116.15,116.15,116.15,116.15,116.15,9
"Jul 25, 2022",275.1,275.1,275.1,275.1,275.1,9
"Sep 16, 2021",94.15,94.15,94.15,94.15,94.15,9
"Feb 24, 2022",124.95,124.95,124.95,124.95,124.95,9
"Feb 25, 2022",110.2,110.2,110.2,110.2,110.2,9
"Apr 06, 2022",184,184,184,184,184,10
"Mar 27, 2022",144.25,144.25,144.25,144.25,144.25,10
"Feb 11, 2021",65.5,65.5,65.5,65.5,65.5,10
"Oct 23, 2023",132.25,132.25,132.25,132.25,132.25,10
"Apr 14, 2020",65.3,65.3,65.3,65.3,65.3,10
"Apr 12, 2022",196.35,196.35,196.35,196.35,196.35,10
"Nov 18, 2020",61.15,61.15,61.15,61.15,61.15,10
"Mar 29, 2022",155.7,155.7,155.7,155.7,155.7,10
"Sep 23, 2020",68.15,68.15,68.15,68.15,68.15,10
"Jul 10, 2023",100.4,100.4,100.4,100.4,100.4,10
"Mar 17, 2021",69.65,69.65,69.65,69.65,69.65,10
"Apr 20, 2020",65.9,65.9,65.9,65.9,65.9,10
"May 05, 2021",74.65,74.65,74.65,74.65,74.65,10
"Jan 27, 2021",67.9,67.9,67.9,67.9,67.9,10
"May 25, 2021",77.7,77.7,77.7,77.7,77.7,10
"Dec 14, 2022",223.9,223.9,223.9,223.9,223.9,10
"May 02, 2023",128,128,128,128,128,11
"Jun 10, 2021",77.25,77.25,77.25,77.25,77.25,11
"Sep 19, 2021",94.05,94.05,94.05,94.05,94.05,11
"Mar 23, 2021",70.8,70.8,70.8,70.8,70.8,11
"Mar 14, 2022",141.2,141.2,141.2,141.2,141.2,11
"Feb 22, 2022",113.15,113.15,113.15,113.15,113.15,11
"Jul 27, 2022",265.35,265.35,265.35,265.35,265.35,11
"Feb 24, 2021",67.45,67.45,67.45,67.45,67.45,11
"Jan 22, 2021",66.5,66.5,66.5,66.5,66.5,12
"Mar 13, 2022",147.35,147.35,147.35,147.35,147.35,12
"Aug 14, 2023",121.6,121.6,121.6,121.6,121.6,12
"Aug 30, 2021",90.35,90.35,90.35,90.35,90.35,12
"Feb 16, 2021",62.95,62.95,62.95,62.95,62.95,12
"May 12, 2022",208,208,208,208,208,13
"Jan 11, 2023",164.85,164.85,164.85,164.85,164.85,13
"Sep 11, 2023",119.05,119.05,119.05,119.05,119.05,13
"Dec 03, 2021",94.45,94.45,94.45,94.45,94.45,13
"Mar 03, 2022",131,131,131,131,131,14
"Aug 17, 2021",86.5,86.5,86.5,86.5,86.5,14
"Sep 12, 2021",97.3,97.3,97.3,97.3,97.3,14
"Sep 08, 2021",94.3,94.3,94.3,94.3,94.3,14
"Aug 30, 2023",120.15,120.15,120.15,120.15,120.15,14
"May 04, 2022",218.15,218.15,218.15,218.15,218.15,14
"Jun 15, 2022",203.4,203.4,203.4,203.4,203.4,14
"May 30, 2022",224.75,224.75,224.75,224.75,224.75,15
"Oct 03, 2023",116.5,116.5,116.5,116.5,116.5,15
"Oct 22, 2023",138.75,138.75,136.25,136.25,136.25,15
"Sep 29, 2021",106.75,106.75,106.75,106.75,106.75,15
"Oct 02, 2023",119,119,119,119,119,15
"Mar 12, 2021",68.05,68.05,68.05,68.05,68.05,15
"Oct 18, 2023",138.1,138.1,138.1,138.1,138.1,15
"Nov 16, 2020",62.9,62.9,62.9,62.9,62.9,15
"Apr 13, 2022",196.7,196.7,196.7,196.7,196.7,15
"Jul 17, 2022",229.45,229.45,229.45,229.45,229.45,15
"Oct 29, 2023",128.3,128.3,128.2,128.2,128.2,15
"Sep 30, 2021",111.9,111.9,111.9,111.9,111.9,15
"May 17, 2022",216.15,216.15,216.15,216.15,216.15,15
"Apr 21, 2022",211.65,211.65,211.65,211.65,211.65,15
"Jun 06, 2022",205.65,205.65,205.65,205.65,205.65,15
"Mar 15, 2022",138,138,138,138,138,16
"Mar 24, 2022",148.5,148.5,148.5,148.5,148.5,16
"Sep 07, 2021",93.55,93.55,93.55,93.55,93.55,16
"Sep 06, 2021",93.55,93.55,93.55,93.55,93.55,16
"Jun 03, 2021",75.3,75.3,75.3,75.3,75.3,16
"Mar 07, 2022",175.85,175.85,175.85,175.85,175.85,16
"Apr 19, 2022",212.15,212.15,212.15,212.15,212.15,16
"Nov 12, 2020",63.35,63.35,63.35,63.35,63.35,16
"Jan 26, 2022",108.1,108.1,108.1,108.1,108.1,17
"May 23, 2022",203.15,203.15,203.15,203.15,203.15,17
"Oct 11, 2023",133,133.6,133,133.6,133.6,18
"Apr 25, 2022",200.4,200.4,200.4,200.4,200.4,18
"Dec 09, 2021",104.35,104.35,104.35,104.35,104.35,19
"Feb 16, 2022",102.1,102.1,102.1,102.1,102.1,19
"Sep 27, 2021",97.65,97.65,97.65,97.65,97.65,19
"Sep 26, 2021",102.95,102.95,102.95,102.95,102.95,19
"May 09, 2022",205.75,205.75,205.75,205.75,205.75,20
"Feb 01, 2023",152.85,152.85,152.85,152.85,152.85,20
"Aug 15, 2023",120.85,120.85,120.85,120.85,120.85,20
"May 08, 2022",202.7,202.7,202.7,202.7,202.7,20
"Oct 09, 2023",130.95,130.95,130.95,130.95,130.95,20
"Oct 11, 2020",66.15,66.15,66.15,66.15,66.15,20
"Jan 26, 2021",66.65,66.65,66.65,66.65,66.65,20
"Aug 15, 2022",269.1,269.1,269.1,269.1,269.1,20
"Jan 14, 2021",71.65,71.65,71.65,71.65,71.65,20
"Jun 29, 2022",219.15,219.15,219.15,219.15,219.15,20
"Apr 24, 2022",199.9,199.9,199.9,199.9,199.9,20
"Apr 20, 2022",207.5,207.5,207.5,207.5,207.5,21
"May 26, 2020",64.35,64.35,64.35,64.35,64.35,21
"Feb 18, 2022",100.4,100.4,100.4,100.4,100.4,21
"Feb 17, 2022",99.65,99.65,99.65,99.65,99.65,21
"Sep 21, 2021",95.05,95.05,95.05,95.05,95.05,23
"Apr 05, 2022",181.4,181.4,181.4,181.4,181.4,23
"Sep 02, 2021",91.85,91.85,91.85,91.85,91.85,24
"Jun 09, 2021",77.15,77.15,77.15,77.15,77.15,24
"Apr 27, 2022",193,193,193,193,193,25
"Nov 11, 2020",62.5,62.5,62.5,62.5,62.5,25
"Mar 08, 2022",204.25,204.25,204.25,204.25,204.25,25
"Apr 28, 2022",189.5,189.5,189.5,189.5,189.5,26
"Oct 26, 2021",90.35,90.35,90.35,90.35,90.35,26
"Apr 15, 2021",73.45,73.45,73.45,73.45,73.45,26
"Sep 28, 2023",127.75,128,127.75,128,128,28
"May 05, 2022",226.85,226.85,226.85,226.85,226.85,28
"Nov 29, 2022",245.35,245.35,245.35,245.35,245.35,28
"Oct 10, 2023",129,129,129,129,129,30
"Jun 20, 2022",229.5,229.5,229.5,229.5,229.5,30
"Mar 02, 2022",217.35,217.35,217.35,217.35,217.35,30
"Mar 22, 2021",70.8,70.8,70.8,70.8,70.8,30
"Nov 23, 2020",58.95,58.95,58.95,58.95,58.95,30
"Oct 26, 2020",64.65,64.65,64.65,64.65,64.65,31
"Sep 19, 2022",277.85,277.85,277.85,277.85,277.85,37
"Aug 16, 2022",282.75,282.75,282.75,282.75,282.75,42
"Aug 28, 2023",125.05,125.05,125.05,125.05,125.05,45
"Apr 26, 2022",199.65,199.65,199.65,199.65,199.65,56
"Nov 30, 2021",90.95,90.95,90.95,90.95,90.95,57
"Jun 21, 2022",226.6,226.6,226.6,226.6,226.6,63
"May 16, 2022",224.65,224.65,224.65,224.65,224.65,68
