Date;Open;High;Low;Close*;Adj Close**;Volume
Nov 22, 2023;82.40;82.63;78.41;81.96;81.96;40,651
Nov 21, 2023;82.13;82.53;81.41;82.45;82.45;22,699
Nov 20, 2023;80.47;82.93;79.97;82.32;82.32;24,121
Nov 17, 2023;77.53;80.80;77.28;80.61;80.61;35,037
Nov 16, 2023;80.94;81.16;76.60;77.42;77.42;37,692
Nov 15, 2023;82.38;83.01;80.80;81.18;81.18;32,261
Nov 14, 2023;82.75;83.97;82.05;82.47;82.47;25,753
Nov 13, 2023;81.45;82.82;80.41;82.52;82.52;22,38
Nov 10, 2023;79.70;82.05;79.61;81.43;81.43;20,653
Nov 09, 2023;79.78;81.48;79.44;80.01;80.01;32,592
Nov 08, 2023;81.47;81.93;79.16;79.54;79.54;36,137
Nov 07, 2023;85.23;85.32;81.42;81.61;81.61;38,007
Nov 06, 2023;85.39;86.45;84.91;85.18;85.18;26,524
Nov 02, 2023;86.86;87.78;84.55;84.89;84.89;36,172
Nov 01, 2023;84.94;87.03;84.61;86.85;86.85;31,512
Oct 31, 2023;85.45;87.22;84.56;84.63;84.63;36,235
Oct 30, 2023;87.81;88.53;87.41;87.41;87.41;35,673
Oct 29, 2023;90.30;90.30;87.22;87.45;87.45;15,413
Oct 26, 2023;88.26;90.74;87.84;90.48;90.48;21,249
Oct 25, 2023;90.04;90.36;87.55;87.93;87.93;22,662
Oct 24, 2023;88.14;90.34;86.67;90.13;90.13;47,506
Oct 23, 2023;90.35;90.67;87.35;88.07;88.07;42,436
Oct 22, 2023;92.13;92.43;89.62;89.83;89.83;36,158
Oct 19, 2023;92.85;93.79;91.68;92.16;92.16;30,081
Oct 18, 2023;91.34;93.47;89.53;92.38;92.38;34,88
Oct 17, 2023;90.90;92.97;90.60;91.50;91.50;35,456
Oct 16, 2023;90.06;90.92;88.87;89.90;89.90;27,054
Oct 15, 2023;90.92;91.39;89.49;89.65;89.65;28,811
Oct 12, 2023;86.41;90.99;86.28;90.89;90.89;44,455
Oct 11, 2023;85.60;87.64;85.18;86.00;86.00;40,488
Oct 10, 2023;87.75;88.25;85.22;85.82;85.82;37,902
Oct 09, 2023;88.11;88.47;86.92;87.65;87.65;29,704
Oct 08, 2023;86.35;89.00;86.07;88.15;88.15;37,096
Oct 05, 2023;84.22;84.96;83.45;84.58;84.58;41,254
Oct 04, 2023;86.03;86.51;83.84;84.07;84.07;44,895
Oct 03, 2023;90.96;91.19;85.73;85.81;85.81;49,185
Oct 02, 2023;90.44;91.56;89.52;90.92;90.92;50,094
Oct 01, 2023;92.19;93.32;90.35;90.71;90.71;38,153
Sep 28, 2023;95.10;96.24;94.96;95.31;95.31;47,666
Sep 27, 2023;96.62;97.63;94.75;95.38;95.38;9,192
Sep 26, 2023;94.16;97.04;94.15;96.55;96.55;23,665
Sep 25, 2023;93.26;94.21;91.80;93.96;93.96;18,509
Sep 24, 2023;93.75;94.25;92.54;93.29;93.29;18,626
Sep 21, 2023;93.32;94.63;92.80;93.27;93.27;31,511
Sep 20, 2023;93.22;94.60;92.20;93.30;93.30;38,711
Sep 19, 2023;94.48;94.73;92.76;93.53;93.53;43,515
Sep 18, 2023;94.63;95.95;94.17;94.34;94.34;43,614
Sep 17, 2023;94.20;94.95;93.78;94.43;94.43;33,918
Sep 14, 2023;94.13;94.61;92.67;93.93;93.93;35,162
Sep 13, 2023;92.20;94.21;92.03;93.70;93.70;36,699
Sep 12, 2023;91.93;92.83;91.63;91.88;91.88;31,803
Sep 11, 2023;90.56;92.42;90.54;92.06;92.06;31,07
Sep 10, 2023;90.66;91.45;90.12;90.64;90.64;29,901
Sep 07, 2023;89.80;91.02;89.30;90.65;90.65;27,15
Sep 06, 2023;90.61;90.86;89.47;89.92;89.92;22,3
Sep 05, 2023;89.98;91.11;89.25;90.60;90.60;25,396
Sep 04, 2023;88.70;91.18;88.07;90.04;90.04;46,893
Aug 31, 2023;86.82;88.96;86.74;88.55;88.55;33,224
Aug 30, 2023;85.85;86.90;85.85;86.86;86.86;33,559
Aug 29, 2023;85.63;86.21;85.13;85.86;85.86;12,28
Aug 28, 2023;84.38;85.65;83.78;85.49;85.49;14,579
Aug 27, 2023;84.87;85.22;84.11;84.42;84.42;14,607
Aug 24, 2023;83.20;84.97;82.69;84.48;84.48;20,715
Aug 23, 2023;82.99;83.61;81.97;83.36;83.36;27,997
Aug 22, 2023;83.98;84.24;81.97;83.21;83.21;35,103
Aug 21, 2023;84.39;84.65;83.84;84.03;84.03;27,081
Aug 20, 2023;85.06;85.87;84.31;84.46;84.46;27,958
Aug 17, 2023;83.83;85.07;83.32;84.80;84.80;26,072
Aug 16, 2023;83.35;84.89;83.05;84.12;84.12;33,977
Aug 15, 2023;85.12;85.36;83.12;83.45;83.45;31,925
Aug 14, 2023;86.30;86.67;84.29;84.89;84.89;29,945
Aug 13, 2023;86.64;86.70;85.50;86.21;86.21;24,768
Aug 10, 2023;86.39;87.35;85.85;86.81;86.81;33,204
Aug 09, 2023;87.37;88.10;86.15;86.40;86.40;28,721
Aug 08, 2023;86.01;87.66;85.94;87.55;87.55;29,154
Aug 07, 2023;85.84;86.35;83.32;86.17;86.17;26,377
Aug 06, 2023;86.14;86.71;85.04;85.34;85.34;19,591
Aug 03, 2023;85.32;86.65;85.11;86.24;86.24;22,13
Aug 02, 2023;83.44;85.42;82.37;85.14;85.14;30,333
Aug 01, 2023;85.73;85.98;82.75;83.20;83.20;32,246
Jul 31, 2023;85.35;85.79;84.26;84.91;84.91;27,179
Jul 30, 2023;84.88;85.66;84.52;85.56;85.56;23,446
Jul 27, 2023;84.05;85.10;83.22;84.99;84.99;11,121
Jul 26, 2023;83.03;84.51;82.99;84.24;84.24;18,467
Jul 25, 2023;83.27;83.86;82.60;82.92;82.92;19,315
Jul 24, 2023;82.83;83.88;82.24;83.64;83.64;22,083
Jul 23, 2023;80.99;83.16;80.42;82.74;82.74;28,032
Jul 20, 2023;79.66;81.24;79.66;81.07;81.07;23,563
Jul 19, 2023;79.50;80.27;78.67;79.64;79.64;24,867
Jul 18, 2023;79.80;80.95;79.18;79.46;79.46;33,372
Jul 17, 2023;78.53;80.01;78.20;79.63;79.63;30,304
Jul 16, 2023;79.45;80.62;78.26;78.50;78.50;29,152
Jul 13, 2023;81.61;81.69;79.57;79.87;79.87;23,286
Jul 12, 2023;80.15;81.75;79.87;81.36;81.36;28,794
Jul 11, 2023;79.28;80.57;79.22;80.11;80.11;25,367
Jul 10, 2023;77.86;79.50;77.64;79.40;79.40;22,736
Jul 09, 2023;78.49;78.78;77.34;77.69;77.69;21,082
Jul 06, 2023;76.48;78.53;76.02;78.47;78.47;26,656
Jul 05, 2023;76.54;77.08;75.01;76.52;76.52;29,695
Jul 04, 2023;74.94;76.94;74.78;76.65;76.65;35,538
Jul 03, 2023;75.13;76.58;74.58;74.65;74.65;24,066
Jun 29, 2023;74.25;75.13;74.25;74.90;74.90;29,055
Jun 28, 2023;73.75;74.97;73.41;74.34;74.34;6,372
Jun 27, 2023;72.56;74.21;71.58;74.03;74.03;12,437
Jun 26, 2023;74.23;74.89;72.09;72.26;72.26;15,262
Jun 25, 2023;74.45;74.83;73.43;74.18;74.18;20,96
Jun 22, 2023;74.15;74.37;72.10;73.85;73.85;15,8
Jun 21, 2023;76.96;77.19;73.58;74.14;74.14;30,975
Jun 20, 2023;75.50;77.24;75.38;77.12;77.12;22,47
Jun 19, 2023;76.23;77.15;74.52;75.90;75.90;34,421
Jun 15, 2023;75.58;76.74;75.08;76.61;76.61;20,871
Jun 14, 2023;73.47;75.96;72.91;75.67;75.67;21,211
Jun 13, 2023;74.07;75.48;73.03;73.20;73.20;26,201
Jun 12, 2023;72.00;74.65;71.95;74.29;74.29;28,142
Jun 11, 2023;74.88;74.88;71.57;71.84;71.84;33,191
Jun 08, 2023;75.53;76.55;74.72;74.79;74.79;25,616
Jun 07, 2023;76.80;77.66;73.57;75.96;75.96;45,284
Jun 06, 2023;76.07;77.62;75.51;76.95;76.95;35,446
Jun 05, 2023;76.47;76.76;74.73;76.29;76.29;27,997
Jun 04, 2023;77.50;78.72;76.30;76.71;76.71;34,658
Jun 01, 2023;74.41;76.49;74.18;76.13;76.13;26,08
May 31, 2023;72.09;75.25;72.01;74.28;74.28;31,338
May 30, 2023;73.65;73.77;71.55;72.66;72.66;34,611
May 29, 2023;77.37;77.74;73.16;73.54;73.54;13,84
May 25, 2023;76.12;77.35;75.72;76.95;76.95;15,522
May 24, 2023;78.26;78.50;75.12;76.26;76.26;36,272
May 23, 2023;77.59;78.66;77.04;78.36;78.36;33,849
May 22, 2023;75.97;77.74;75.65;76.84;76.84;30,676
May 21, 2023;75.74;76.46;74.55;75.99;75.99;22,801
May 18, 2023;75.90;77.50;75.10;75.58;75.58;22,388
May 17, 2023;76.79;76.98;75.48;75.86;75.86;20,152
May 16, 2023;74.68;77.31;74.09;76.96;76.96;31,285
May 15, 2023;75.45;75.95;74.50;74.91;74.91;23,07
May 14, 2023;74.25;75.75;73.49;75.23;75.23;24,312
May 11, 2023;75.46;75.84;74.03;74.17;74.17;26,553
May 10, 2023;76.64;77.40;74.62;74.98;74.98;32,136
May 09, 2023;77.25;77.60;75.68;76.41;76.41;30,289
May 08, 2023;76.85;77.49;75.07;77.44;77.44;24,836
May 07, 2023;75.41;77.42;74.96;77.01;77.01;17,211
May 04, 2023;72.65;75.73;72.41;75.30;75.30;20,363
May 03, 2023;71.89;73.73;68.20;72.50;72.50;30,132
May 02, 2023;75.27;75.55;71.68;72.33;72.33;34,878
May 01, 2023;79.26;79.78;75.09;75.32;75.32;35,7
Apr 30, 2023;80.18;80.19;78.13;79.31;79.31;12,551
Apr 27, 2023;78.31;79.60;77.97;79.54;79.54;26,788
Apr 26, 2023;77.87;78.63;77.39;78.37;78.37;8,926
Apr 25, 2023;81.00;81.47;77.48;77.69;77.69;15,436
Apr 24, 2023;82.58;83.05;80.35;80.77;80.77;17,134
Apr 23, 2023;81.60;82.99;80.49;82.73;82.73;16,684
Apr 20, 2023;80.83;82.04;80.45;81.66;81.66;17,805
Apr 19, 2023;83.00;83.04;80.77;81.10;81.10;26,114
Apr 18, 2023;84.86;85.15;82.41;83.12;83.12;30,732
Apr 17, 2023;84.82;85.40;83.82;84.77;84.77;27,241
Apr 16, 2023;86.27;86.51;84.35;84.76;84.76;30,271
Apr 13, 2023;86.34;86.86;85.54;86.31;86.31;28,36
Apr 12, 2023;87.15;87.47;86.06;86.09;86.09;26,363
Apr 11, 2023;85.55;87.49;85.41;87.33;87.33;36,337
Apr 10, 2023;84.28;85.68;83.75;85.61;85.61;28,189
Apr 09, 2023;84.95;85.64;84.08;84.18;84.18;14,242
Apr 05, 2023;84.83;85.44;84.05;85.12;85.12;-
Apr 04, 2023;85.10;85.55;84.01;84.99;84.99;28,362
Apr 03, 2023;84.78;86.05;83.87;84.94;84.94;32,987
Apr 02, 2023;83.29;86.24;83.29;84.93;84.93;37,587
Mar 30, 2023;79.28;79.77;79.07;79.77;79.77;38,477
Mar 29, 2023;78.22;79.55;77.85;79.27;79.27;6,818
Mar 28, 2023;79.02;79.70;77.95;78.28;78.28;11,027
Mar 27, 2023;78.18;79.21;77.55;78.65;78.65;17,782
Mar 26, 2023;75.24;78.43;74.80;78.12;78.12;13,874
Mar 23, 2023;75.42;76.28;72.69;74.99;74.99;18,941
Mar 22, 2023;75.74;77.43;75.12;75.91;75.91;18,685
Mar 21, 2023;75.09;77.09;74.52;76.69;76.69;19,933
Mar 20, 2023;73.74;75.40;72.81;75.32;75.32;18,784
Mar 19, 2023;72.89;73.85;70.13;73.79;73.79;22,185
Mar 16, 2023;74.55;75.90;71.35;72.97;72.97;34,734
Mar 15, 2023;74.35;75.52;71.86;74.70;74.70;29,873
Mar 14, 2023;77.57;78.71;71.63;73.69;73.69;46,598
Mar 13, 2023;80.69;80.88;76.88;77.45;77.45;33,198
Mar 12, 2023;82.54;83.47;78.34;80.77;80.77;38,195
Mar 10, 2023;81.47;83.08;80.73;82.78;82.78;26,753
Mar 09, 2023;82.62;84.01;81.41;81.59;81.59;25,018
Mar 08, 2023;82.98;83.59;82.05;82.66;82.66;23,661
Mar 07, 2023;86.23;86.76;82.65;83.29;83.29;26,092
Mar 06, 2023;85.93;86.36;84.35;86.18;86.18;24,587
Mar 03, 2023;84.41;86.00;82.36;85.83;85.83;27,594
Mar 02, 2023;84.31;85.09;83.84;84.75;84.75;17,997
Mar 01, 2023;83.10;84.49;82.61;84.31;84.31;26,723
Feb 28, 2023;82.64;84.12;82.61;83.89;83.89;24,882
Feb 27, 2023;83.12;83.63;81.74;82.45;82.45;5,691
Feb 24, 2023;82.35;83.38;81.07;83.16;83.16;13,365
Feb 23, 2023;80.47;82.75;80.34;82.21;82.21;14,474
Feb 22, 2023;82.74;83.23;80.40;80.60;80.60;20,309
Feb 21, 2023;83.01;84.29;82.54;83.05;83.05;31,936
Feb 17, 2023;84.67;84.85;81.79;83.00;83.00;27,191
Feb 16, 2023;85.14;86.20;84.60;85.14;85.14;20,089
Feb 15, 2023;85.29;85.85;83.90;85.38;85.38;21,161
Feb 14, 2023;85.75;86.40;84.12;85.58;85.58;19,585
Feb 13, 2023;86.60;86.95;85.09;86.61;86.61;19,426
Feb 10, 2023;84.23;86.91;83.94;86.39;86.39;30,882
Feb 09, 2023;85.07;85.50;83.06;84.50;84.50;30,52
Feb 08, 2023;84.03;85.16;83.50;85.09;85.09;29,853
Feb 07, 2023;81.40;84.10;81.18;83.69;83.69;24,432
Feb 06, 2023;79.75;81.40;79.09;80.99;80.99;31,365
Feb 03, 2023;82.15;84.19;79.62;79.94;79.94;24,743
Feb 02, 2023;83.09;83.60;81.24;82.17;82.17;24,611
Feb 01, 2023;85.52;86.20;82.37;82.84;82.84;28,085
Jan 31, 2023;85.16;85.16;83.69;84.49;84.49;30,498
Jan 30, 2023;86.80;87.37;84.75;84.90;84.90;5,879
Jan 27, 2023;87.60;88.91;85.68;86.66;86.66;10,012
Jan 26, 2023;86.13;88.01;85.78;87.47;87.47;14,187
Jan 25, 2023;86.30;87.01;85.41;86.12;86.12;19,993
Jan 24, 2023;88.03;88.71;85.81;86.13;86.13;26,572
Jan 23, 2023;87.81;89.10;86.93;88.19;88.19;21,194
Jan 20, 2023;86.36;87.77;85.58;87.63;87.63;24,374
Jan 19, 2023;84.59;86.85;83.74;86.16;86.16;28,822
Jan 18, 2023;86.72;87.84;84.40;84.98;84.98;26,461
Jan 17, 2023;85.44;86.82;83.86;85.92;85.92;36,658
Jan 13, 2023;83.95;85.49;83.49;85.28;85.28;17,857
Jan 12, 2023;82.86;84.61;82.38;84.03;84.03;29,36
Jan 11, 2023;79.59;82.97;79.30;82.67;82.67;29,995
Jan 10, 2023;79.71;80.88;78.81;80.10;80.10;21,541
Jan 09, 2023;78.48;81.37;78.34;79.65;79.65;29,985
Jan 06, 2023;78.81;80.57;78.05;78.57;78.57;23,767
Jan 05, 2023;78.09;79.96;77.61;78.69;78.69;28,051
Jan 04, 2023;82.23;82.67;77.72;77.84;77.84;24,772
Jan 03, 2023;86.04;87.02;81.77;82.10;82.10;27,559
Dec 30, 2022;83.66;86.28;82.88;85.91;85.91;19,375
Dec 29, 2022;82.86;82.91;81.30;82.26;82.26;20,599
Dec 28, 2022;84.60;84.64;81.95;83.26;83.26;5,384
Dec 27, 2022;84.46;85.67;83.66;84.33;84.33;7,512
Dec 23, 2022;81.73;84.37;81.34;83.92;83.92;8,621
Dec 22, 2022;82.37;83.86;80.68;80.98;80.98;16,647
Dec 21, 2022;79.95;82.54;79.60;82.20;82.20;17,234
Dec 20, 2022;80.28;80.90;78.30;79.99;79.99;19,646
Dec 19, 2022;79.09;80.89;78.63;79.80;79.80;19,676
Dec 16, 2022;81.34;81.76;78.28;79.04;79.04;24,439
Dec 15, 2022;82.84;83.19;80.83;81.21;81.21;26,47
Dec 14, 2022;80.34;83.14;80.13;82.70;82.70;27,33
Dec 13, 2022;78.19;81.28;78.04;80.68;80.68;30,052
Dec 12, 2022;76.67;78.58;75.26;77.99;77.99;23,02
Dec 09, 2022;76.73;77.47;75.11;76.10;76.10;24,479
Dec 08, 2022;77.49;79.18;75.76;76.15;76.15;33,131
Dec 07, 2022;79.79;80.48;76.94;77.17;77.17;26,919
Dec 06, 2022;83.09;83.67;78.71;79.35;79.35;26,68
Dec 05, 2022;85.52;88.43;82.54;82.68;82.68;25,039
Dec 02, 2022;87.13;87.89;85.19;85.57;85.57;23,562
Dec 01, 2022;86.60;89.41;86.25;86.88;86.88;23,123
Nov 30, 2022;83.58;85.82;83.51;85.43;85.43;23,71
Nov 29, 2022;82.33;86.00;82.19;83.03;83.03;12,182
Nov 28, 2022;83.80;84.05;80.64;83.19;83.19;12,583
Nov 25, 2022;84.94;86.90;83.56;83.63;83.63;12,021
Nov 23, 2022;88.41;89.54;84.12;85.41;85.41;27,071
Nov 22, 2022;87.65;89.88;87.37;88.36;88.36;23,782
Nov 21, 2022;87.80;88.04;82.32;87.45;87.45;39,835
Nov 18, 2022;89.98;90.61;85.79;87.62;87.62;34,614
Nov 17, 2022;92.80;92.88;89.54;89.78;89.78;29,012
Nov 16, 2022;93.76;94.78;91.68;92.86;92.86;22,376
Nov 15, 2022;92.53;95.75;91.53;93.86;93.86;30,904
Nov 14, 2022;95.97;96.92;92.49;93.14;93.14;22,959
Nov 11, 2022;93.27;96.92;93.27;95.99;95.99;23,629
Nov 10, 2022;92.54;94.31;91.69;93.67;93.67;31,486
Nov 09, 2022;95.01;95.69;92.30;92.65;92.65;26,729
Nov 08, 2022;98.00;98.27;94.98;95.36;95.36;28,901
Nov 07, 2022;97.78;99.56;96.70;97.92;97.92;22,568
Nov 03, 2022;94.48;98.82;94.34;98.57;98.57;31,256
Nov 02, 2022;95.66;95.94;94.16;94.67;94.67;21,292
Nov 01, 2022;94.67;96.47;93.99;96.16;96.16;28,689
Oct 31, 2022;92.80;95.55;92.36;94.65;94.65;21,355
Oct 30, 2022;96.00;96.00;94.32;94.83;94.83;23,096
Oct 27, 2022;96.78;96.89;95.00;95.77;95.77;12,135
Oct 26, 2022;96.16;97.28;95.08;96.96;96.96;14,677
Oct 25, 2022;93.25;96.19;92.04;95.69;95.69;15,637
Oct 24, 2022;93.56;94.37;91.63;93.52;93.52;22,553
Oct 23, 2022;93.61;94.44;91.21;93.26;93.26;28,074
Oct 20, 2022;92.79;93.80;91.02;93.50;93.50;26,861
Oct 19, 2022;92.51;94.77;91.92;92.38;92.38;40,748
Oct 18, 2022;90.79;92.84;89.38;92.41;92.41;43,364
Oct 17, 2022;92.02;92.65;88.77;90.03;90.03;40,941
Oct 16, 2022;91.71;93.23;90.84;91.62;91.62;23,783
Oct 13, 2022;94.75;95.11;91.27;91.63;91.63;29,344
Oct 12, 2022;92.47;94.90;91.09;94.57;94.57;32,826
Oct 11, 2022;93.69;95.17;91.58;92.45;92.45;29,821
Oct 10, 2022;96.15;96.45;93.11;94.29;94.29;31,431
Oct 09, 2022;98.70;98.76;95.62;96.19;96.19;24,699
Oct 06, 2022;94.99;98.59;93.93;97.92;97.92;36,871
Oct 05, 2022;93.83;95.01;92.73;94.42;94.42;26,2
Oct 04, 2022;91.65;93.97;90.90;93.37;93.37;39,563
Oct 03, 2022;88.89;92.39;88.69;91.80;91.80;38,971
Oct 02, 2022;86.51;89.83;86.51;88.86;88.86;38,251
Sep 29, 2022;88.56;89.52;87.85;87.96;87.96;33,026
Sep 28, 2022;88.95;90.10;87.45;88.49;88.49;7,456
Sep 27, 2022;85.83;89.49;84.27;89.32;89.32;9,937
Sep 26, 2022;83.91;87.13;83.91;86.27;86.27;10,008
Sep 25, 2022;86.72;87.66;83.63;84.06;84.06;14,034
Sep 22, 2022;90.35;90.71;85.46;86.15;86.15;18,951
Sep 21, 2022;89.92;92.80;89.29;90.46;90.46;22,375
Sep 20, 2022;90.69;93.51;89.30;89.83;89.83;27,621
Sep 19, 2022;91.97;93.02;89.80;90.62;90.62;24,688
Sep 18, 2022;91.65;92.58;88.48;92.00;92.00;17,627
Sep 15, 2022;90.65;92.64;90.22;91.35;91.35;20,652
Sep 14, 2022;94.43;94.65;90.05;90.84;90.84;29,483
Sep 13, 2022;93.49;95.81;91.95;94.10;94.10;30,88
Sep 12, 2022;94.21;95.51;91.07;93.17;93.17;27,762
Sep 11, 2022;92.30;95.17;91.21;94.00;94.00;22,758
Sep 08, 2022;88.46;93.10;88.32;92.84;92.84;22,448
Sep 07, 2022;87.64;89.83;87.23;89.15;89.15;21,562
Sep 06, 2022;92.80;93.79;87.40;88.00;88.00;28,966
Sep 05, 2022;93.09;96.99;92.28;92.83;92.83;34,757
Sep 01, 2022;92.00;95.32;92.00;93.02;93.02;22,869
Aug 31, 2022;94.78;95.66;91.81;92.36;92.36;22,87
Aug 30, 2022;99.71;100.30;95.76;96.49;96.49;24,672
Aug 29, 2022;105.00;105.37;97.67;99.31;99.31;7,116
Aug 28, 2022;100.83;105.48;100.29;105.09;105.09;6,048
Aug 25, 2022;99.88;101.17;98.14;100.99;100.99;14,241
Aug 24, 2022;101.60;102.47;99.12;99.34;99.34;20,704
Aug 23, 2022;100.16;102.00;99.07;101.22;101.22;24,49
Aug 22, 2022;96.58;100.45;96.51;100.22;100.22;22,624
Aug 21, 2022;95.66;97.25;92.36;96.48;96.48;26,974
Aug 18, 2022;96.63;97.87;94.25;96.72;96.72;22,212
Aug 17, 2022;93.18;97.41;93.05;96.59;96.59;21,327
Aug 16, 2022;92.77;94.46;91.52;93.65;93.65;21,011
Aug 15, 2022;93.64;95.95;91.72;92.34;92.34;22,549
Aug 14, 2022;97.76;98.04;92.72;95.10;95.10;20,714
Aug 11, 2022;99.29;100.35;96.94;98.15;98.15;20,095
Aug 10, 2022;97.27;100.16;96.65;99.60;99.60;20,958
Aug 09, 2022;96.46;97.98;93.61;97.40;97.40;29,52
Aug 08, 2022;96.54;98.39;94.91;96.31;96.31;20,553
Aug 07, 2022;94.27;96.73;92.99;96.65;96.65;17,288
Aug 04, 2022;93.59;96.40;92.75;94.92;94.92;16,576
Aug 03, 2022;97.01;97.63;93.15;94.12;94.12;21,011
Aug 02, 2022;99.64;102.37;96.48;96.78;96.78;22,263
Aug 01, 2022;100.00;102.41;98.47;100.54;100.54;17,357
Jul 31, 2022;103.87;104.37;99.10;100.03;100.03;25,67
Jul 28, 2022;108.05;110.43;108.03;110.01;110.01;24,476
Jul 27, 2022;107.49;108.98;105.96;107.14;107.14;6,831
Jul 26, 2022;104.78;107.80;103.72;106.62;106.62;11,024
Jul 25, 2022;104.81;107.35;103.98;104.40;104.40;20,242
Jul 24, 2022;103.44;105.35;101.67;105.15;105.15;14,999
Jul 21, 2022;104.25;105.68;101.91;103.20;103.20;17,586
Jul 20, 2022;106.79;106.80;101.52;103.86;103.86;26,598
Jul 19, 2022;107.15;107.43;105.09;106.92;106.92;23,989
Jul 18, 2022;105.59;107.60;103.59;107.35;107.35;21,9
Jul 17, 2022;100.92;106.47;99.48;106.27;106.27;20,217
Jul 14, 2022;99.60;102.62;98.21;101.16;101.16;19,146
Jul 13, 2022;99.85;100.37;94.50;99.10;99.10;27,515
Jul 12, 2022;99.31;101.20;97.30;99.57;99.57;22,358
Jul 11, 2022;106.23;106.51;98.91;99.49;99.49;22,827
Jul 10, 2022;106.76;107.66;103.66;107.10;107.10;17,691
Jul 07, 2022;104.49;107.45;103.75;107.02;107.02;20,61
Jul 06, 2022;99.96;106.35;98.47;104.65;104.65;22,837
Jul 05, 2022;104.00;105.80;98.51;100.69;100.69;28,82
Jul 04, 2022;111.61;114.69;101.11;102.77;102.77;43,356
Jun 30, 2022;109.46;112.42;108.01;111.63;111.63;17,09
Jun 29, 2022;116.04;116.33;114.81;114.81;114.81;24,733
Jun 28, 2022;117.96;120.38;115.41;116.26;116.26;4,346
Jun 27, 2022;115.84;118.24;115.40;117.98;117.98;6,673
Jun 26, 2022;112.46;116.04;111.25;115.09;115.09;11,252
Jun 23, 2022;109.81;113.99;109.27;113.12;113.12;13,431
Jun 22, 2022;110.22;112.69;108.11;110.05;110.05;21,806
Jun 21, 2022;114.57;114.57;107.03;111.74;111.74;33,112
Jun 20, 2022;113.80;116.25;111.57;114.65;114.65;22,868
Jun 16, 2022;119.34;121.25;111.72;113.12;113.12;26,686
Jun 15, 2022;119.12;120.28;115.58;119.81;119.81;24,329
Jun 14, 2022;121.00;121.85;117.75;118.51;118.51;22,36
Jun 13, 2022;122.50;125.18;118.94;121.17;121.17;27,702
Jun 12, 2022;121.69;123.61;118.95;122.27;122.27;21,136
Jun 09, 2022;122.94;124.33;119.87;122.01;122.01;26,036
Jun 08, 2022;123.89;124.33;122.50;123.07;123.07;21,008
Jun 07, 2022;121.03;124.41;120.46;123.58;123.58;21,778
Jun 06, 2022;120.08;121.38;118.56;120.57;120.57;20,488
Jun 05, 2022;121.35;121.89;118.76;119.51;119.51;16,523
Jun 02, 2022;118.26;121.44;116.08;119.72;119.72;11,028
Jun 01, 2022;115.82;118.44;112.48;117.61;117.61;22,117
May 31, 2022;116.63;118.58;115.43;116.29;116.29;21,546
May 30, 2022;119.47;124.13;119.36;122.84;122.84;1,138
May 26, 2022;117.54;119.73;116.68;119.43;119.43;4,384
May 25, 2022;114.45;118.00;113.84;117.40;117.40;11,59
May 24, 2022;113.92;115.32;113.04;114.03;114.03;12,885
May 23, 2022;113.36;114.63;111.72;113.56;113.56;20,941
May 22, 2022;112.74;114.36;111.86;113.42;113.42;20,66
May 19, 2022;111.50;113.22;110.54;112.55;112.55;16,942
May 18, 2022;109.30;112.27;105.70;112.04;112.04;26,098
May 17, 2022;112.89;114.13;108.35;109.11;109.11;21,217
May 16, 2022;114.29;115.66;111.12;111.93;111.93;23,254
May 15, 2022;111.41;114.78;109.04;114.24;114.24;20,871
May 12, 2022;108.00;111.69;107.81;111.55;111.55;25,05
May 11, 2022;107.56;108.69;104.69;107.45;107.45;27,037
May 10, 2022;101.70;108.26;100.93;107.51;107.51;31,56
May 09, 2022;105.56;106.91;101.70;102.46;102.46;25,904
May 08, 2022;113.05;113.22;104.95;105.94;105.94;28,134
May 05, 2022;111.15;113.52;109.88;112.39;112.39;23,902
May 04, 2022;110.14;113.99;109.23;110.90;110.90;26,443
May 03, 2022;106.10;111.00;105.50;110.14;110.14;21,158
May 02, 2022;107.37;108.30;104.62;104.97;104.97;23,41
May 01, 2022;109.36;109.36;109.36;109.36;109.36;23,606
Apr 28, 2022;107.65;109.77;107.65;109.34;109.34;55
Apr 27, 2022;104.76;107.93;103.30;107.59;107.59;8,567
Apr 26, 2022;105.37;106.35;103.27;105.32;105.32;8,064
Apr 25, 2022;102.57;106.15;101.12;104.99;104.99;13,279
Apr 24, 2022;105.74;105.95;99.47;102.32;102.32;15,464
Apr 21, 2022;108.64;108.73;105.53;106.65;106.65;11,04
Apr 20, 2022;107.01;109.79;106.78;108.33;108.33;13,203
Apr 19, 2022;107.72;108.98;104.67;106.80;106.80;15,985
Apr 18, 2022;112.65;114.05;106.77;107.25;107.25;18,972
Apr 17, 2022;111.89;114.82;110.72;113.16;113.16;13,187
Apr 13, 2022;108.37;112.39;106.64;111.70;111.70;17,418
Apr 12, 2022;104.98;109.00;104.07;108.78;108.78;22,26
Apr 11, 2022;99.25;105.60;98.98;104.64;104.64;22,697
Apr 10, 2022;103.07;103.09;97.62;98.48;98.48;23,852
Apr 07, 2022;101.69;103.25;99.71;102.78;102.78;16,735
Apr 06, 2022;102.15;103.50;98.45;100.58;100.58;19,577
Apr 05, 2022;105.79;108.66;100.54;101.07;101.07;20,212
Apr 04, 2022;108.24;109.85;104.56;106.64;106.64;15,613
Apr 03, 2022;104.25;108.55;102.91;107.53;107.53;18,406
Mar 31, 2022;107.67;107.67;107.67;107.67;107.67;17,144
Mar 30, 2022;108.71;109.36;107.37;107.91;107.91;31
Mar 29, 2022;111.00;114.65;110.90;113.45;113.45;4,472
Mar 28, 2022;109.73;114.71;104.98;110.23;110.23;7,152
Mar 27, 2022;120.31;120.31;109.06;112.48;112.48;15,212
Mar 24, 2022;118.28;120.87;115.21;120.65;120.65;14,026
Mar 23, 2022;121.27;123.70;116.95;119.03;119.03;12,778
Mar 22, 2022;114.74;122.29;114.42;121.60;121.60;14,286
Mar 21, 2022;116.85;119.42;112.77;115.48;115.48;14,222
Mar 20, 2022;107.37;116.73;107.09;115.62;115.62;11,62
Mar 17, 2022;107.24;109.57;105.80;107.93;107.93;10,489
Mar 16, 2022;98.10;107.57;97.88;106.64;106.64;15,091
Mar 15, 2022;99.04;103.68;96.95;98.02;98.02;18,514
Mar 14, 2022;106.00;106.46;97.50;99.91;99.91;26,067
Mar 13, 2022;112.90;113.04;103.45;106.90;106.90;19,364
Mar 11, 2022;109.72;113.88;107.13;112.67;112.67;18,819
Mar 10, 2022;112.74;118.33;108.95;109.33;109.33;30,414
Mar 09, 2022;129.57;131.63;108.00;111.14;111.14;42,74
Mar 08, 2022;124.25;133.13;121.37;127.98;127.98;38,358
Mar 07, 2022;121.24;137.00;119.07;123.21;123.21;29,504
Mar 04, 2022;110.58;118.97;109.61;118.11;118.11;34,984
Mar 03, 2022;114.25;119.77;109.42;110.46;110.46;37,42
Mar 02, 2022;107.54;115.05;106.49;112.93;112.93;59,273
Mar 01, 2022;100.85;100.85;100.85;100.85;100.85;56,428
Feb 28, 2022;100.48;104.48;99.90;100.99;100.99;448
Feb 25, 2022;99.65;101.99;96.00;97.93;97.93;7,025
Feb 24, 2022;97.56;105.75;97.49;99.08;99.08;21,282
Feb 23, 2022;96.63;98.70;95.80;96.84;96.84;33,549
Feb 22, 2022;94.28;99.44;92.56;96.84;96.84;59,945
Feb 18, 2022;92.98;94.15;90.26;93.54;93.54;42,436
Feb 17, 2022;92.09;94.51;91.82;92.97;92.97;38,045
Feb 16, 2022;93.59;96.07;91.14;94.81;94.81;45,148
Feb 15, 2022;95.76;96.24;92.06;93.28;93.28;45,181
Feb 14, 2022;95.31;96.78;93.46;96.48;96.48;48,449
Feb 11, 2022;91.26;95.64;90.52;94.44;94.44;53,045
Feb 10, 2022;91.72;93.09;90.90;91.41;91.41;43,235
Feb 09, 2022;91.27;92.06;90.06;91.55;91.55;34,759
Feb 08, 2022;93.01;93.01;89.93;90.78;90.78;39,288
Feb 07, 2022;92.73;93.99;92.15;92.69;92.69;37,016
Feb 04, 2022;91.04;93.70;90.89;93.27;93.27;33,357
Feb 03, 2022;89.06;91.29;88.01;91.11;91.11;33,059
Feb 02, 2022;89.29;90.51;88.28;89.47;89.47;38,172
Feb 01, 2022;91.29;91.29;91.29;91.29;91.29;36,248
Jan 31, 2022;90.80;91.30;90.75;91.21;91.21;118
Jan 28, 2022;89.89;91.69;89.41;90.03;90.03;10,824
Jan 27, 2022;89.78;91.04;88.98;89.34;89.34;15,201
Jan 26, 2022;88.02;90.48;87.80;89.96;89.96;29,805
Jan 25, 2022;87.17;88.36;86.19;88.20;88.20;29,496
Jan 24, 2022;87.65;88.88;85.02;86.27;86.27;34,253
Jan 21, 2022;87.35;88.22;85.71;87.89;87.89;29,566
Jan 20, 2022;87.73;89.51;87.03;88.38;88.38;30,524
Jan 19, 2022;88.45;89.17;87.63;88.44;88.44;37,483
Jan 18, 2022;86.50;88.55;85.55;87.51;87.51;45,875
Jan 14, 2022;84.13;86.50;84.03;86.06;86.06;31,97
Jan 13, 2022;84.78;85.09;83.79;84.47;84.47;27,107
Jan 12, 2022;83.69;85.20;83.51;84.67;84.67;32,298
Jan 11, 2022;80.96;83.97;80.88;83.72;83.72;37,934
Jan 10, 2022;81.79;82.27;80.49;80.87;80.87;30,035
Jan 07, 2022;82.06;82.99;81.44;81.75;81.75;29,501
Jan 06, 2022;80.15;82.84;79.63;81.99;81.99;41,582
Jan 05, 2022;80.08;81.49;79.55;80.80;80.80;35,152
Jan 04, 2022;78.95;80.55;78.60;80.00;80.00;31,321
Jan 03, 2022;77.94;79.28;77.04;78.98;78.98;27,224
Dec 31, 2021;79.20;79.20;79.20;79.20;79.20;21,74
Dec 30, 2021;79.25;79.62;78.66;79.32;79.32;476
Dec 29, 2021;79.00;80.16;78.14;79.23;79.23;7,057
Dec 28, 2021;78.87;79.85;78.47;78.94;78.94;8,523
Dec 27, 2021;76.30;79.06;75.76;78.60;78.60;15,723
Dec 23, 2021;75.67;76.98;74.79;76.85;76.85;27,624
Dec 22, 2021;74.04;75.69;73.59;75.29;75.29;28,541
Dec 21, 2021;72.10;74.26;71.24;73.98;73.98;27,386
Dec 20, 2021;73.06;73.07;69.26;71.52;71.52;36,842
Dec 17, 2021;74.51;74.96;72.62;73.52;73.52;26,087
Dec 16, 2021;74.57;75.59;74.00;75.02;75.02;26,965
Dec 15, 2021;73.26;74.57;72.48;73.88;73.88;29,294
Dec 14, 2021;74.30;75.15;72.57;73.70;73.70;31,237
Dec 13, 2021;75.54;76.39;74.19;74.39;74.39;27,562
Dec 10, 2021;74.10;75.70;73.80;75.15;75.15;24,682
Dec 09, 2021;76.02;76.70;73.83;74.42;74.42;27,715
Dec 08, 2021;75.27;76.37;74.40;75.82;75.82;31,08
Dec 07, 2021;73.54;76.26;73.23;75.44;75.44;34,533
Dec 06, 2021;70.30;73.78;70.29;73.08;73.08;32,294
Dec 03, 2021;70.50;72.60;69.23;69.88;69.88;43,639
Dec 02, 2021;68.81;70.71;65.77;69.67;69.67;81,072
Dec 01, 2021;70.14;72.86;68.15;68.87;68.87;56,808
Nov 30, 2021;74.57;74.57;70.22;70.57;70.57;77,84
Nov 29, 2021;73.59;77.00;72.64;73.44;73.44;12,507
Nov 26, 2021;82.27;82.56;72.11;72.72;72.72;29,171
Nov 24, 2021;82.20;83.00;81.64;82.25;82.25;30,734
Nov 23, 2021;79.42;82.59;78.57;82.31;82.31;41,865
Nov 22, 2021;78.67;80.09;77.54;79.70;79.70;39,085
Nov 19, 2021;81.01;82.23;78.05;78.89;78.89;44,18
Nov 18, 2021;80.28;81.42;79.27;81.24;81.24;30,49
Nov 17, 2021;82.33;82.36;79.77;80.28;80.28;38,038
Nov 16, 2021;82.11;83.14;81.55;82.43;82.43;25,767
Nov 15, 2021;81.92;82.49;80.68;82.05;82.05;32,804
Nov 12, 2021;82.67;82.87;81.26;82.17;82.17;27,167
Nov 11, 2021;82.64;83.43;81.66;82.87;82.87;31,162
Nov 10, 2021;85.16;85.50;82.09;82.64;82.64;36,273
Nov 09, 2021;83.59;85.14;83.18;84.78;84.78;34,996
Nov 08, 2021;82.57;83.99;82.50;83.43;83.43;27,655
Nov 04, 2021;81.00;83.15;80.27;82.74;82.74;43,13
Nov 03, 2021;81.32;84.50;80.19;80.54;80.54;72,626
Nov 02, 2021;84.04;84.18;81.08;81.99;81.99;50,062
Nov 01, 2021;84.42;85.22;83.76;84.72;84.72;40,105
Oct 31, 2021;83.73;85.11;83.03;84.71;84.71;36,245
Oct 28, 2021;84.19;84.56;84.06;84.38;84.38;35,155
Oct 27, 2021;84.18;84.57;82.31;84.32;84.32;10,576
Oct 26, 2021;86.13;86.27;84.05;84.58;84.58;25,643
Oct 25, 2021;86.03;86.53;85.28;86.40;86.40;32,042
Oct 24, 2021;85.71;86.72;85.44;85.99;85.99;43,061
Oct 21, 2021;84.65;85.94;83.83;85.53;85.53;41,174
Oct 20, 2021;85.88;86.12;83.36;84.61;84.61;49,004
Oct 19, 2021;85.10;85.89;83.63;85.82;85.82;43,107
Oct 18, 2021;84.11;85.40;83.71;85.08;85.08;45,141
Oct 17, 2021;85.05;86.03;83.96;84.33;84.33;40,153
Oct 14, 2021;84.20;85.10;84.17;84.86;84.86;33,044
Oct 13, 2021;83.35;84.53;83.19;84.00;84.00;37,348
Oct 12, 2021;83.16;83.69;82.21;83.18;83.18;39,594
Oct 11, 2021;83.61;84.23;82.72;83.42;83.42;47,351
Oct 10, 2021;82.59;84.60;82.56;83.65;83.65;46,216
Oct 07, 2021;82.39;83.43;81.96;82.39;82.39;48,729
Oct 06, 2021;80.80;82.50;79.08;81.95;81.95;43,83
Oct 05, 2021;82.66;83.44;80.59;81.08;81.08;41,389
Oct 04, 2021;81.28;83.11;81.20;82.56;82.56;44,439
Oct 03, 2021;79.36;82.00;78.76;81.26;81.26;43,286
Sep 30, 2021;78.41;79.41;77.57;79.28;79.28;31,697
Sep 29, 2021;78.33;79.16;77.64;78.52;78.52;51,076
Sep 28, 2021;78.25;79.41;77.53;78.64;78.64;8,319
Sep 27, 2021;79.42;80.74;78.08;79.09;79.09;21,656
Sep 26, 2021;78.23;79.88;78.21;79.53;79.53;20,799
Sep 23, 2021;77.18;78.25;76.87;78.09;78.09;20,417
Sep 22, 2021;75.87;77.34;75.60;77.25;77.25;26,832
Sep 21, 2021;74.61;76.26;74.51;76.19;76.19;26,605
Sep 20, 2021;74.23;75.17;73.25;74.36;74.36;25,14
Sep 19, 2021;75.39;75.39;73.51;73.92;73.92;28,251
Sep 16, 2021;75.01;75.78;74.58;75.34;75.34;26,771
Sep 15, 2021;75.46;75.86;74.48;75.67;75.67;27,363
Sep 14, 2021;73.84;76.13;73.78;75.46;75.46;35,197
Sep 13, 2021;73.73;74.27;73.08;73.60;73.60;27,69
Sep 12, 2021;73.05;73.93;72.70;73.51;73.51;26,51
Sep 09, 2021;71.31;73.14;70.96;72.92;72.92;26,654
Sep 08, 2021;72.62;73.19;70.89;71.45;71.45;35,106
Sep 07, 2021;71.58;72.95;71.56;72.60;72.60;31,671
Sep 06, 2021;72.69;72.77;71.10;71.69;71.69;35,294
Sep 02, 2021;72.81;73.70;72.40;72.61;72.61;27,095
Sep 01, 2021;71.24;73.46;70.92;73.03;73.03;30,185
Aug 31, 2021;71.70;72.37;70.41;71.59;71.59;32,339
Aug 30, 2021;73.03;73.49;72.91;72.99;72.99;28,933
Aug 29, 2021;73.59;73.70;71.99;73.41;73.41;3,291
Aug 26, 2021;71.42;72.74;71.16;72.70;72.70;13,316
Aug 25, 2021;71.84;72.13;70.68;71.07;71.07;24,373
Aug 24, 2021;71.13;72.41;70.51;72.25;72.25;32,345
Aug 23, 2021;68.68;71.30;68.52;71.05;71.05;38,685
Aug 22, 2021;65.18;68.91;64.83;68.75;68.75;29,582
Aug 19, 2021;66.60;66.92;64.80;65.18;65.18;27,104
Aug 18, 2021;67.42;67.65;65.56;66.45;66.45;35,816
Aug 17, 2021;69.01;70.04;67.22;68.23;68.23;34,264
Aug 16, 2021;69.65;70.01;68.82;69.03;69.03;29,163
Aug 15, 2021;70.22;70.40;68.14;69.51;69.51;33,537
Aug 12, 2021;71.12;71.39;70.00;70.59;70.59;26,874
Aug 11, 2021;71.58;71.89;70.68;71.31;71.31;22,952
Aug 10, 2021;70.91;71.63;69.07;71.44;71.44;34,214
Aug 09, 2021;69.29;71.23;68.97;70.63;70.63;30,525
Aug 08, 2021;70.06;70.06;67.61;69.04;69.04;42,738
Aug 05, 2021;71.26;72.43;70.28;70.70;70.70;35,762
Aug 04, 2021;70.25;71.50;69.75;71.29;71.29;32,444
Aug 03, 2021;72.33;72.82;70.12;70.38;70.38;44,616
Aug 02, 2021;73.23;73.53;71.04;72.41;72.41;41,458
Aug 01, 2021;75.18;75.33;72.31;72.89;72.89;38,106
Jul 29, 2021;75.80;76.39;75.51;76.33;76.33;27,919
Jul 28, 2021;74.81;76.14;74.63;76.05;76.05;9,158
Jul 27, 2021;74.66;75.31;74.44;74.74;74.74;20,863
Jul 26, 2021;74.79;75.05;74.02;74.48;74.48;26,028
Jul 25, 2021;74.17;74.83;72.75;74.50;74.50;31,628
Jul 22, 2021;73.71;74.21;73.33;74.10;74.10;23,724
Jul 21, 2021;72.10;73.90;71.75;73.79;73.79;34,425
Jul 20, 2021;68.74;72.36;68.64;72.23;72.23;43,341
Jul 19, 2021;68.76;69.73;67.42;69.35;69.35;43,067
Jul 18, 2021;73.00;73.29;67.85;68.62;68.62;58,659
Jul 15, 2021;73.26;74.07;72.34;73.59;73.59;33,536
Jul 14, 2021;74.55;74.64;73.16;73.47;73.47;41,748
Jul 13, 2021;76.40;76.71;73.76;74.76;74.76;49,772
Jul 12, 2021;75.23;76.61;74.96;76.49;76.49;32,219
Jul 11, 2021;75.64;75.84;74.24;75.16;75.16;32,255
Jul 08, 2021;74.36;75.79;73.82;75.55;75.55;31,967
Jul 07, 2021;73.47;74.39;72.10;74.12;74.12;42,366
Jul 06, 2021;74.96;75.99;72.59;73.43;73.43;51,166
Jul 05, 2021;76.09;77.83;74.12;74.53;74.53;58,679
Jul 01, 2021;75.59;76.43;75.23;76.17;76.17;31,167
Jun 30, 2021;74.70;76.75;74.55;75.84;75.84;52,21
Jun 29, 2021;75.14;75.60;74.54;75.13;75.13;33,596
Jun 28, 2021;74.60;75.51;73.91;74.76;74.76;4,089
Jun 27, 2021;76.16;76.59;74.52;74.68;74.68;27,711
Jun 24, 2021;75.61;76.21;74.95;76.18;76.18;31,417
Jun 23, 2021;75.37;75.77;74.52;75.56;75.56;26,664
Jun 22, 2021;74.76;76.00;74.73;75.19;75.19;32,883
Jun 21, 2021;74.81;75.29;74.34;74.81;74.81;39,381
Jun 20, 2021;73.33;74.95;72.98;74.90;74.90;38,734
Jun 17, 2021;73.07;73.75;72.18;73.51;73.51;26,417
Jun 16, 2021;73.98;74.49;72.00;73.08;73.08;42,085
Jun 15, 2021;74.30;74.96;73.89;74.39;74.39;42,294
Jun 14, 2021;73.10;74.33;72.78;73.99;73.99;32,191
Jun 13, 2021;72.49;73.64;72.49;72.86;72.86;25,816
Jun 10, 2021;72.39;73.08;71.88;72.69;72.69;36,538
Jun 09, 2021;72.09;72.92;70.95;72.52;72.52;37,08
Jun 08, 2021;72.14;72.88;71.82;72.22;72.22;31,013
Jun 07, 2021;71.39;72.41;70.72;72.22;72.22;29,742
Jun 06, 2021;71.70;72.26;71.10;71.49;71.49;21,019
Jun 03, 2021;71.35;72.17;70.76;71.89;71.89;24,006
Jun 02, 2021;71.27;71.98;70.66;71.31;71.31;25,178
Jun 01, 2021;70.56;71.49;70.37;71.35;71.35;22,202
May 31, 2021;69.63;69.63;69.63;69.63;69.63;39,925
May 27, 2021;69.62;69.83;69.42;69.63;69.63;861
May 26, 2021;68.88;69.51;68.11;69.46;69.46;6,546
May 25, 2021;68.63;69.16;68.03;68.87;68.87;21,097
May 24, 2021;68.39;68.89;67.84;68.65;68.65;20,377
May 23, 2021;66.64;68.64;66.47;68.46;68.46;29,4
May 20, 2021;65.04;66.94;64.56;66.44;66.44;33,829
May 19, 2021;66.73;67.15;64.79;65.11;65.11;35,448
May 18, 2021;68.58;68.60;65.29;66.66;66.66;42,607
May 17, 2021;69.53;70.24;67.28;68.71;68.71;43,138
May 16, 2021;68.86;69.63;68.20;69.46;69.46;26,662
May 13, 2021;67.01;68.86;66.50;68.71;68.71;31,042
May 12, 2021;69.02;69.02;66.47;67.05;67.05;38,726
May 11, 2021;68.72;69.90;68.19;69.32;69.32;31,702
May 10, 2021;68.24;68.75;67.13;68.55;68.55;40,504
May 09, 2021;68.62;70.26;67.41;68.32;68.32;31,833
May 06, 2021;68.29;68.61;67.38;68.28;68.28;29,163
May 05, 2021;68.57;69.37;67.93;68.09;68.09;25,171
May 04, 2021;69.50;69.96;68.34;68.96;68.96;32,004
May 03, 2021;-;-;-;-;-;-
May 02, 2021;67.29;67.29;67.29;67.29;67.29;27,613
Apr 29, 2021;68.32;68.32;67.15;67.25;67.25;1,136
Apr 28, 2021;67.04;68.95;67.04;68.56;68.56;10,592
Apr 27, 2021;66.66;67.86;66.16;67.27;67.27;24,119
Apr 26, 2021;65.77;66.80;65.70;66.42;66.42;33,604
Apr 25, 2021;66.02;66.25;64.57;65.65;65.65;27,25
Apr 22, 2021;65.62;66.31;65.17;66.11;66.11;22,397
Apr 21, 2021;65.11;65.84;64.58;65.40;65.40;26,722
Apr 20, 2021;66.36;66.52;64.96;65.32;65.32;32,764
Apr 19, 2021;67.12;68.08;65.50;66.57;66.57;40,194
Apr 18, 2021;66.69;67.23;66.19;67.05;67.05;19,74
Apr 15, 2021;66.86;67.38;66.45;66.77;66.77;24,035
Apr 14, 2021;66.35;67.03;65.96;66.94;66.94;23,442
Apr 13, 2021;64.01;66.90;63.89;66.58;66.58;35,988
Apr 12, 2021;63.24;64.18;63.23;63.67;63.67;26,957
Apr 11, 2021;63.02;64.31;62.41;63.28;63.28;36,366
Apr 08, 2021;63.29;63.46;62.57;62.95;62.95;29,073
Apr 07, 2021;62.98;63.42;62.38;63.20;63.20;32,283
Apr 06, 2021;62.68;63.52;61.60;63.16;63.16;42,225
Apr 05, 2021;62.30;64.27;62.08;62.74;62.74;44,319
Apr 04, 2021;64.81;64.81;61.24;62.15;62.15;37,285
Mar 31, 2021;63.60;63.60;63.60;63.60;63.60;66,715
Mar 30, 2021;64.48;64.69;63.54;63.54;63.54;257
Mar 29, 2021;65.31;65.65;63.64;64.14;64.14;4,695
Mar 28, 2021;64.04;65.45;63.14;64.98;64.98;18,231
Mar 25, 2021;61.74;64.88;61.74;64.57;64.57;23,364
Mar 24, 2021;64.15;64.15;60.98;61.95;61.95;27,894
Mar 23, 2021;60.35;64.56;60.34;64.41;64.41;36,451
Mar 22, 2021;64.31;64.34;60.26;60.79;60.79;43,2
Mar 21, 2021;64.66;65.07;63.45;64.62;64.62;29,644
Mar 18, 2021;62.83;64.90;62.08;64.53;64.53;54,241
Mar 17, 2021;67.93;68.15;61.42;63.28;63.28;61,688
Mar 16, 2021;68.39;68.88;66.96;68.00;68.00;37,607
Mar 15, 2021;68.86;68.96;67.36;68.39;68.39;27,321
Mar 14, 2021;69.12;70.02;67.83;68.88;68.88;30,212
Mar 12, 2021;69.59;69.90;69.03;69.22;69.22;27,364
Mar 11, 2021;68.26;69.83;68.00;69.63;69.63;30,629
Mar 10, 2021;67.33;68.43;66.52;67.90;67.90;37,089
Mar 09, 2021;68.10;69.32;67.14;67.52;67.52;30,989
Mar 08, 2021;69.90;71.36;67.81;68.24;68.24;37,511
Mar 05, 2021;67.26;69.69;66.66;69.36;69.36;40,754
Mar 04, 2021;63.94;67.73;63.36;66.74;66.74;67,79
Mar 03, 2021;62.47;64.70;62.34;64.07;64.07;35,401
Mar 02, 2021;63.39;64.13;62.37;62.70;62.70;37,996
Mar 01, 2021;65.95;65.95;65.95;65.95;65.95;33,869
Feb 26, 2021;66.71;66.88;65.70;66.13;66.13;191
Feb 25, 2021;67.34;67.70;66.49;66.88;66.88;11,746
Feb 24, 2021;65.23;67.29;64.80;67.04;67.04;27
Feb 23, 2021;65.66;66.79;64.48;65.37;65.37;34,643
Feb 22, 2021;62.73;65.84;62.59;65.24;65.24;32,173
Feb 19, 2021;63.65;63.93;62.11;62.91;62.91;54,254
Feb 18, 2021;64.87;65.49;63.23;63.93;63.93;43,309
Feb 17, 2021;63.55;64.95;62.75;64.34;64.34;47,339
Feb 16, 2021;62.77;63.81;62.69;63.35;63.35;65,492
Feb 12, 2021;60.86;62.83;60.34;62.43;62.43;36,933
Feb 11, 2021;61.21;61.50;60.73;61.14;61.14;26,169
Feb 10, 2021;61.23;61.68;60.89;61.47;61.47;28,344
Feb 09, 2021;60.64;61.27;60.04;61.09;61.09;31,23
Feb 08, 2021;59.56;60.70;59.55;60.56;60.56;21,098
Feb 05, 2021;59.10;59.79;59.08;59.34;59.34;23,51
Feb 04, 2021;58.67;59.05;58.06;58.84;58.84;24,732
Feb 03, 2021;57.79;58.94;57.53;58.46;58.46;34,146
Feb 02, 2021;56.29;58.05;56.22;57.46;57.46;34,815
Feb 01, 2021;55.88;55.88;55.88;55.88;55.88;34,234
Jan 29, 2021;55.52;56.35;55.43;55.88;55.88;1,143
Jan 28, 2021;55.67;56.59;55.22;55.53;55.53;6,141
Jan 27, 2021;56.08;56.48;55.20;55.81;55.81;20,094
Jan 26, 2021;55.98;56.34;55.40;55.91;55.91;19,102
Jan 25, 2021;55.20;56.02;55.09;55.88;55.88;24,457
Jan 22, 2021;56.15;56.17;54.49;55.41;55.41;33,071
Jan 21, 2021;55.78;56.24;55.51;56.10;56.10;22,792
Jan 20, 2021;55.90;56.62;55.65;56.08;56.08;33,793
Jan 19, 2021;54.74;56.08;54.50;55.90;55.90;36,91
Jan 15, 2021;56.43;56.64;54.65;55.10;55.10;30,604
Jan 14, 2021;55.94;56.54;55.24;56.42;56.42;33,446
Jan 13, 2021;56.73;57.42;55.78;56.06;56.06;32,953
Jan 12, 2021;55.56;56.78;55.53;56.58;56.58;27,874
Jan 11, 2021;56.21;56.28;54.98;55.66;55.66;33,199
Jan 08, 2021;54.46;56.30;54.36;55.99;55.99;37,597
Jan 07, 2021;54.14;54.90;53.94;54.38;54.38;30,8
Jan 06, 2021;53.59;54.72;53.15;54.30;54.30;49,186
Jan 05, 2021;50.74;53.88;50.62;53.60;53.60;62,791
Jan 04, 2021;51.66;53.32;50.58;51.09;51.09;50,232
Dec 31, 2020;-;-;-;-;-;-
Dec 30, 2020;51.05;51.52;51.05;51.34;51.34;18,326
Dec 29, 2020;51.06;51.63;50.87;51.09;51.09;5,788
Dec 28, 2020;51.20;52.02;50.52;50.86;50.86;9,704
Dec 24, 2020;51.10;51.76;50.64;51.29;51.29;11,666
Dec 23, 2020;49.80;51.59;49.18;51.20;51.20;18,879
Dec 22, 2020;50.90;50.93;49.56;50.08;50.08;22,381
Dec 21, 2020;52.31;52.34;49.21;50.91;50.91;33,507
Dec 18, 2020;51.45;52.47;51.14;52.26;52.26;24,749
Dec 17, 2020;51.08;51.88;51.01;51.50;51.50;24,947
Dec 16, 2020;50.72;51.20;50.36;51.08;51.08;25,996
Dec 15, 2020;50.33;50.88;49.79;50.76;50.76;24,071
Dec 14, 2020;50.06;50.80;49.18;50.29;50.29;28,782
Dec 11, 2020;50.34;50.74;49.75;49.97;49.97;25,222
Dec 10, 2020;48.98;51.07;48.86;50.25;50.25;30,919
Dec 09, 2020;48.83;49.54;48.38;48.86;48.86;36,534
Dec 08, 2020;48.68;49.00;48.11;48.84;48.84;27,102
Dec 07, 2020;49.23;49.43;48.39;48.79;48.79;23,896
Dec 04, 2020;48.82;49.86;48.77;49.25;49.25;31,658
Dec 03, 2020;48.08;48.93;47.68;48.71;48.71;36,526
Dec 02, 2020;47.14;48.75;46.77;48.25;48.25;35,514
Dec 01, 2020;47.61;47.61;47.61;47.61;47.61;31,987
Nov 30, 2020;47.75;47.95;46.85;47.59;47.59;524
Nov 27, 2020;48.90;49.07;47.36;48.18;48.18;12,454
Nov 25, 2020;47.86;49.05;47.60;48.61;48.61;24,897
Nov 24, 2020;45.84;48.03;45.84;47.86;47.86;31,692
Nov 23, 2020;45.13;46.12;44.90;46.06;46.06;35,378
Nov 20, 2020;44.22;45.19;44.00;44.96;44.96;24,489
Nov 19, 2020;44.16;44.58;43.79;44.20;44.20;25,836
Nov 18, 2020;43.78;44.88;43.49;44.34;44.34;28,668
Nov 17, 2020;43.90;44.23;43.08;43.75;43.75;27,858
Nov 16, 2020;42.73;44.68;42.64;43.82;43.82;37,77
Nov 13, 2020;43.33;43.34;42.63;42.78;42.78;34,737
Nov 12, 2020;43.78;44.48;43.28;43.53;43.53;36,578
Nov 11, 2020;43.96;45.31;43.61;43.80;43.80;43,047
Nov 10, 2020;42.13;44.07;41.55;43.61;43.61;41,973
Nov 09, 2020;39.70;43.49;39.61;42.40;42.40;55,156
Nov 06, 2020;40.77;40.78;39.33;39.45;39.45;33,078
Nov 05, 2020;41.17;41.52;40.34;40.93;40.93;30,961
Nov 04, 2020;40.15;41.34;39.41;41.23;41.23;39,329
Nov 03, 2020;39.22;40.44;38.65;39.71;39.71;39,534
Nov 02, 2020;37.46;37.46;37.46;37.46;37.46;40,454
Oct 29, 2020;37.62;38.02;37.00;37.46;37.46;908
Oct 28, 2020;39.32;39.50;36.68;37.65;37.65;14,205
Oct 27, 2020;40.71;40.71;38.74;39.12;39.12;21,228
Oct 26, 2020;40.52;41.47;40.40;41.20;41.20;26,72
Oct 25, 2020;41.63;41.63;40.22;40.46;40.46;28,463
Oct 22, 2020;42.44;42.80;41.50;41.77;41.77;26,207
Oct 21, 2020;41.72;42.79;41.47;42.46;42.46;30,59
Oct 20, 2020;42.82;43.04;41.46;41.73;41.73;31,681
Oct 19, 2020;42.43;43.31;42.19;43.16;43.16;31,677
Oct 18, 2020;42.74;43.22;42.37;42.62;42.62;26,265
Oct 15, 2020;43.04;43.20;42.27;42.93;42.93;24,159
Oct 14, 2020;43.41;43.60;41.56;43.16;43.16;40,144
Oct 13, 2020;42.42;43.43;42.13;43.32;43.32;28,837
Oct 12, 2020;41.83;42.67;41.65;42.45;42.45;22,528
Oct 11, 2020;42.69;42.81;41.35;41.72;41.72;24,754
Oct 08, 2020;43.41;43.56;42.61;42.85;42.85;26,041
Oct 07, 2020;42.06;43.47;41.86;43.34;43.34;33,351
Oct 06, 2020;41.94;42.42;41.36;41.99;41.99;30,17
Oct 05, 2020;41.52;42.84;41.22;42.65;42.65;37,426
Oct 04, 2020;39.22;41.78;39.21;41.29;41.29;30,456
Oct 01, 2020;40.79;40.82;38.79;39.27;39.27;37,29
Sep 30, 2020;40.96;40.96;40.96;40.96;40.96;36,595
Sep 29, 2020;40.75;40.97;40.42;40.95;40.95;517
Sep 28, 2020;42.43;42.52;40.44;41.03;41.03;8,209
Sep 27, 2020;41.85;42.62;41.48;42.43;42.43;11,999
Sep 24, 2020;41.93;42.33;41.53;41.92;41.92;17,141
Sep 23, 2020;41.50;42.02;41.12;41.94;41.94;21,94
Sep 22, 2020;41.74;42.64;41.25;41.77;41.77;23,779
Sep 21, 2020;41.79;42.19;41.21;41.72;41.72;19,914
Sep 20, 2020;43.02;43.28;40.98;41.44;41.44;24,298
Sep 17, 2020;43.26;43.81;42.53;43.15;43.15;26,032
Sep 16, 2020;42.26;43.51;41.52;43.30;43.30;27,245
Sep 15, 2020;40.75;42.44;40.58;42.22;42.22;29,327
Sep 14, 2020;39.66;40.82;39.39;40.53;40.53;25,333
Sep 13, 2020;39.77;40.09;39.31;39.61;39.61;22,118
Sep 10, 2020;39.95;40.35;39.38;39.83;39.83;24,576
Sep 09, 2020;40.64;40.95;39.72;40.06;40.06;24,171
Sep 08, 2020;39.80;41.20;39.28;40.79;40.79;30,286
Sep 07, 2020;42.22;42.45;39.30;39.78;39.78;52,172
Sep 03, 2020;43.87;44.54;42.30;42.66;42.66;32,21
Sep 02, 2020;44.37;44.61;43.16;44.07;44.07;30,615
Sep 01, 2020;45.85;46.04;44.20;44.43;44.43;31,416
Aug 31, 2020;-;-;-;-;-;-
Aug 30, 2020;45.10;45.10;45.10;45.10;45.10;19,914
Aug 27, 2020;45.05;45.29;44.82;45.05;45.05;620
Aug 26, 2020;45.62;45.82;44.56;45.09;45.09;10,776
Aug 25, 2020;45.98;46.09;45.55;45.64;45.64;16,657
Aug 24, 2020;44.99;46.04;44.99;45.86;45.86;23,808
Aug 23, 2020;44.42;45.17;44.28;45.13;45.13;21,033
Aug 20, 2020;44.91;45.12;43.60;44.35;44.35;25,495
Aug 19, 2020;45.27;45.27;44.01;44.90;44.90;24,042
Aug 18, 2020;45.04;45.49;44.81;45.37;45.37;18,063
Aug 17, 2020;45.38;45.54;44.77;45.46;45.46;18,063
Aug 16, 2020;44.96;45.42;44.50;45.37;45.37;19,441
Aug 13, 2020;45.05;45.42;44.48;44.80;44.80;16,681
Aug 12, 2020;45.43;45.58;44.82;44.96;44.96;13,877
Aug 11, 2020;44.58;45.62;44.51;45.43;45.43;16,995
Aug 10, 2020;44.99;45.78;44.41;44.50;44.50;19,786
Aug 09, 2020;44.61;45.26;44.40;44.99;44.99;13,672
Aug 06, 2020;45.12;45.25;44.26;44.40;44.40;20,363
Aug 05, 2020;45.24;45.71;44.85;45.09;45.09;23,131
Aug 04, 2020;44.40;46.24;44.25;45.17;45.17;29,337
Aug 03, 2020;43.91;44.82;43.24;44.43;44.43;27,305
Aug 02, 2020;43.26;43.26;43.26;43.26;43.26;26,883
Jul 30, 2020;43.32;43.52;43.07;43.30;43.30;519
Jul 29, 2020;43.80;43.82;41.38;42.94;42.94;8,373
Jul 28, 2020;43.30;43.94;43.20;43.75;43.75;10,911
Jul 27, 2020;43.62;43.82;43.01;43.22;43.22;17,828
Jul 26, 2020;43.40;43.77;42.38;43.41;43.41;22,507
Jul 23, 2020;43.36;43.90;42.80;43.34;43.34;21,918
Jul 22, 2020;44.35;44.77;43.13;43.31;43.31;25,759
Jul 21, 2020;43.90;44.40;43.62;44.29;44.29;19,676
Jul 20, 2020;43.18;44.88;43.12;44.32;44.32;24,167
Jul 19, 2020;43.09;43.43;42.37;43.28;43.28;18,019
Jul 16, 2020;43.34;43.46;42.63;43.14;43.14;21,774
Jul 15, 2020;43.64;43.81;43.14;43.37;43.37;20,484
Jul 14, 2020;43.15;43.84;42.70;43.79;43.79;23,596
Jul 13, 2020;42.32;43.20;41.80;42.90;42.90;21,724
Jul 12, 2020;43.11;43.33;42.19;42.72;42.72;22,911
Jul 09, 2020;42.40;43.41;41.32;43.24;43.24;24,083
Jul 08, 2020;43.38;43.50;41.93;42.35;42.35;23,249
Jul 07, 2020;42.96;43.46;42.78;43.29;43.29;19,171
Jul 06, 2020;43.15;43.45;42.46;43.08;43.08;18,827
Jul 05, 2020;42.75;43.71;42.75;43.10;43.10;28,969
Jul 01, 2020;42.02;43.22;41.75;43.14;43.14;21,825
Jun 30, 2020;41.13;41.13;41.13;41.13;41.13;26,731
Jun 29, 2020;41.55;41.62;40.94;41.15;41.15;688
Jun 28, 2020;40.31;41.94;40.06;41.71;41.71;9,783
Jun 25, 2020;41.47;41.78;40.29;41.02;41.02;13,481
Jun 24, 2020;40.43;41.64;39.47;41.05;41.05;32,53
Jun 23, 2020;42.33;42.89;39.62;40.31;40.31;28,537
Jun 22, 2020;43.17;43.93;42.21;42.63;42.63;27,036
Jun 21, 2020;41.55;43.17;41.51;43.08;43.08;24,433
Jun 18, 2020;41.42;42.93;41.01;42.19;42.19;34,079
Jun 17, 2020;40.58;41.64;40.05;41.51;41.51;31,042
Jun 16, 2020;40.71;41.45;40.03;40.71;40.71;29,078
Jun 15, 2020;39.77;41.66;38.97;40.96;40.96;35,087
Jun 14, 2020;38.69;39.88;37.24;39.72;39.72;30,674
Jun 11, 2020;38.38;39.44;37.00;38.73;38.73;29,653
Jun 10, 2020;41.31;41.31;37.83;38.55;38.55;36,881
Jun 09, 2020;40.87;41.99;40.13;41.73;41.73;23,565
Jun 08, 2020;40.95;41.43;39.85;41.18;41.18;26,258
Jun 07, 2020;42.41;43.43;40.68;40.80;40.80;28,718
Jun 04, 2020;39.93;42.48;39.72;42.30;42.30;28,827
Jun 03, 2020;39.38;40.10;39.06;39.99;39.99;22,661
Jun 02, 2020;39.52;40.53;38.75;39.79;39.79;34,099
Jun 01, 2020;38.48;39.79;38.34;39.57;39.57;27,662
May 31, 2020;35.32;35.32;35.32;35.32;35.32;26,475
May 28, 2020;35.03;35.36;34.18;35.33;35.33;334
May 27, 2020;34.34;35.89;33.39;35.29;35.29;9,367
May 26, 2020;36.10;36.18;34.00;34.74;34.74;16,676
May 25, 2020;35.13;36.68;34.46;36.17;36.17;29,328
May 21, 2020;35.94;36.23;33.55;35.13;35.13;31,482
May 20, 2020;35.80;36.98;35.71;36.06;36.06;29,933
May 19, 2020;34.43;36.40;34.37;35.75;35.75;25,571
May 18, 2020;35.44;35.86;34.20;34.65;34.65;24,952
May 17, 2020;32.71;35.72;32.71;34.81;34.81;28,869
May 14, 2020;31.35;32.90;30.96;32.50;32.50;29,41
May 13, 2020;29.39;31.49;28.90;31.13;31.13;25,953
May 12, 2020;29.47;30.54;28.87;29.19;29.19;25,072
May 11, 2020;30.июль;30.68;29.45;29.98;29.98;25,82
May 10, 2020;30.68;31.45;29.36;29.63;29.63;33,638
May 07, 2020;29.43;31.13;29.40;30.97;30.97;20,277
May 06, 2020;30.дек;31.84;29.июль;29.46;29.46;36,701
May 05, 2020;31.88;32.49;28.67;29.72;29.72;37,505
May 04, 2020;27.94;31.69;27.80;30.97;30.97;38,518
May 03, 2020;26.21;28.авг;25.48;27.20;27.20;30,309
Apr 30, 2020;25.29;25.29;25.29;25.29;25.29;28,681
Apr 29, 2020;23.нояб;25.81;23.нояб;25.27;25.27;1,596
Apr 28, 2020;20.75;23.83;20.35;22.54;22.54;14,425
Apr 27, 2020;20.17;21.27;18.73;20.46;20.46;21,996
Apr 26, 2020;21.30;21.91;19.нояб;19.99;19.99;25,906
Apr 23, 2020;21.79;22.67;20.51;21.44;21.44;36,158
Apr 22, 2020;21.30;23.18;20.июнь;21.33;21.33;44,993
Apr 21, 2020;19.56;22.46;16.00;20.37;20.37;51,051
Apr 20, 2020;25.96;27.23;17.52;19.33;19.33;83,111
Apr 19, 2020;28.май;28.24;25.38;25.57;25.57;46,467
Apr 16, 2020;28.47;29.00;27.60;28.авг;28.авг;44,417
Apr 15, 2020;28.июнь;29.янв;27.20;27.82;27.82;30,922
Apr 14, 2020;30.янв;30.42;27.17;27.69;27.69;32,129
Apr 13, 2020;32.09;32.38;29.40;29.60;29.60;32,146
Apr 12, 2020;33.00;33.23;30.64;31.74;31.74;28,098
Apr 08, 2020;33.66;36.43;31.24;31.48;31.48;48,214
Apr 07, 2020;32.41;33.87;31.55;32.84;32.84;39,293
Apr 06, 2020;33.31;34.18;31.73;31.87;31.87;36,246
Apr 05, 2020;31.25;34.23;30.55;33.05;33.05;36,779
Apr 02, 2020;29.96;35.00;28.28;34.11;34.11;55,373
Apr 01, 2020;25.63;32.60;25.43;29.94;29.94;65,518
Mar 31, 2020;22.76;22.76;22.76;22.76;22.76;43,466
Mar 30, 2020;22.96;23.86;22.58;22.74;22.74;717
Mar 29, 2020;24.00;24.25;21.69;22.76;22.76;9,112
Mar 26, 2020;26.71;27.00;24.17;24.93;24.93;23,547
Mar 25, 2020;27.59;27.67;26.апр;26.34;26.34;26,819
Mar 24, 2020;27.60;28.28;25.73;27.39;27.39;27,352
Mar 23, 2020;27.64;28.64;26.69;27.15;27.15;30,946
Mar 22, 2020;26.50;27.52;24.68;27.март;27.март;31,642
Mar 19, 2020;28.00;30.93;26.79;26.98;26.98;51,866
Mar 18, 2020;26.44;29.38;24.98;28.47;28.47;41,724
Mar 17, 2020;28.66;29.19;24.51;24.88;24.88;47,5
Mar 16, 2020;29.70;31.22;28.46;28.73;28.73;32,969
Mar 15, 2020;34.46;34.55;29.34;30.май;30.май;43,527
Mar 12, 2020;32.86;35.99;32.17;33.85;33.85;50,707
Mar 11, 2020;36.13;36.53;32.48;33.22;33.22;67,484
Mar 10, 2020;37.80;39.62;35.36;35.79;35.79;60,513
Mar 09, 2020;33.46;38.21;33.44;37.22;37.22;67,054
Mar 08, 2020;39.24;39.24;31.25;34.36;34.36;76,517
Mar 06, 2020;50.12;50.43;45.16;45.27;45.27;69,464
Mar 05, 2020;51.65;52.01;49.70;49.99;49.99;39,679
Mar 04, 2020;51.73;53.03;51.04;51.13;51.13;39,712
Mar 03, 2020;52.98;53.87;51.24;51.86;51.86;42,862
Mar 02, 2020;50.48;50.48;50.48;50.48;50.48;47,286
Feb 28, 2020;51.37;51.49;50.12;50.52;50.52;1,149
Feb 27, 2020;53.44;53.44;51.05;52.18;52.18;9,616
Feb 26, 2020;55.08;55.44;53.04;53.43;53.43;26,216
Feb 25, 2020;56.22;56.97;54.61;54.95;54.95;27,751
Feb 24, 2020;58.02;58.12;55.14;56.30;56.30;28,258
Feb 21, 2020;59.16;59.27;57.74;58.50;58.50;39,006
Feb 20, 2020;59.34;60.02;58.90;59.31;59.31;34,207
Feb 19, 2020;57.70;59.41;57.54;59.12;59.12;36,217
Feb 18, 2020;57.34;57.82;56.29;57.75;57.75;47,337
Feb 14, 2020;56.40;57.53;56.16;57.32;57.32;41,913
Feb 13, 2020;56.34;56.83;54.97;56.34;56.34;48,775
Feb 12, 2020;54.18;56.30;54.18;55.79;55.79;43,35
Feb 11, 2020;53.35;54.66;53.35;54.01;54.01;36,294
Feb 10, 2020;54.24;54.70;53.11;53.27;53.27;35,92
Feb 07, 2020;55.36;55.47;54.21;54.47;54.47;43,796
Feb 06, 2020;55.57;56.56;54.24;54.93;54.93;50,605
Feb 05, 2020;53.88;56.47;53.88;55.28;55.28;56,117
Feb 04, 2020;54.15;55.64;53.69;53.96;53.96;52,393
Feb 03, 2020;58.20;58.20;58.20;58.20;58.20;66,338
Jan 31, 2020;59.07;59.53;57.98;58.16;58.16;578
Jan 30, 2020;59.61;59.61;57.73;58.29;58.29;17,435
Jan 29, 2020;59.67;60.61;59.25;59.81;59.81;21,453
Jan 28, 2020;58.95;60.11;58.50;59.51;59.51;41,537
Jan 27, 2020;60.28;60.49;58.50;59.32;59.32;39,367
Jan 24, 2020;62.12;62.46;60.22;60.69;60.69;43,263
Jan 23, 2020;62.63;62.78;61.25;62.04;62.04;43,33
Jan 22, 2020;64.54;64.59;62.53;63.21;63.21;35,127
Jan 21, 2020;65.40;66.00;64.06;64.59;64.59;50,484
Jan 17, 2020;64.75;65.14;64.49;64.85;64.85;35,541
Jan 16, 2020;64.31;64.96;63.92;64.62;64.62;38,391
Jan 15, 2020;64.46;64.61;63.55;64.00;64.00;34,164
Jan 14, 2020;64.22;65.04;63.91;64.49;64.49;34,682
Jan 13, 2020;65.18;65.25;63.92;64.20;64.20;35,43
Jan 10, 2020;65.41;65.66;64.86;64.98;64.98;46,595
Jan 09, 2020;65.79;66.09;64.55;65.37;65.37;50,52
Jan 08, 2020;68.47;71.99;64.94;65.44;65.44;85,232
Jan 07, 2020;68.58;68.74;67.65;68.27;68.27;41,178
Jan 06, 2020;69.07;70.72;68.19;68.91;68.91;51,933
Jan 03, 2020;66.29;69.48;66.22;68.60;68.60;78,848
Jan 02, 2020;66.47;66.57;65.73;66.25;66.25;25,81
Dec 31, 2019;68.38;68.38;68.38;68.38;68.38;30,892
Dec 30, 2019;68.21;68.91;68.18;68.44;68.44;2,919
Dec 27, 2019;67.92;68.29;67.58;68.16;68.16;8,223
Dec 26, 2019;67.37;67.95;67.19;67.92;67.92;10,745
Dec 24, 2019;66.51;67.25;66.37;67.20;67.20;18,562
Dec 23, 2019;66.21;66.60;65.81;66.39;66.39;21,599
Dec 20, 2019;66.52;66.71;65.73;66.14;66.14;33,986
Dec 19, 2019;66.12;66.78;66.04;66.54;66.54;29,28
Dec 18, 2019;65.83;66.42;65.57;66.17;66.17;31,943
Dec 17, 2019;65.37;66.23;65.12;66.10;66.10;35,092
Dec 16, 2019;64.98;65.65;64.88;65.34;65.34;31,476
Dec 13, 2019;64.41;65.78;64.39;65.22;65.22;34,575
Dec 12, 2019;63.89;64.84;63.87;64.20;64.20;32,866
Dec 11, 2019;64.16;64.25;63.01;63.72;63.72;31,647
Dec 10, 2019;64.00;64.68;63.77;64.34;64.34;31,17
Dec 09, 2019;64.40;64.50;63.61;64.25;64.25;32,41
Dec 06, 2019;63.29;64.86;62.83;64.39;64.39;43,303
Dec 05, 2019;63.05;63.90;62.75;63.39;63.39;38,903
Dec 04, 2019;61.16;63.53;60.99;63.00;63.00;41,73
Dec 03, 2019;60.91;61.59;60.30;60.82;60.82;32,863
Dec 02, 2019;62.40;62.40;62.40;62.40;62.40;39,023
Nov 29, 2019;64.04;64.04;62.40;62.43;62.43;3,149
Nov 27, 2019;64.14;64.60;63.53;64.06;64.06;15,263
Nov 26, 2019;63.51;64.31;63.45;64.27;64.27;23,433
Nov 25, 2019;63.46;63.79;62.96;63.65;63.65;25,178
Nov 22, 2019;63.67;64.30;62.99;63.39;63.39;33,785
Nov 21, 2019;62.44;64.03;61.93;63.97;63.97;36,374
Nov 20, 2019;60.74;62.80;60.30;62.40;62.40;39,331
Nov 19, 2019;62.33;62.55;60.63;60.91;60.91;32,258
Nov 18, 2019;63.30;63.58;61.94;62.44;62.44;29,294
Nov 15, 2019;62.33;63.64;61.70;63.30;63.30;32,24
Nov 14, 2019;62.55;63.20;62.14;62.28;62.28;27,803
Nov 13, 2019;61.97;62.73;61.23;62.37;62.37;33,278
Nov 12, 2019;62.17;62.85;61.80;62.06;62.06;30,687
Nov 11, 2019;62.51;62.75;61.58;62.18;62.18;23,316
Nov 08, 2019;62.34;62.69;60.66;62.51;62.51;34,325
Nov 07, 2019;61.78;62.90;61.64;62.29;62.29;33,158
Nov 06, 2019;62.94;63.32;61.59;61.74;61.74;34,901
Nov 05, 2019;62.06;63.17;61.90;62.96;62.96;27,103
Nov 04, 2019;62.00;62.78;61.29;62.13;62.13;28,961
Oct 31, 2019;60.21;60.21;60.21;60.21;60.21;28,361
Oct 30, 2019;60.69;61.03;60.07;60.23;60.23;1,389
Oct 29, 2019;61.31;61.91;60.47;60.61;60.61;13,275
Oct 28, 2019;61.65;61.98;60.67;61.59;61.59;16,903
Oct 27, 2019;61.99;62.34;61.20;61.57;61.57;24,87
Oct 24, 2019;61.52;62.11;60.94;62.02;62.02;31,392
Oct 23, 2019;61.09;61.91;60.66;61.67;61.67;35,367
Oct 22, 2019;59.63;61.30;58.85;61.17;61.17;37,01
Oct 21, 2019;59.05;60.26;58.77;59.70;59.70;37,803
Oct 20, 2019;59.36;59.54;58.26;58.96;58.96;35,588
Oct 17, 2019;59.88;60.27;59.00;59.42;59.42;33,528
Oct 16, 2019;59.10;60.03;58.64;59.91;59.91;44,951
Oct 15, 2019;58.76;59.73;58.35;59.42;59.42;43,443
Oct 14, 2019;59.29;59.68;58.00;58.74;58.74;49,695
Oct 13, 2019;60.56;60.75;58.51;59.35;59.35;39,154
Oct 10, 2019;59.58;60.69;59.21;60.51;60.51;51,613
Oct 09, 2019;58.39;59.53;57.11;59.10;59.10;36,561
Oct 08, 2019;58.10;59.34;57.95;58.32;58.32;36,036
Oct 07, 2019;58.47;58.93;57.37;58.24;58.24;38,868
Oct 06, 2019;57.70;59.67;57.70;58.35;58.35;28,765
Oct 03, 2019;57.60;58.95;57.60;58.37;58.37;41,717
Oct 02, 2019;57.50;57.99;56.15;57.71;57.71;49,093
Oct 01, 2019;59.22;59.49;57.23;57.69;57.69;40,386
Sep 30, 2019;60.75;60.75;60.75;60.75;60.75;41,174
Sep 29, 2019;61.88;62.08;60.77;60.78;60.78;801
Sep 26, 2019;62.53;62.72;60.77;61.91;61.91;9,063
Sep 25, 2019;62.58;62.92;61.46;62.74;62.74;11,043
Sep 24, 2019;62.43;62.81;61.22;62.39;62.39;25,272
Sep 23, 2019;64.48;64.53;62.35;63.10;63.10;30,503
Sep 22, 2019;65.32;65.32;63.54;64.77;64.77;25,895
Sep 19, 2019;64.98;65.27;64.05;64.28;64.28;23,355
Sep 18, 2019;63.65;65.57;63.47;64.40;64.40;36,971
Sep 17, 2019;64.25;64.99;63.07;63.60;63.60;37,459
Sep 16, 2019;68.17;69.25;63.56;64.55;64.55;87,185
Sep 15, 2019;67.00;71.00;64.78;69.02;69.02;69,899
Sep 12, 2019;60.41;60.80;59.60;60.22;60.22;26,153
Sep 11, 2019;61.03;61.39;58.91;60.38;60.38;44,952
Sep 10, 2019;62.68;63.25;60.52;60.81;60.81;37,485
Sep 09, 2019;62.74;63.77;62.17;62.38;62.38;32,17
Sep 08, 2019;61.54;62.99;61.54;62.59;62.59;31,505
Sep 05, 2019;60.81;61.88;59.41;61.54;61.54;37,585
Sep 04, 2019;60.51;62.39;60.25;60.95;60.95;37,813
Sep 03, 2019;58.24;60.96;58.09;60.70;60.70;36,192
Sep 02, 2019;59.07;59.25;57.22;58.26;58.26;51,149
Aug 29, 2019;61.03;61.14;60.30;60.43;60.43;41,94
Aug 28, 2019;60.49;61.18;60.01;61.08;61.08;10,658
Aug 27, 2019;60.14;61.05;59.82;60.49;60.49;17,141
Aug 26, 2019;58.71;60.14;58.51;59.51;59.51;30,198
Aug 25, 2019;58.40;60.17;58.27;58.70;58.70;26,628
Aug 22, 2019;60.04;60.28;58.32;59.34;59.34;41,613
Aug 21, 2019;60.42;60.89;59.47;59.92;59.92;33,8
Aug 20, 2019;60.06;61.41;60.05;60.30;60.30;33,717
Aug 19, 2019;59.74;60.32;58.96;60.03;60.03;30,782
Aug 18, 2019;58.63;59.92;58.59;59.74;59.74;30,652
Aug 15, 2019;58.42;59.50;58.29;58.64;58.64;25,244
Aug 14, 2019;59.05;59.42;57.69;58.23;58.23;45,864
Aug 13, 2019;60.98;61.08;58.23;59.48;59.48;45,545
Aug 12, 2019;58.40;61.50;57.98;61.30;61.30;45,522
Aug 11, 2019;58.36;58.87;57.88;58.57;58.57;30,96
Aug 08, 2019;57.65;59.10;57.12;58.53;58.53;34,015
Aug 07, 2019;57.37;58.01;56.77;57.38;57.38;36,965
Aug 06, 2019;58.56;59.19;55.88;56.23;56.23;52,628
Aug 05, 2019;60.00;60.54;58.57;58.94;58.94;34,335
Aug 04, 2019;61.55;61.55;59.67;59.81;59.81;47,722
Aug 01, 2019;61.10;62.93;60.89;61.89;61.89;47,421
Jul 31, 2019;65.19;65.19;65.19;65.19;65.19;63,06
Jul 30, 2019;64.61;65.36;64.54;65.17;65.17;893
Jul 29, 2019;63.85;65.04;63.85;64.72;64.72;11,005
Jul 28, 2019;63.12;63.91;62.91;63.71;63.71;14,517
Jul 25, 2019;63.24;63.96;63.02;63.46;63.46;26,232
Jul 24, 2019;63.15;64.23;63.03;63.39;63.39;27,929
Jul 23, 2019;64.24;64.66;62.59;63.18;63.18;42,616
Jul 22, 2019;63.29;64.45;62.66;63.83;63.83;31,22
Jul 21, 2019;62.91;64.02;62.77;63.26;63.26;33,851
Jul 18, 2019;62.58;63.34;61.84;62.47;62.47;36,709
Jul 17, 2019;63.63;64.46;61.29;61.93;61.93;48,628
Jul 16, 2019;64.33;65.28;63.23;63.66;63.66;34,392
Jul 15, 2019;66.13;67.08;63.85;64.35;64.35;41,087
Jul 14, 2019;66.65;67.46;66.07;66.48;66.48;35,583
Jul 11, 2019;66.78;67.27;66.51;66.72;66.72;31,996
Jul 10, 2019;66.72;67.64;66.44;66.52;66.52;37,676
Jul 09, 2019;64.49;67.13;64.49;67.01;67.01;40,838
Jul 08, 2019;63.92;65.02;63.74;64.16;64.16;28,731
Jul 07, 2019;64.37;65.13;63.80;64.11;64.11;29,582
Jul 04, 2019;63.88;64.52;62.91;64.23;64.23;34,614
Jul 03, 2019;62.75;64.00;62.07;63.82;63.82;35,881
Jul 01, 2019;65.19;65.50;62.23;62.40;62.40;47,774
Jun 30, 2019;66.50;66.50;66.50;66.50;66.50;46,308
Jun 27, 2019;66.65;66.78;66.06;66.55;66.55;1,81
Jun 26, 2019;66.09;66.79;65.65;66.55;66.55;13,127
Jun 25, 2019;65.77;66.86;65.61;66.49;66.49;26,217
Jun 24, 2019;64.72;65.96;64.18;65.05;65.05;37,722
Jun 23, 2019;65.54;65.80;64.10;64.86;64.86;39,427
Jun 20, 2019;64.74;65.75;63.99;65.20;65.20;51,282
Jun 19, 2019;62.21;64.81;62.17;64.45;64.45;64,896
Jun 18, 2019;62.25;62.52;61.39;61.82;61.82;51,499
Jun 17, 2019;61.02;62.83;60.25;62.14;62.14;46,43
Jun 16, 2019;61.97;62.35;60.72;60.94;60.94;46,699
Jun 13, 2019;61.38;62.57;60.74;62.01;62.01;38,166
Jun 12, 2019;59.82;62.64;59.76;61.31;61.31;72,728
Jun 11, 2019;62.11;62.11;59.57;59.97;59.97;47,691
Jun 10, 2019;62.36;62.87;62.01;62.29;62.29;41,448
Jun 09, 2019;63.69;64.13;62.05;62.29;62.29;34,096
Jun 06, 2019;62.22;63.58;61.78;63.29;63.29;44,888
Jun 05, 2019;60.58;62.42;60.14;61.67;61.67;51,701
Jun 04, 2019;61.48;62.26;59.45;60.63;60.63;67,012
Jun 03, 2019;60.84;62.10;60.22;61.97;61.97;58,666
Jun 02, 2019;64.45;64.45;64.45;64.45;64.45;60,64
May 30, 2019;66.71;66.73;64.42;64.49;64.49;1,168
May 29, 2019;69.73;69.95;66.30;66.87;66.87;19,076
May 28, 2019;70.05;70.09;68.07;69.45;69.45;32,769
May 27, 2019;69.10;70.58;68.55;70.11;70.11;65,297
May 23, 2019;68.01;69.30;67.32;68.69;68.69;66,452
May 22, 2019;70.70;70.73;67.00;67.76;67.76;80,487
May 21, 2019;71.88;72.02;70.42;70.99;70.99;57,458
May 20, 2019;72.03;72.52;71.61;72.18;72.18;55,652
May 19, 2019;73.10;73.39;71.59;71.97;71.97;48,963
May 16, 2019;72.86;73.23;71.78;72.21;72.21;43,365
May 15, 2019;71.95;73.35;71.82;72.62;72.62;56,835
May 14, 2019;70.98;72.25;70.42;71.77;71.77;48,596
May 13, 2019;69.99;71.64;69.93;71.24;71.24;57,905
May 12, 2019;70.90;72.57;69.73;70.23;70.23;62,747
May 09, 2019;70.30;71.23;70.17;70.62;70.62;50,395
May 08, 2019;70.23;70.64;69.40;70.39;70.39;46,554
May 07, 2019;69.82;70.80;69.32;70.37;70.37;45,312
May 06, 2019;71.16;71.31;69.39;69.88;69.88;48,729
May 05, 2019;70.60;71.79;68.76;71.24;71.24;36,208
May 02, 2019;70.32;71.54;69.96;70.85;70.85;39
May 01, 2019;72.15;72.22;69.68;70.75;70.75;51,722
Apr 30, 2019;72.79;72.79;72.79;72.79;72.79;32,617
Apr 29, 2019;72.10;73.20;71.73;72.80;72.80;1,021
Apr 28, 2019;71.70;72.50;71.11;72.04;72.04;16,694
Apr 25, 2019;74.30;74.41;71.29;72.15;72.15;32,803
Apr 24, 2019;74.53;75.59;74.00;74.35;74.35;62,237
Apr 23, 2019;74.32;74.72;74.00;74.57;74.57;46,326
Apr 22, 2019;74.20;74.73;73.99;74.51;74.51;50,165
Apr 21, 2019;72.05;74.51;71.90;74.04;74.04;48,893
Apr 17, 2019;71.55;72.03;71.21;71.97;71.97;38,122
Apr 16, 2019;71.84;72.26;71.46;71.62;71.62;40,91
Apr 15, 2019;71.27;71.94;70.75;71.72;71.72;43,907
Apr 14, 2019;71.62;71.65;70.78;71.18;71.18;28,582
Apr 11, 2019;70.92;71.86;70.90;71.55;71.55;32,729
Apr 10, 2019;71.66;71.68;70.58;70.83;70.83;39,968
Apr 09, 2019;70.83;71.79;70.58;71.73;71.73;46,506
Apr 08, 2019;71.08;71.34;70.30;70.61;70.61;37,189
Apr 07, 2019;70.50;71.19;70.44;71.10;71.10;40,966
Apr 04, 2019;69.26;70.47;68.93;70.34;70.34;36,491
Apr 03, 2019;69.49;70.01;68.88;69.40;69.40;37,531
Apr 02, 2019;69.79;69.96;68.80;69.31;69.31;46,55
Apr 01, 2019;69.21;69.52;68.69;69.37;69.37;46,166
Mar 31, 2019;68.35;68.35;68.35;68.35;68.35;49,439
Mar 28, 2019;68.00;68.88;67.82;68.39;68.39;1,377
Mar 27, 2019;67.87;68.00;66.55;67.82;67.82;11,876
Mar 26, 2019;67.87;68.35;67.20;67.83;67.83;26,692
Mar 25, 2019;67.25;68.22;67.25;67.97;67.97;38,187
Mar 24, 2019;66.93;67.64;66.37;67.21;67.21;36,691
Mar 21, 2019;67.71;67.97;66.21;67.03;67.03;45,565
Mar 20, 2019;68.32;68.70;67.61;67.86;67.86;35,417
Mar 19, 2019;67.52;68.57;67.19;68.50;68.50;35,132
Mar 18, 2019;67.45;68.22;67.14;67.61;67.61;30,329
Mar 17, 2019;67.05;67.69;66.70;67.54;67.54;31,752
Mar 14, 2019;67.13;67.71;66.14;67.16;67.16;34,969
Mar 13, 2019;67.59;68.13;67.03;67.23;67.23;32,817
Mar 12, 2019;66.88;67.75;66.71;67.55;67.55;36,739
Mar 11, 2019;66.68;67.39;66.35;66.67;66.67;37,897
Mar 10, 2019;65.73;66.78;65.65;66.58;66.58;37,538
Mar 08, 2019;66.07;66.08;64.01;65.74;65.74;49,867
Mar 07, 2019;65.93;66.99;65.76;66.30;66.30;35,738
Mar 06, 2019;65.63;66.17;65.23;65.99;65.99;41,21
Mar 05, 2019;65.72;66.22;65.04;65.86;65.86;28,346
Mar 04, 2019;65.01;66.34;65.01;65.67;65.67;28,931
Mar 01, 2019;66.01;66.01;66.01;66.01;66.01;38,355
Feb 28, 2019;66.32;66.36;65.75;66.03;66.03;1,028
Feb 27, 2019;65.54;66.70;65.30;66.39;66.39;10,2
Feb 26, 2019;64.72;65.72;64.34;65.21;65.21;18,661
Feb 25, 2019;66.80;67.47;64.56;64.76;64.76;31,914
Feb 22, 2019;66.89;67.73;66.83;67.12;67.12;23,973
Feb 21, 2019;67.15;67.32;66.70;67.07;67.07;27,113
Feb 20, 2019;66.36;67.37;65.63;67.08;67.08;29,155
Feb 19, 2019;66.31;66.83;65.58;66.45;66.45;46,238
Feb 15, 2019;64.61;66.40;64.43;66.25;66.25;36,154
Feb 14, 2019;63.63;64.81;63.28;64.57;64.57;39,526
Feb 13, 2019;62.65;63.96;62.65;63.61;63.61;33,859
Feb 12, 2019;61.60;63.32;61.54;62.42;62.42;36,801
Feb 11, 2019;62.00;62.34;60.90;61.51;61.51;35,285
Feb 08, 2019;61.60;62.35;61.05;62.10;62.10;36,111
Feb 07, 2019;62.66;62.90;60.61;61.63;61.63;33,982
Feb 06, 2019;62.04;62.80;61.05;62.69;62.69;26,542
Feb 05, 2019;62.78;63.02;61.72;61.98;61.98;27,285
Feb 04, 2019;62.70;63.63;61.28;62.51;62.51;36,025
Feb 01, 2019;61.87;61.87;61.87;61.87;61.87;30,044
Jan 31, 2019;61.69;62.32;61.64;61.89;61.89;1,288
Jan 30, 2019;61.25;62.64;61.07;61.65;61.65;12,039
Jan 29, 2019;59.98;61.79;59.76;61.32;61.32;18,715
Jan 28, 2019;61.33;61.67;59.48;59.93;59.93;34,315
Jan 25, 2019;61.14;61.91;60.71;61.64;61.64;30,262
Jan 24, 2019;61.02;61.50;60.41;61.09;61.09;35,861
Jan 23, 2019;61.57;62.30;60.22;61.14;61.14;35,364
Jan 22, 2019;62.74;63.12;60.58;61.50;61.50;53,602
Jan 18, 2019;61.19;62.99;61.06;62.70;62.70;39,637
Jan 17, 2019;61.18;61.54;60.04;61.18;61.18;30,131
Jan 16, 2019;60.64;61.43;60.04;61.32;61.32;32,025
Jan 15, 2019;59.26;60.85;59.11;60.64;60.64;29,948
Jan 14, 2019;60.54;61.02;58.91;58.99;58.99;31,241
Jan 11, 2019;61.25;62.47;60.08;60.48;60.48;31,369
Jan 10, 2019;61.33;61.90;60.45;61.68;61.68;31,333
Jan 09, 2019;58.65;61.68;58.62;61.44;61.44;38,989
Jan 08, 2019;57.63;58.86;57.11;58.72;58.72;34,135
Jan 07, 2019;57.37;58.92;57.28;57.33;57.33;41,677
Jan 04, 2019;55.58;58.30;55.36;57.06;57.06;42,426
Jan 03, 2019;54.77;56.29;53.93;55.95;55.95;36,535
Jan 02, 2019;54.25;56.56;52.50;54.91;54.91;43,517
Dec 31, 2018;52.28;52.28;52.28;52.28;52.28;21,966
Dec 28, 2018;53.03;53.51;51.63;52.20;52.20;1,332
Dec 27, 2018;54.92;54.92;51.99;52.16;52.16;8,946
Dec 26, 2018;51.13;55.28;49.96;54.47;54.47;16,444
Dec 24, 2018;53.58;54.64;50.38;50.47;50.47;19,16
Dec 21, 2018;54.82;55.30;52.81;53.82;53.82;40,93
Dec 20, 2018;56.55;56.74;54.28;54.35;54.35;40,553
Dec 19, 2018;56.21;58.10;56.03;57.24;57.24;47,399
Dec 18, 2018;58.81;59.22;55.67;56.26;56.26;41,69
Dec 17, 2018;60.37;61.19;58.63;59.61;59.61;32,165
Dec 14, 2018;61.66;61.75;59.92;60.28;60.28;24,871
Dec 13, 2018;60.31;62.02;59.34;61.45;61.45;29,6
Dec 12, 2018;60.51;61.42;59.99;60.15;60.15;31,651
Dec 11, 2018;59.89;61.09;59.62;60.20;60.20;31,823
Dec 10, 2018;61.45;62.31;59.56;59.97;59.97;34,114
Dec 07, 2018;60.31;63.71;59.10;61.67;61.67;59,861
Dec 06, 2018;61.70;61.96;58.39;60.06;60.06;60,772
Dec 04, 2018;61.86;63.56;61.24;62.08;62.08;35,475
Dec 03, 2018;58.69;58.69;58.69;58.69;58.69;33,207
Nov 30, 2018;59.23;59.89;58.25;58.71;58.71;1,071
Nov 29, 2018;58.77;60.37;57.52;59.51;59.51;8,794
Nov 28, 2018;60.83;61.26;58.56;58.76;58.76;18,435
Nov 27, 2018;60.41;61.40;58.95;60.21;60.21;47,106
Nov 26, 2018;59.15;61.09;58.60;60.48;60.48;35,607
Nov 23, 2018;62.62;62.81;58.43;58.80;58.80;56,08
Nov 21, 2018;62.41;64.46;62.41;63.48;63.48;41,292
Nov 20, 2018;66.91;66.96;61.76;62.53;62.53;44,03
Nov 19, 2018;67.01;67.62;65.27;66.79;66.79;29,353
Nov 16, 2018;66.75;68.38;66.10;66.76;66.76;37,139
Nov 15, 2018;65.92;67.40;65.75;66.62;66.62;35,14
Nov 14, 2018;65.28;67.62;65.01;66.12;66.12;47,372
Nov 13, 2018;69.14;69.67;64.64;65.47;65.47;56,981
Nov 12, 2018;70.54;71.86;68.89;70.12;70.12;39,814
Nov 09, 2018;70.95;70.98;69.16;70.18;70.18;32,611
Nov 08, 2018;72.14;73.06;70.51;70.65;70.65;39,896
Nov 07, 2018;71.75;73.53;71.35;72.07;72.07;36,648
Nov 06, 2018;72.72;73.27;71.18;72.13;72.13;32,871
Nov 05, 2018;72.75;74.12;72.23;73.17;73.17;28,438
Nov 01, 2018;72.66;73.48;72.17;72.83;72.83;36,09
Oct 31, 2018;75.50;75.50;75.50;75.50;75.50;33,938
Oct 30, 2018;76.18;76.89;75.47;75.47;75.47;2,451
Oct 29, 2018;76.84;77.32;75.11;75.91;75.91;19,196
Oct 28, 2018;77.69;78.01;76.55;77.34;77.34;17,057
Oct 25, 2018;76.62;77.91;75.77;77.62;77.62;33,549
Oct 24, 2018;75.70;77.05;75.37;76.89;76.89;33,325
Oct 23, 2018;76.19;77.56;75.13;76.17;76.17;57,413
Oct 22, 2018;80.02;80.12;75.88;76.44;76.44;60,226
Oct 21, 2018;80.08;80.39;78.97;79.83;79.83;37,08
Oct 18, 2018;79.34;80.89;79.22;79.78;79.78;34,401
Oct 17, 2018;80.33;80.33;78.69;79.29;79.29;41,27
Oct 16, 2018;81.60;81.84;79.17;80.05;80.05;38,202
Oct 15, 2018;80.70;81.74;79.80;81.41;81.41;33,816
Oct 14, 2018;80.97;81.91;79.85;80.78;80.78;31,577
Oct 11, 2018;80.28;81.47;79.22;80.43;80.43;37,537
Oct 10, 2018;82.59;82.61;79.80;80.26;80.26;48,195
Oct 09, 2018;84.88;85.16;82.28;83.09;83.09;31,715
Oct 08, 2018;83.77;85.44;83.72;85.00;85.00;39,232
Oct 07, 2018;84.11;84.31;82.66;83.91;83.91;31,603
Oct 04, 2018;84.71;85.11;83.92;84.16;84.16;27,778
Oct 03, 2018;86.13;86.42;84.15;84.58;84.58;35,552
Oct 02, 2018;84.71;86.72;84.01;86.29;86.29;31,424
Oct 01, 2018;85.06;85.37;84.32;84.80;84.80;25,338
Sep 30, 2018;82.67;82.67;82.67;82.67;82.67;34,024
Sep 27, 2018;81.54;82.85;81.54;82.72;82.72;2,279
Sep 26, 2018;81.81;82.42;81.34;81.72;81.72;14,317
Sep 25, 2018;81.51;82.19;81.12;81.34;81.34;17,271
Sep 24, 2018;81.45;82.54;81.17;81.87;81.87;30,081
Sep 23, 2018;79.10;81.48;79.10;81.20;81.20;21,939
Sep 20, 2018;78.70;80.12;78.24;78.80;78.80;36,594
Sep 19, 2018;79.33;79.82;78.52;78.70;78.70;22,855
Sep 18, 2018;78.86;79.50;78.52;79.40;79.40;19,118
Sep 17, 2018;77.89;79.72;77.50;79.03;79.03;22,637
Sep 16, 2018;78.07;78.89;77.73;78.05;78.05;21,749
Sep 13, 2018;78.36;78.93;77.38;78.09;78.09;24,296
Sep 12, 2018;79.77;79.77;77.87;78.18;78.18;28,501
Sep 11, 2018;79.47;80.11;78.75;79.74;79.74;29,906
Sep 10, 2018;77.36;79.52;77.36;79.06;79.06;29,921
Sep 09, 2018;76.85;77.91;76.85;77.37;77.37;23,036
Sep 06, 2018;76.58;77.08;75.89;76.83;76.83;17,798
Sep 05, 2018;77.14;77.75;75.64;76.50;76.50;31,739
Sep 04, 2018;77.89;78.06;76.92;77.27;77.27;27,811
Sep 03, 2018;78.19;79.71;77.46;78.17;78.17;36,059
Aug 30, 2018;77.50;77.79;77.10;77.42;77.42;17,69
Aug 29, 2018;77.31;78.00;77.21;77.77;77.77;9,125
Aug 28, 2018;75.91;77.42;75.70;77.14;77.14;8,895
Aug 27, 2018;76.29;76.96;75.73;75.95;75.95;17,281
Aug 26, 2018;75.61;76.35;75.40;76.21;76.21;9,993
Aug 23, 2018;74.74;76.40;74.70;75.82;75.82;19,745
Aug 22, 2018;74.89;74.89;74.21;74.73;74.73;14,222
Aug 21, 2018;72.75;74.99;72.68;74.78;74.78;19,801
Aug 20, 2018;72.13;72.95;72.06;72.63;72.63;15,578
Aug 19, 2018;71.78;72.74;71.45;72.21;72.21;18,514
Aug 16, 2018;71.35;72.48;71.27;71.83;71.83;15,051
Aug 15, 2018;70.77;71.51;70.40;71.43;71.43;18,403
Aug 14, 2018;72.17;72.44;70.30;70.76;70.76;25,245
Aug 13, 2018;72.88;73.93;72.10;72.46;72.46;20,737
Aug 12, 2018;72.99;73.09;71.04;72.61;72.61;17,644
Aug 09, 2018;72.00;73.14;71.41;72.81;72.81;16,195
Aug 08, 2018;72.13;72.88;71.85;72.07;72.07;15,939
Aug 07, 2018;74.53;74.86;71.66;72.28;72.28;23,735
Aug 06, 2018;73.66;74.90;73.60;74.65;74.65;18,289
Aug 05, 2018;73.29;74.46;73.14;73.75;73.75;20,253
Aug 02, 2018;73.44;73.73;72.48;73.21;73.21;15,946
Aug 01, 2018;72.60;73.74;71.84;73.45;73.45;21,038
Jul 31, 2018;74.25;74.25;74.25;74.25;74.25;23,66
Jul 30, 2018;74.89;75.10;74.18;74.25;74.25;1,463
Jul 29, 2018;74.35;75.27;74.15;74.97;74.97;9,053
Jul 26, 2018;74.47;74.85;73.83;74.29;74.29;15,109
Jul 25, 2018;74.35;74.82;73.78;74.54;74.54;26,293
Jul 24, 2018;73.66;74.30;73.08;73.93;73.93;25,329
Jul 23, 2018;73.00;74.01;72.68;73.44;73.44;21,747
Jul 22, 2018;72.92;74.49;72.53;73.06;73.06;29,479
Jul 19, 2018;72.59;73.47;72.29;73.07;73.07;24,861
Jul 18, 2018;72.98;73.80;71.83;72.58;72.58;31,672
Jul 17, 2018;71.64;73.27;71.20;72.90;72.90;25,625
Jul 16, 2018;71.90;72.78;71.36;72.16;72.16;28,197
Jul 15, 2018;75.00;75.37;71.53;71.84;71.84;27,134
Jul 12, 2018;74.33;75.92;73.23;75.33;75.33;27,308
Jul 11, 2018;73.78;75.13;72.68;74.45;74.45;46,443
Jul 10, 2018;78.83;78.89;73.04;73.40;73.40;48,913
Jul 09, 2018;78.25;79.50;78.21;78.86;78.86;19,767
Jul 08, 2018;77.24;78.31;77.07;78.07;78.07;14,925
Jul 05, 2018;77.58;77.70;76.37;77.11;77.11;25,487
Jul 04, 2018;78.11;78.49;77.31;77.39;77.39;27,678
Jul 03, 2018;77.42;78.56;76.68;77.76;77.76;22,785
Jul 01, 2018;79.41;79.41;79.41;79.41;79.41;30,859
Jun 28, 2018;77.77;79.70;77.77;79.44;79.44;1,182
Jun 27, 2018;77.51;78.40;77.11;77.85;77.85;14,662
Jun 26, 2018;76.48;78.17;76.28;77.62;77.62;24,472
Jun 25, 2018;74.75;76.70;74.13;76.31;76.31;41,47
Jun 24, 2018;75.07;75.13;73.74;74.73;74.73;41,565
Jun 21, 2018;73.37;75.81;73.18;75.55;75.55;59,882
Jun 20, 2018;74.36;74.68;72.94;73.05;73.05;49,077
Jun 19, 2018;75.02;75.85;74.11;74.74;74.74;47,16
Jun 18, 2018;75.42;75.53;74.45;75.08;75.08;33,282
Jun 17, 2018;73.05;75.54;72.44;75.34;75.34;31,861
Jun 14, 2018;76.55;76.91;73.07;73.44;73.44;30,144
Jun 13, 2018;76.55;76.91;75.77;75.94;75.94;24,181
Jun 12, 2018;75.48;76.87;75.20;76.74;76.74;30,468
Jun 11, 2018;76.45;77.07;75.45;75.88;75.88;26,33
Jun 10, 2018;76.39;76.82;75.53;76.46;76.46;22,516
Jun 07, 2018;77.26;77.58;76.14;76.46;76.46;21,902
Jun 06, 2018;75.91;77.37;75.42;77.32;77.32;36,71
Jun 05, 2018;75.09;76.26;74.47;75.36;75.36;37,262
Jun 04, 2018;75.52;75.73;73.82;75.38;75.38;43,436
Jun 03, 2018;76.61;76.93;75.20;75.29;75.29;31,642
May 31, 2018;77.59;77.59;77.59;77.59;77.59;35,684
May 30, 2018;77.54;78.72;77.08;77.59;77.59;1,039
May 29, 2018;75.40;77.72;74.88;77.50;77.50;9,673
May 28, 2018;75.50;76.18;74.51;75.39;75.39;19,8
May 24, 2018;78.86;78.86;76.00;76.44;76.44;42,387
May 23, 2018;79.71;79.84;78.57;78.79;78.79;25,431
May 22, 2018;79.49;79.85;78.23;79.80;79.80;30,786
May 21, 2018;79.49;80.49;79.17;79.57;79.57;29,522
May 20, 2018;78.53;79.59;78.11;79.22;79.22;19,52
May 17, 2018;79.51;79.86;78.33;78.51;78.51;30,828
May 16, 2018;79.24;80.50;79.12;79.30;79.30;38,385
May 15, 2018;78.13;79.33;77.63;79.28;79.28;31,226
May 14, 2018;78.53;79.45;77.90;78.43;78.43;41,1
May 13, 2018;77.09;78.52;76.54;78.23;78.23;29,917
May 10, 2018;77.41;77.59;76.95;77.12;77.12;25,651
May 09, 2018;77.29;77.97;76.50;77.47;77.47;32,445
May 08, 2018;75.86;77.41;75.86;77.21;77.21;34,902
May 07, 2018;75.66;76.18;73.10;74.85;74.85;50,813
May 06, 2018;74.98;76.33;74.85;76.17;76.17;21,266
May 03, 2018;73.76;75.05;73.25;74.87;74.87;30,457
May 02, 2018;73.14;74.08;72.48;73.62;73.62;35,839
May 01, 2018;73.21;73.62;72.37;73.36;73.36;34,769
Apr 30, 2018;75.17;75.17;75.17;75.17;75.17;39,208
Apr 29, 2018;74.38;75.36;73.55;75.17;75.17;1,63
Apr 26, 2018;74.71;75.01;74.38;74.64;74.64;15,535
Apr 25, 2018;74.07;74.95;74.06;74.74;74.74;26,826
Apr 24, 2018;73.95;74.18;73.18;74.00;74.00;38,845
Apr 23, 2018;74.90;75.46;73.70;73.86;73.86;46,897
Apr 22, 2018;73.88;75.11;73.13;74.71;74.71;41,835
Apr 19, 2018;74.00;74.20;72.83;74.06;74.06;32,478
Apr 18, 2018;73.76;74.74;73.46;73.78;73.78;37,579
Apr 17, 2018;71.77;73.92;71.65;73.48;73.48;34,3
Apr 16, 2018;71.60;71.88;70.83;71.58;71.58;36,784
Apr 15, 2018;72.62;72.88;71.13;71.42;71.42;33,532
Apr 12, 2018;72.17;72.86;71.61;72.58;72.58;36,895
Apr 11, 2018;71.93;72.46;71.09;72.02;72.02;38,029
Apr 10, 2018;71.03;73.08;70.56;72.06;72.06;50,064
Apr 09, 2018;68.56;71.32;68.48;71.04;71.04;45,123
Apr 08, 2018;67.03;68.80;67.03;68.65;68.65;23,967
Apr 05, 2018;68.59;68.62;66.86;67.11;67.11;30,749
Apr 04, 2018;68.35;68.92;67.73;68.33;68.33;28,888
Apr 03, 2018;68.14;68.27;66.70;68.02;68.02;39,674
Apr 02, 2018;-;-;-;-;-;-
Apr 01, 2018;70.14;70.14;70.14;70.14;70.14;22,815
Mar 28, 2018;69.81;70.43;69.13;70.27;70.27;1,216
Mar 27, 2018;69.68;70.25;68.78;69.53;69.53;16,988
Mar 26, 2018;70.21;71.03;69.46;70.11;70.11;15,583
Mar 25, 2018;70.64;71.05;69.67;70.12;70.12;28,882
Mar 22, 2018;68.90;70.57;68.80;70.45;70.45;49,285
Mar 21, 2018;69.77;69.91;68.58;68.91;68.91;37,699
Mar 20, 2018;67.56;69.85;67.47;69.47;69.47;43,37
Mar 19, 2018;66.20;67.89;66.17;67.42;67.42;35,782
Mar 18, 2018;66.12;66.35;65.39;66.05;66.05;28,05
Mar 15, 2018;65.05;66.42;64.89;66.21;66.21;29,187
Mar 14, 2018;64.85;65.39;64.61;65.12;65.12;22,542
Mar 13, 2018;64.67;65.19;64.07;64.89;64.89;29,439
Mar 12, 2018;64.92;65.66;64.04;64.64;64.64;34,247
Mar 11, 2018;65.54;65.83;64.18;64.95;64.95;19,165
Mar 09, 2018;63.85;65.62;63.70;65.49;65.49;33,619
Mar 08, 2018;64.55;64.55;63.43;63.61;63.61;44,008
Mar 07, 2018;65.43;65.78;63.84;64.34;64.34;36,313
Mar 06, 2018;65.59;66.15;65.31;65.79;65.79;24,251
Mar 05, 2018;64.69;65.87;64.10;65.54;65.54;31,209
Mar 02, 2018;64.24;64.68;63.20;64.37;64.37;39,587
Mar 01, 2018;65.71;65.71;65.71;65.71;65.71;44,819
Feb 28, 2018;66.33;66.88;65.54;65.78;65.78;1,241
Feb 27, 2018;67.56;67.63;66.37;66.63;66.63;9,005
Feb 26, 2018;67.30;67.90;66.74;67.50;67.50;20,385
Feb 23, 2018;66.25;67.37;65.80;67.31;67.31;20,948
Feb 22, 2018;65.01;66.55;64.64;66.39;66.39;29,052
Feb 21, 2018;65.11;65.53;64.40;65.42;65.42;26,015
Feb 20, 2018;64.86;65.83;64.78;65.25;65.25;34,029
Feb 16, 2018;64.41;65.20;64.19;64.84;64.84;27,034
Feb 15, 2018;64.32;65.10;63.12;64.33;64.33;36,176
Feb 14, 2018;62.47;64.56;61.96;64.36;64.36;40,865
Feb 13, 2018;62.74;63.10;61.76;62.72;62.72;38,693
Feb 12, 2018;62.64;64.41;62.56;62.59;62.59;33,192
Feb 09, 2018;64.38;64.63;61.77;62.79;62.79;34,853
Feb 08, 2018;65.44;65.59;64.11;64.81;64.81;37,936
Feb 07, 2018;67.23;67.72;65.16;65.51;65.51;56,412
Feb 06, 2018;66.99;67.59;66.55;66.86;66.86;32,169
Feb 05, 2018;68.20;68.46;67.00;67.62;67.62;32,399
Feb 02, 2018;69.75;70.01;67.96;68.58;68.58;27,547
Feb 01, 2018;69.08;69.08;69.08;69.08;69.08;29,317
Jan 31, 2018;68.38;69.07;68.30;69.05;69.05;1,494
Jan 30, 2018;69.52;69.52;68.42;69.02;69.02;12,571
Jan 29, 2018;70.52;70.64;69.08;69.46;69.46;17,623
Jan 26, 2018;70.10;70.83;69.84;70.52;70.52;30,361
Jan 25, 2018;70.71;71.26;69.97;70.42;70.42;24,111
Jan 24, 2018;69.88;70.91;69.54;70.53;70.53;23,732
Jan 23, 2018;69.25;70.24;69.12;69.96;69.96;23,749
Jan 22, 2018;68.78;69.51;68.39;69.03;69.03;23,25
Jan 19, 2018;69.14;69.15;68.27;68.61;68.61;22,077
Jan 18, 2018;69.43;69.66;68.80;69.31;69.31;20,117
Jan 17, 2018;69.39;69.59;68.54;69.38;69.38;20,5
Jan 16, 2018;69.91;70.37;68.84;69.15;69.15;33,284
Jan 12, 2018;69.13;69.92;68.61;69.87;69.87;23,032
Jan 11, 2018;69.08;70.03;69.00;69.26;69.26;33,268
Jan 10, 2018;69.17;69.36;68.75;69.20;69.20;21,538
Jan 09, 2018;67.93;69.20;67.69;68.82;68.82;25,548
Jan 08, 2018;67.82;67.98;67.45;67.78;67.78;17,704
Jan 05, 2018;68.06;68.09;67.27;67.62;67.62;18,29
Jan 04, 2018;68.00;68.26;67.53;68.07;68.07;22,84
Jan 03, 2018;66.49;68.01;66.40;67.84;67.84;25,878
Jan 02, 2018;66.42;67.28;66.23;66.57;66.57;24,29