Date__GMT_1_,Hydro_pumped_storage_consumption,Cross_border_electricity_trading,Nuclear,Hydro_Run_of_River,Biomass,Fossil_brown_coal___lignite,Fossil_hard_coal,Fossil_oil,Fossil_coal_derived_gas,Fossil_gas,Geothermal,Hydro_water_reservoir,Hydro_pumped_storage,Others,Waste,Wind_offshore,Wind_onshore,Solar,Load,Residual_load,Renewable_share_of_generation,Renewable_share_of_load,Day_Ahead_Auction__DE_AT_LU_,Day_Ahead_Auction__DE_LU_
,Power (MW),Power (MW),Power (MW),Power (MW),Power (MW),Power (MW),Power (MW),Power (MW),Power (MW),Power (MW),Power (MW),Power (MW),Power (MW),Power (MW),Power (MW),Power (MW),Power (MW),Power (MW),Power (MW),Power (MW),Renewable share (%),Renewable share (%),Price (EUR/MWh),Price (EUR/MWh)
12/31/2017 23:00:00,-755.4,-14932.6,6347.5,2096.3,4955,8059.2,1849.9,302.3,390,4209.3,18.5,44.4,295.6,1531,1221.3,2986.1,27633.3,0,49692.7,19073.3,61.8,77,-5.27,
12/31/2017 23:15:00,-955.4,-14932.6,5957.7,2075.8,4947.7,8108.8,1812.6,302.3,504.7,4215.7,18.6,45,180.7,1531.2,1212.2,3005.6,28215.1,0,49135,17914.4,62.5,79.1,-5.27,
12/31/2017 23:30:00,-1004.8,-14932.6,5755.1,2068.3,4942.7,8142,1774.4,302.3,504.7,4214.4,18.6,41.9,145.1,1531.3,1221.3,2933.6,28588.8,0,48754.6,17232.3,62.9,80.3,-5.27,
12/31/2017 23:45:00,-1047.8,-14932.6,5363.2,2008.7,4944.1,8183.3,1760.3,302,504.7,4187.4,18.5,48.5,295.5,1531.5,1221.3,2799.1,28861.6,0,48560.8,16900.1,63.2,80.8,-5.27,
1/1/2018 0:00:00,-1063.4,-15844.4,4943.3,1936.5,4935.1,8248.9,1692.5,303.2,504.7,4173.8,18.4,46.9,624.8,1531.2,1219.7,2912.2,29198.3,0,48239.3,16128.8,63.6,82.1,-29.99,
1/1/2018 0:15:00,-1160.1,-15844.4,4792.1,1932.8,4905.9,8260.8,1672.4,303.5,538.8,4221.8,18.4,47.3,730.1,1531.2,1218.4,3022.4,29180.3,0,48084.9,15882.2,63.6,82.5,-29.99,
1/1/2018 0:30:00,-1217.4,-15844.4,4648.9,1929.1,4906.3,8202,1687.5,303.6,538.8,4250.7,18.5,46.2,317.8,1528.3,1184.5,3049.8,29531.2,0,47531.6,14950.6,64.4,84.2,-29.99,
1/1/2018 0:45:00,-1403.2,-15844.4,4638.2,1930.1,4911.4,8198.1,1717.8,302.3,538.8,4182.4,18.4,46.9,179.6,1524.8,1123.4,3076.8,29897.2,0,47265,14291,64.8,85.4,-29.99,
1/1/2018 1:00:00,-1677,-16276.3,4580.7,1928.6,4900.8,8225.8,1755.6,302.7,538.8,4155.6,18.5,48.3,521.3,1524.6,1102.6,3106.4,30045.7,0,46838.1,13685.9,64.6,86.6,-56.65,
1/1/2018 1:15:00,-1832.6,-16276.3,4561.1,1925.8,4908.5,8184,1756.8,302.9,494.1,4190.2,18.5,47.7,397,1524.8,1102.6,3110.1,30112.7,0,46610.9,13388,64.8,87.1,-56.65,
1/1/2018 1:30:00,-2243.8,-16276.3,4566.5,1923.2,4907,8164.2,1799.2,302.8,494.1,4214.3,18.5,47.6,215.7,1524.6,1114.6,3119.8,29850.4,0,46741.9,13771.8,64.8,86.4,-56.65,
1/1/2018 1:45:00,-2490,-16276.3,4662,1922.1,4915.2,8123.8,1769.3,302.1,494.1,4210,18.4,50.9,50.8,1505.8,1108.1,3107.7,29927.8,0,46293.1,13257.6,65,87.4,-56.65,
1/1/2018 2:00:00,-2704.9,-16361.6,4907.7,1918.2,4902.2,8163.4,1780.9,302.1,494.1,4206.5,18.3,45.4,47.3,1505.9,1110.4,3101.8,30606.1,0,46160.1,12452.2,65.1,89,-63.14,
1/1/2018 2:15:00,-2923.4,-16361.6,4899.9,1912.5,4901.8,8112.8,1769.2,302.1,463.6,4234.3,18,48.4,37.2,1506.3,1088.6,3148.9,30895.5,0,45966.2,11921.8,65.4,90.1,-63.14,
1/1/2018 2:30:00,-2913.4,-16361.6,4902,1911.3,4907,8123.3,1757.5,302.1,463.6,4244.2,17.8,44,34.9,1506.3,1091.2,3167.6,30851,0,45763.5,11744.9,65.4,90.4,-63.14,
1/1/2018 2:45:00,-2907.7,-16361.6,4852.3,1909.4,4913.6,8114.6,1757.1,302.1,463.6,4199.2,17.6,43.2,27.9,1506.1,1108.1,3192.1,30954.6,0,45709.1,11562.5,65.5,90.9,-63.14,
1/1/2018 3:00:00,-3725.6,-15642.3,4747.9,1909.3,4913.8,8077.1,1754.1,302.3,463.6,4191.2,17.5,47.5,31.2,1506.8,1135.6,3233.5,30814.6,0,45928.5,11880.5,65.6,90.2,-64.62,
1/1/2018 3:15:00,-3947.7,-15642.3,4692.2,1905.8,4924.3,8108.6,1766.8,302.3,496.3,4195.2,17.5,47,30.9,1506.4,1125.2,3224.1,30893.6,0,45835.8,11718.1,65.7,90.6,-64.62,
1/1/2018 3:30:00,-3816.7,-15642.3,4649.1,1907.8,4935.7,8141,1772.5,302.9,496.3,4241.1,17.3,46.2,30.9,1507.2,1177,3206.9,30794.7,0,45915.2,11913.6,65.5,90.2,-64.62,
1/1/2018 3:45:00,-3861.4,-15642.3,4702.1,1902.8,4921.8,8100.7,1763.1,302.5,496.3,4229.4,17.3,44.6,33.6,1507.7,1177.3,3247.5,30778.1,0,45868.6,11843,65.5,90.3,-64.62,
1/1/2018 4:00:00,-3859.3,-15586.1,4751,1899.3,4910,8111.8,1766.7,302.1,496.3,4202.5,17.1,48.5,34.2,1508.5,1190.1,3301,31291.8,0,46035.4,11442.6,65.8,91.2,-67,
1/1/2018 4:15:00,-3900.1,-15586.1,4799.5,1899.3,4915.7,8138.2,1760.5,303.6,485.3,4184.4,17.2,46.2,34.2,1508.2,1204.5,3303.3,31369.7,0,45744.9,11071.9,65.8,92,-67,
1/1/2018 4:30:00,-4109.2,-15586.1,4881.6,1898.3,4923.8,8114.9,1771.5,301.9,485.3,4198.1,17.4,47.7,34,1507.2,1184.9,3291.1,31384.2,0,45554.6,10879.3,65.7,92.4,-67,
1/1/2018 4:45:00,-4161.3,-15586.1,4898,1895,4920.8,8147.3,1776.2,302.8,485.3,4147.3,17.5,47.3,34.3,1507,1184.9,3295.2,31299.3,0,45186.7,10592.2,65.7,93,-67,
1/1/2018 5:00:00,-3924,-15669.5,4833.1,1893.2,4917.7,7989.3,1774.3,302.6,485.3,4072.8,17.6,43.3,34.2,1506.8,1172.2,3310.5,31150.5,0,44544.6,10083.6,65.9,94,-72.54,
1/1/2018 5:15:00,-4052.7,-15669.5,4743.8,1893.8,4942,8020,1768.7,302.8,462.4,4037.8,17.8,41.1,34.6,1506.2,1174.8,3307.9,30767.6,0,44360.4,10285,65.8,93.5,-72.54,
1/1/2018 5:30:00,-3947.4,-15669.5,4753.7,1889.8,4954.7,8096.4,1800.1,303,462.4,4019,17.8,45.7,32,1506.7,1180,3303.3,30406.6,0,44408,10698.2,65.6,92.7,-72.54,
1/1/2018 5:45:00,-3960,-15669.5,4726.8,1887.1,4961.6,8111,1761.1,302.8,462.4,3979.6,17.9,43.5,31.3,1506.8,1180,3308,30517.8,0,44595.9,10770.1,65.7,92.5,-72.54,
1/1/2018 6:00:00,-4172.8,-14329.8,4618.9,1875.6,4812.8,7864.7,1768.7,302.4,462.4,3983.8,17.9,44.7,28.6,1506.9,1177.5,3297.2,30353.4,0,44790.7,11140.2,65.9,91.4,-76.01,
1/1/2018 6:15:00,-4108.2,-14329.8,4625.7,1878.5,4940.2,7887.4,1783.8,303,368.1,3941.6,17.9,44.1,30.2,1507.2,1177.5,3297.9,30440.7,0,44908.5,11170,66.1,91.6,-76.01,
1/1/2018 6:30:00,-3829,-14329.8,4660.6,1871.1,4957.3,8044.7,1779.3,303,368.1,3975.6,18,45.5,30.7,1506.9,1177.5,3302.4,29849.3,0,45212.2,12060.4,65.6,89.7,-76.01,
1/1/2018 6:45:00,-3873.7,-14329.8,4657.6,1866.2,4954.4,7999.2,1730,303.3,368.1,3953.5,18,40.1,31.6,1507.1,1179.3,3293.8,30024.9,0,45544.2,12225.5,65.8,89.4,-76.01,
1/1/2018 7:00:00,-3853.5,-13384.8,4598.1,1863.4,4861.9,7822.8,1590,303.3,368.1,3905.4,17.9,43.3,27.9,1506.5,1167.1,3297.5,29755.9,2.2,45896.6,12841,66,88,-71.45,
1/1/2018 7:15:00,-3816.3,-13384.8,4605.5,1865.9,4955.7,7835.1,1586.2,302.4,311,3924.2,17.9,39.1,31.1,1506.7,1171,3304.5,29971.2,29.7,45966.6,12661.2,66.2,88.6,-71.45,
1/1/2018 7:30:00,-3695.6,-13384.8,4604.5,1864.2,4982.7,7838.5,1579.6,303.8,311,3946.6,17.8,46.1,29.6,1506.2,1171,3303.1,29790.9,190.3,46387.6,13103.4,66.2,87.8,-71.45,
1/1/2018 7:45:00,-3446.9,-13384.8,4662.3,1856.2,5002.6,7947.6,1588.4,303.6,311,3963.9,17.7,44.2,30.8,1506.4,1168.4,3298.9,29784.5,508.8,46853.6,13261.4,66.2,87.6,-71.45,
1/1/2018 8:00:00,-3544.6,-13714.6,4636.1,1856.5,5006.6,7944.1,1589.7,302.7,311,4186.2,17.6,40.2,33.2,1506.4,1167.6,3299.9,30008.9,936,47882.2,13637.3,66.3,87.1,-66.88,
1/1/2018 8:15:00,-3434.1,-13714.6,4607.6,1852.4,5025,7826.7,1595,302.6,313.2,4198.5,17.6,43.4,32.8,1506.5,1159.8,3289,30374.2,1360.1,48421.4,13398.1,66.9,87.7,-66.88,
1/1/2018 8:30:00,-3086.5,-13714.6,4652.8,1859,5054.5,7905.3,1589.4,303.8,313.2,4263.3,17.5,47.1,31.2,1506.2,1159.8,3289.1,30240.7,1862.7,49148.8,13756.2,66.9,87.3,-66.88,
1/1/2018 8:45:00,-2932.7,-13714.6,4740.1,1862.3,5073.4,7917.3,1603.1,304,313.2,4242.2,17.4,46.3,30.9,1506.5,1159.8,3294.5,30308.3,2437,49831.8,13792,67.2,87.4,-66.88,
1/1/2018 9:00:00,-2165.5,-15392.1,4846.9,1864,5069.8,8044.6,1610.6,302.9,313.2,4304.4,17.3,48.3,106.6,1506.8,1171,3210.6,30875,3104.4,50628.5,13438.5,67.3,88.3,-62,
1/1/2018 9:15:00,-2202.2,-15392.1,4896.4,1872.5,5070,7954.3,1618.6,303.4,310.5,4355,17.4,44.8,80.6,1506.4,1171,3225,31189.2,3915.8,51248.5,12918.5,67.9,89.5,-62,
1/1/2018 9:30:00,-2096.9,-15392.1,4868.1,1874.4,5056.2,7887.1,1623.2,302.7,310.5,4420.2,17.4,40.9,89.8,1506.5,1150.2,3201.4,31308.1,4669.4,51942.9,12764,68.3,89.9,-62,
1/1/2018 9:45:00,-2123.2,-15392.1,4823.7,1876,5082,7863.8,1640.9,302.4,310.5,4353.4,17.4,44.7,32.1,1507.1,1154.1,3203.9,31341,5325.9,52486.2,12615.5,68.8,90.3,-62,
1/1/2018 10:00:00,-1886.5,-16118.2,4791.4,1874.6,5067.5,7865.4,1632.9,302.4,310.5,4386,17.3,45,30.7,1506.7,1195.5,3267.5,31758.3,5760.6,53481.8,12695.5,69.2,90.4,-56.08,
1/1/2018 10:15:00,-1776.7,-16118.2,4797.6,1871,5068.6,7883.4,1643,302.4,307.1,4359.6,17.3,45.1,31.7,1506.6,1162.3,3304.1,31970.6,6266.6,54163,12621.7,69.6,90.6,-56.08,
1/1/2018 10:30:00,-1503.9,-16118.2,4847.9,1876.9,5064.7,8044,1651.4,302.4,307.1,4401,17.4,49.8,64.6,1507.4,1181.8,3276.6,31674.8,6577.8,54804.2,13275,69.3,89.5,-56.08,
1/1/2018 10:45:00,-1233.2,-16118.2,4874.7,1882.7,5075.4,8077.9,1652.2,302.3,307.1,4378.8,17.4,50.1,85.7,1506.9,1179.2,3225.7,31479.7,6684.7,55176.6,13786.5,69.2,88.7,-56.08,
1/1/2018 11:00:00,-887.2,-16707.6,5008.8,1932.2,5048.7,7937.8,1659.9,302.8,307.1,4376.1,17.4,55,148.3,1506.6,1158.1,3302.1,31330,6910.8,55640.1,14097.3,69.2,88.3,-49.96,
1/1/2018 11:15:00,-922,-16707.6,5046,1990,5052.4,7770.7,1675.6,302.3,316.1,4396.6,17.3,56.7,283.6,1506.8,1168.5,3305.4,31159.5,6787.1,55934.3,14682.3,69,87.4,-49.96,
1/1/2018 11:30:00,-727.9,-16707.6,5117.6,2001.8,5054.9,7522.2,1688.1,302.3,316.1,4433.4,17.4,58.8,618.1,1506.7,1167.2,3311.8,31093.2,6661,56332.7,15266.6,68.7,86.5,-49.96,
1/1/2018 11:45:00,-727,-16707.6,5388.6,2006.6,5058,7497.1,1685,303.1,316.1,4415.2,17.4,60.8,519,1507.4,1177.7,3295.6,30555.8,6656.3,56286.4,15778.7,68.4,85.6,-49.96,
1/1/2018 12:00:00,-817.5,-16280.5,5709.7,2003.9,5048.7,7534.2,1709.7,304,316.1,4414.6,17.4,48.7,99.6,1507.1,1179.3,3300,30083.2,6436.1,55650.2,15830.9,68.1,85.3,-24.29,
1/1/2018 12:15:00,-868.3,-16280.5,6052.4,2006,5049.8,7735.5,1717.9,302.5,312.2,4440.3,17.4,52.9,80.3,1507.1,1179.3,3300.8,29164.6,6203.2,54946.8,16278.2,67,84.3,-24.29,
1/1/2018 12:30:00,-1016.4,-16280.5,6488.9,2002,5053.2,7723.2,1719.5,303.1,312.2,4463.1,17.4,58.6,183.2,1507.1,1174.1,3303.8,28509,5800,54709.9,17097.1,66,82.7,-24.29,
1/1/2018 12:45:00,-915.2,-16280.5,6948.5,2001.9,5058,7681.9,1713.7,303.3,312.2,4428.6,17.5,52.4,185.7,1506.9,1175.4,3302.8,27487.9,5522.4,54057.2,17744.2,65,81.3,-24.29,
1/1/2018 13:00:00,-2059.4,-11337.9,7163.1,2000,5010.8,7572.3,1700.8,302.4,312.2,4434.3,17.5,47.4,143.1,1507.7,1179.3,3305.7,26306.4,5068.8,53688.9,19008,64,78.8,-5.59,
1/1/2018 13:15:00,-1855.9,-11337.9,7237.6,2000.9,5045.6,7685.3,1717.5,302.8,303.6,4441.9,17.5,51.1,31.7,1507,1179.3,3302.1,25680.6,4541.4,53505.8,19981.7,63.3,76.9,-5.59,
1/1/2018 13:30:00,-1512.1,-11337.9,7326.5,1997,5054.6,7787.8,1721.5,303.2,303.6,4487.4,17.5,53.7,76.9,1506.5,1170.2,3288.3,24878.3,3992.8,53573.9,21414.4,62.2,74.3,-5.59,
1/1/2018 13:45:00,-1491.1,-11337.9,7424.8,1990.6,5053.2,7719.5,1729,303.7,303.6,4445.9,17.5,63.7,236.1,1506.8,1175.1,3287.1,23904.8,3376,53437.4,22869.4,61.1,71.5,-5.59,
1/1/2018 14:00:00,-1745,-8253,7584.5,1988.3,5054.3,7860.4,1894,303,303.6,4441.2,17.5,56,130,1507.4,1179.1,4061.5,23067.5,2678.2,53569.1,23761.9,60.3,69.9,0.23,
1/1/2018 14:15:00,-1501.9,-8253,7859.5,1987.7,5073.1,7984.1,1901.3,303.6,314.6,4460.4,17.6,58.7,329.7,1511,1167.4,4289.9,22403.4,1973.1,53701.2,25034.7,58.9,67.6,0.23,
1/1/2018 14:30:00,-858.4,-8253,8109.1,1989,5073.2,8322.2,1897.4,302,314.6,4488.2,17.6,57.4,428.4,1510.9,1149.2,4337.8,21877.9,1264.7,53771.6,26291.2,57.5,65.3,0.23,
1/1/2018 14:45:00,-573.1,-8253,8321.6,1987.7,5082.1,9164.5,1906.6,301.7,314.6,4504.2,17.8,53.6,662.4,1516.4,1181.7,4320.8,20919.5,607.4,53830.9,27983.2,55.1,62.3,0.23,
1/1/2018 15:00:00,-505.3,-7758.5,8489.1,1988.1,5081.2,9939.4,1914.8,302.6,314.6,4860,17.9,55.5,370.1,1539.4,1189.9,4221.9,20301,153.7,54437.6,29761,53.3,59.4,11.02,
1/1/2018 15:15:00,-426.8,-7758.5,8574,1987.8,5088.3,10863.4,1881.7,301.7,346.5,4912.3,18,57.5,489.5,1582.1,1189.9,4085.9,19717.5,14.2,55355.4,31537.8,51.6,56.9,11.02,
1/1/2018 15:30:00,-13.5,-7758.5,8631.6,1986.3,5090.4,11330.5,1843,302.6,346.5,5007.6,18.1,61.4,1581.6,1607.2,1189.9,3961.1,19067.8,0.4,56314.9,33285.6,49.5,54.6,11.02,
1/1/2018 15:45:00,-7.3,-7758.5,8695.4,1986.3,5094,11942.4,1873.5,301.7,346.5,5015.4,18.3,72.8,2127,1607.2,1189.9,3815.1,18789.3,4.3,57838.1,35229.4,48.2,52.4,11.02,
1/1/2018 16:00:00,-192.3,-6366.1,8759.9,1983.9,5097.9,12498.3,1882.6,302.7,346.5,5087.8,18.4,49.3,3141,1614,1189.9,3714.7,18570.6,0,59301.1,37015.8,46.6,50.5,23.5,
1/1/2018 16:15:00,-137.9,-6366.1,8917,1983.3,5112.9,12873.8,1904,302.8,353,5156.9,18.5,38,3011.3,1642.2,1189.9,3782.6,18522.9,0,59675.8,37370.3,46.3,50.3,23.5,
1/1/2018 16:30:00,-112.1,-6366.1,8979.6,1981.6,5119.9,13107.6,1994.4,302.1,353,5181.6,18.3,37.5,2944,1636.9,1189.9,3695.4,18265.9,0,60035.6,38074.3,45.8,49.4,23.5,
1/1/2018 16:45:00,0,-6366.1,8975.8,1980.9,5122.3,13278.9,2001.9,302.4,353,5152.2,18.3,31.5,3277.4,1633,1189.9,3615.5,17991.2,0,60070.9,38464.2,45.1,48.8,23.5,
1/1/2018 17:00:00,-153.6,-7652,8959.7,1983.6,5118.4,13420.2,2003.1,302.1,353,5177.5,18.3,29,3532,1656.1,1187.4,3425.7,17872.5,0,60702.2,39404,44.6,47.7,22.91,
1/1/2018 17:15:00,-245.5,-7652,9010.3,1980.9,5128.2,13555.5,2007.7,303.1,308.9,5182.6,18.4,30.6,3837.7,1658.6,1187.4,3300.5,17968.2,0,60667.9,39399.2,44.2,47.7,22.91,
1/1/2018 17:30:00,-249.2,-7652,9054.1,1982.4,5133.4,13634.1,2030.6,302.1,308.9,5256.1,18.5,32,3906.4,1700.7,1187.4,3189.9,17801.3,0,60704,39712.7,43.8,47.3,22.91,
1/1/2018 17:45:00,-255.6,-7652,9065.5,1981.2,5137.6,13833.9,2008.7,302.4,308.9,5387.4,18.4,32,3547.5,1815.5,1180.9,3154.5,17625.1,0,60455.5,39675.9,43.5,47.1,22.91,
1/1/2018 18:00:00,-160.6,-8021.6,9089.5,1982,5131.6,13972.9,1835.2,302.1,308.9,5433.7,18.4,38.2,3956.7,1854.5,1180.9,3150.5,17599.9,0,59925.9,39175.5,43.2,47.5,21.02,
1/1/2018 18:15:00,-192.9,-8021.6,9091.2,1981.9,5138,14156.5,1824.9,303.3,324.3,5558,18.4,30.6,3596.7,1854.8,1183.5,3128.3,17556.2,0,59460,38775.5,43.2,47.7,21.02,
1/1/2018 18:30:00,-211.3,-8021.6,9093.5,1979.5,5136.7,14322,1840,302,324.3,5691.9,18.6,30.1,3138.1,1854.6,1187.4,3101.1,17456.5,0,58915.6,38357.9,43.2,48,21.02,
1/1/2018 18:45:00,-259.5,-8021.6,9095.3,1979.5,5132.3,14358.2,1871.8,302.4,324.3,5728.6,18.6,29.8,2788.5,1854.8,1175.7,3082.6,17278.4,0,58379.7,38018.8,43.1,48,21.02,
1/1/2018 19:00:00,-259,-9006.8,9109.7,1981.4,5102.2,14488.6,2048.7,304,324.3,5745.9,18.7,36.7,3567.3,1855.1,1170,3024,16849.3,0,57585.3,37712.1,42,47.8,21.05,
1/1/2018 19:15:00,-287.4,-9006.8,9102.8,1981.5,5102.4,14534.3,2094.9,303.4,323.7,5771.5,18.8,31.8,3247.3,1854.3,1173.9,2931.3,16663.2,0,56972.3,37377.8,41.8,47.8,21.05,
1/1/2018 19:30:00,-208,-9006.8,9105.8,1983,5099.8,14763,2090.5,304.1,323.7,5762.6,19,30,2589.5,1854,1190.8,2839.1,16575.6,0,55915.4,36500.6,42,48.4,21.05,
1/1/2018 19:45:00,-208.3,-9006.8,9111,1983.9,5102.4,14888.7,2116.7,304,323.7,5750,18.9,30,2292.2,1855.1,1188.2,2678.5,16283.5,0,55077,36114.9,41.7,48.4,21.05,
1/1/2018 20:00:00,-108.2,-10610.8,9128.2,1983.7,5087.2,15180.4,2139,304.4,323.7,5774.5,18.7,34,1471.8,1853.9,1194,2636.2,16314.4,0,54714.8,35764.2,41.9,48.6,21.95,
1/1/2018 20:15:00,-41.6,-10610.8,9122.1,1983.1,5081.5,15228.2,2149.8,304.4,324.6,5790.1,18.5,29.3,1041.1,1855.2,1194,2532.6,16408.2,0,54249.4,35308.5,42.2,49,21.95,
1/1/2018 20:30:00,-94,-10610.8,9109,1984.2,5078.4,15116,2147.4,304.2,324.6,5787.2,18.7,29.1,1218.5,1854.9,1194,2542.3,16436.5,0,53980.3,35001.6,42.2,49.3,21.95,
1/1/2018 20:45:00,-134.3,-10610.8,9101,1984.6,5079.3,15131.1,2141.6,304.7,324.6,5796.5,18.9,29.1,981,1855.1,1194,2547,16345.1,0,53957.2,35065.1,42.2,49.2,21.95,
1/1/2018 21:00:00,-1015.2,-9019.9,9145.7,1982.2,5053.6,15606.4,2142.6,304.6,324.6,5755,15.5,37.9,1178.1,1855.7,1193,2462.3,16079.3,0,54333.6,35792,41.4,48.2,23.52,
1/1/2018 21:15:00,-1081.8,-9019.9,9124.9,1981.9,5050.2,15734.9,2134.2,304.3,311.7,5756.5,14.8,29,730.1,1854.9,1204.8,2396.6,15950.9,0,53827.6,35480.2,41.5,48.2,23.52,
1/1/2018 21:30:00,-1196.6,-9019.9,9093.4,1980.6,5046.7,15797.7,2103.9,305.4,311.7,5759.3,14.8,29.4,502.7,1853.8,1198.2,2271,16147.4,0,52891.2,34472.8,41.7,49.2,23.52,
1/1/2018 21:45:00,-1568.3,-9019.9,9090.4,1979,5046.4,15778.9,2075.2,304.4,311.7,5727,14.8,29.8,181.8,1855.6,1191.7,2284.8,16011.7,0,52505.7,34209.2,41.9,49.3,23.52,
1/1/2018 22:00:00,-1263,-8113.3,9153.9,1976.3,5014.8,15835.7,2062.6,304,311.7,5734.1,14.7,44.8,771.3,1856,1190.8,2233.4,15790.1,0,51678.3,33654.8,41.1,49.6,18.96,
1/1/2018 22:15:00,-1463.2,-8113.3,9138.2,1971.6,5016.1,15613.5,2040.3,304.1,281.7,5751.6,14.8,29,713,1855.1,1186.9,2038.3,15780.7,0,50768,32949,41.1,50,18.96,
1/1/2018 22:30:00,-1286.3,-8113.3,9135.4,1967.8,5017.9,15531.3,2020.9,305.1,281.7,5774.9,15,33.2,141.3,1854.9,1198.6,1862.6,15794.5,0,49816.7,32159.6,41.4,50.6,18.96,
1/1/2018 22:45:00,-1558.2,-8113.3,9099,1969,5021.9,15427.3,2031.3,305.2,281.7,5744.5,16.1,36,122.7,1855.3,1198.6,1662,15779.5,0,48652.2,31210.7,41.3,51.4,18.96,
1/1/2018 23:00:00,-3024.1,-7586.9,9036.1,1963.8,4936.8,15411.7,2046.1,305,373,5660.8,16.7,45.2,12,1894.5,1254.8,1503.9,15681,0,48127.3,30942.4,41.1,51.3,18.12,
1/1/2018 23:15:00,-3868.2,-7586.9,9071.7,1966.3,4980,15321.7,2039.3,304.1,322.8,5651.2,17.2,40.6,14.9,1882.4,1252.2,1496.2,15498.2,0,47273.2,30278.8,41,52,18.12,
1/1/2018 23:30:00,-4125.4,-7586.9,9042.7,1964.1,4968.7,14956.4,2027.8,305.8,322.8,5596,17.6,40.8,16,1829,1265.2,1543.8,15344.7,0,46879.8,29991.3,41.3,52.2,18.12,
1/1/2018 23:45:00,-3936.2,-7586.9,8966,1963.3,4971.5,14429.9,1948.2,304.1,322.8,5579.4,17.7,41.6,13.7,1817.4,1265.2,1547.8,15224.2,0,46181.8,29409.7,41.7,52.7,18.12,
1/2/2018 0:00:00,-4160.7,-7219.6,9058.2,1960.7,4965.5,14069.5,1951.2,304.6,322.8,5657.6,17.7,50.5,16.5,1817.6,1256.1,1609.2,15220.9,0,45599.7,28769.5,41.8,53.5,14.99,
1/2/2018 0:15:00,-4356.9,-7219.6,9039.8,1953.2,4973.5,13726.7,1970.7,306.3,373,5658,17.7,40.6,16.8,1818.2,1247,1613,15209.8,0,45010,28187.1,42,54.1,14.99,
1/2/2018 0:30:00,-4475.9,-7219.6,9057.2,1946.3,4980.1,13591.6,1970.5,307.3,373,5693.1,17.8,41.5,16.9,1817.9,1247,1633.5,15197.4,0,44885.5,28054.7,42.1,54.3,14.99,
1/2/2018 0:45:00,-4489.2,-7219.6,9020.5,1944.2,4982.7,13343.3,1962.9,307.2,373,5660.2,17.8,40.5,16.9,1811.7,1239.2,1615.9,15091.2,0,44741.3,28034.2,42.2,54.2,14.99,
1/2/2018 1:00:00,-4350.8,-6415,9096.7,1942.2,4976.7,13228.8,1957.7,307.3,373,5643.7,17.8,49.3,16.9,1797.9,1241.2,1550.1,14926,0,44469.4,27993.3,42,54,13.63,
1/2/2018 1:15:00,-4337.8,-6415,9109.3,1942.2,4973,13069.2,1954.3,307.3,340.7,5652.4,17.8,45.4,17.1,1797.6,1216.5,1520.9,14604.3,0,44605.4,28480.2,41.8,53,13.63,
1/2/2018 1:30:00,-4283.9,-6415,9112.5,1943.9,4973.4,13075.9,1947.6,307.3,340.7,5681.2,17.8,45.7,22,1797.7,1234.7,1511.9,14548.3,0,44610.2,28550,41.7,52.9,13.63,
1/2/2018 1:45:00,-3881.3,-6415,9132,1943.1,4966.2,12295.6,1949.7,307.2,340.7,5723.3,17.7,48.4,23,1797.5,1236,1572.6,14421,0,44596.5,28602.9,42.2,52.7,13.63,
1/2/2018 2:00:00,-2822.2,-6101.1,9175.8,1942.2,4965.2,11805.5,1924.4,307.2,340.7,5849.5,17.8,53.1,32.3,1797.9,1228.4,1642.3,14296.6,0,44914.7,28975.7,42.4,52.3,12.15,
1/2/2018 2:15:00,-3288.7,-6101.1,9175,1943.4,4983.4,11893.9,1899.7,307.2,328.5,5887.9,17.8,38.3,15.2,1798.3,1223.2,1713.9,14477.5,0,44843.7,28652.2,42.6,52.9,12.15,
1/2/2018 2:30:00,-3754,-6101.1,9190.2,1944.3,4972.5,12195.7,1926.4,307.2,328.5,5958.9,17.9,43.4,10.4,1797.9,1223.2,1720.1,14642,0,45065.7,28703.7,42.4,53,12.15,
1/2/2018 2:45:00,-3877.5,-6101.1,9183.6,1944.3,4965.9,12427.1,1927.2,308.3,328.5,6165.3,17.8,43.5,10,1804,1207.6,1753.1,14579.6,0,45293.3,28960.6,42.1,52.6,12.15,
1/2/2018 3:00:00,-3237.4,-6723.6,9193.8,1951.6,4954.3,13018.4,2002.6,308.8,328.5,6290.2,17.8,42.4,16,1859.6,1202.2,1769.8,14823.6,0,45836.7,29243.3,41.7,52.6,11.83,
1/2/2018 3:15:00,-3611.1,-6723.6,9199.3,1953.1,4966.5,13310.1,1999.2,308.8,330,6536.3,17.7,38.6,49.3,1862.9,1213.9,1844.5,15193.3,0,46063.4,29025.6,41.8,53.3,11.83,
1/2/2018 3:30:00,-3295,-6723.6,9160.1,1954.6,4977.6,13471.9,2034.5,308.8,330,6565.6,17.7,42.3,53.9,1863,1221.7,1821.6,15342.8,0,46824.9,29660.4,41.8,52.8,11.83,
1/2/2018 3:45:00,-2726.3,-6723.6,9102,1955.8,4978.9,13561.1,2031,308.8,330,6561.1,17.6,40.8,80,1863.2,1229.5,1833.4,15314.5,0,47398.5,30250.6,41.7,52.1,11.83,
1/2/2018 4:00:00,-2635.7,-7756.5,9138.9,1953.3,4981.4,13965.2,2073,308.8,330,6774.3,17.3,48.9,39.8,1876,1234.5,1901.8,15403.7,0,48745.1,31439.5,41.4,51,14.55,
1/2/2018 4:15:00,-2588.4,-7756.5,9179.6,1953.4,4988.5,14471,2251.1,308.8,311.5,6830.8,17.4,42.2,75.1,1889,1234.5,1924.4,15399.1,0,49459.6,32136.1,40.9,50.3,14.55,
1/2/2018 4:30:00,-2600.6,-7756.5,9220.4,1955.2,4992.3,15102.6,2531,308.5,311.5,6901.4,17.4,47.4,74.8,1890.4,1215,1921.9,15515.8,0,50626.3,33188.6,40.3,49.4,14.55,
1/2/2018 4:45:00,-2554.2,-7756.5,9225.2,1952.9,4987.2,15990.3,2774.8,308.4,311.5,7075.8,17.5,50.9,112.6,1963.4,1224.1,2019,15655.4,0,52229.8,34555.3,39.6,48.3,14.55,
1/2/2018 5:00:00,-2148.5,-7213,9179.7,1954.6,4950.5,16771.8,2834,308.8,311.5,7520.7,17.4,42.3,637.7,2014.5,1196,2072.2,16004.1,0,54441.3,36365,38.9,47,22.58,
1/2/2018 5:15:00,-1674.9,-7213,9213.9,1960.1,5018.1,17410,2964.5,308.8,392.3,7592.4,17.5,50.5,686.2,2023.2,1193.4,2036.9,16143.8,0,56495.7,38315,38.4,45.6,22.58,
1/2/2018 5:30:00,-704.6,-7213,9225.2,1960.7,5020,17604.4,3052,308.4,392.3,7702.9,17.5,49.3,1013.7,2020.7,1198.6,2149.1,16149.7,0,58124.7,39825.9,38.1,44.5,22.58,
1/2/2018 5:45:00,-616.4,-7213,9187.8,1964.8,5030.3,17748.3,3295,308.1,392.3,7768.8,17.5,44,1227.6,2019.8,1212.9,2433.4,16291.3,0,59827.9,41103.2,38.2,44,22.58,
1/2/2018 6:00:00,-260,-6988.5,9195.7,1968,5080.3,17975.5,3461,308.7,392.3,8630.2,17.5,48,1040.6,2171.1,1215.8,2228.2,16470.2,0,62134.2,43435.8,37.5,42.4,41.92,
1/2/2018 6:15:00,-59.2,-6988.5,9274,1969.2,5103.2,18175.7,3560.4,308,472.6,8950.9,17.5,46.5,1376.2,2181.1,1210.6,2094.6,16461.5,0,63173.9,44617.9,36.8,41.5,41.92,
1/2/2018 6:30:00,-11.7,-6988.5,9313.5,1967.9,5100.6,18277.4,3951,308.4,472.6,9034.5,17.5,57.9,1946.8,2184.8,1197.6,2137.1,16489.6,0,64356.1,45729.4,36.3,40.9,41.92,
1/2/2018 6:45:00,-0.7,-6988.5,9339.2,1964.2,5111.8,18235.5,4339,308.1,472.6,9013.7,17.5,56,2377.4,2186,1216,2154.8,16491.8,0,65534.1,46887.4,35.9,40.2,41.92,
1/2/2018 7:00:00,-69.4,-5893.6,9274.1,1969.7,5131.8,18266.3,4724.4,308.7,472.6,9133.4,17.5,42.8,2176.8,2186.7,1203.3,2141.9,16357,2.2,66956.9,48455.8,35.7,39.1,47.95,
1/2/2018 7:15:00,-41.8,-5893.6,9336.4,1978.1,5153.2,18388,4852.4,308.8,497.8,9245.7,17.6,48,2386.4,2186.9,1182.4,2173.5,16274.2,20.9,67591.7,49123.1,35.4,38.8,47.95,
1/2/2018 7:30:00,-0.7,-5893.6,9346.5,1980.4,5144.1,18616.1,4923.5,308.6,497.8,9302.3,17.5,49.2,2569,2187.6,1159,2214.6,16093.5,90.2,68257.3,49859,35,38.3,47.95,
1/2/2018 7:45:00,-0.7,-5893.6,9344.7,1984.1,5143,18919,5121.1,309.3,497.8,9359.3,17.5,45.2,2431.2,2187.2,1166.8,2157.8,16092.3,227.2,68674.4,50197.1,34.9,38.1,47.95,
1/2/2018 8:00:00,-0.7,-5999.3,9327.8,1982.3,5146.2,19041.2,5286,308.8,497.8,9704.6,17.9,48,2413.3,2186.9,1196.5,1992.9,16121.8,447.9,69002,50439.5,34.7,38.1,49.9,
1/2/2018 8:15:00,-0.7,-5999.3,9351.9,1972.2,5143.9,19246.8,5664.6,307.6,501.9,9681.7,18.2,49.1,2392.1,2186.9,1196.5,1844,16077.8,761.6,69484,50800.6,34.6,38,49.9,
1/2/2018 8:30:00,-0.7,-5999.3,9355.6,1971.2,5153.2,19350.6,5708.3,308.7,501.9,9750.3,18,50.6,2682.6,2186.9,1196.5,1965.2,15954.8,1157.4,70072.8,50995.4,34.7,38.3,49.9,
1/2/2018 8:45:00,-0.7,-5999.3,9359.6,1970.6,5157,19418,5834.7,307.8,501.9,9706.1,17.8,51.4,2655.5,2186.7,1196.5,1987.8,15812.9,1455.8,70540.5,51284,34.8,38.3,49.9,
1/2/2018 9:00:00,-0.7,-5315.3,9351.4,1965.7,5141.5,19538,5851.4,307.8,501.9,9700.5,17.9,52,2775.3,2233.3,1165.1,1847.2,15883.8,1839.3,70999.1,51428.8,34.9,38.4,50,
1/2/2018 9:15:00,-0.7,-5315.3,9348,1965.5,5147.2,19548.7,5832,308.5,340,9680.1,17.6,51.1,2690.6,2233.1,1174.2,1791.4,15662.6,2211.7,71340.8,51675.1,35.1,38.4,50,
1/2/2018 9:30:00,-0.7,-5315.3,9351.3,1968.8,5142.9,19634.8,5928.9,308.3,340,9757.6,17.7,59.3,2764.6,2232.6,1183.3,1699.4,15298.2,2485.3,72254.1,52771.1,34.8,37.6,50,
1/2/2018 9:45:00,-0.7,-5315.3,9343.1,1971.8,5157.2,19716,5994.6,308.8,340,9711.4,17.9,59,2897.2,2232.6,1178.1,1729.8,15070.9,2749.1,72748.7,53199,34.8,37.5,50,
1/2/2018 10:00:00,0,-6051.3,9350.5,1967.2,5149.1,19876.5,6092.3,308.2,340,9747.1,18,53,3097.7,2232.3,1182.4,1982.2,15051.5,3068.9,72605.3,52502.7,35,38.3,49.7,
1/2/2018 10:15:00,0,-6051.3,9348.5,1966.3,5158.2,19968.8,6113.8,308.8,487.7,9709.2,18.1,52.1,2809.2,2231.8,1185,2145.5,15346.8,3273.7,73172.7,52406.7,35.6,38.9,49.7,
1/2/2018 10:30:00,0,-6051.3,9342.7,1967.7,5148.5,19931.7,5996.1,308.8,487.7,9729.4,18,52.4,2659,2231.2,1173.3,2362.1,15483,3403.5,73978.4,52729.7,36.1,39.1,49.7,
1/2/2018 10:45:00,0,-6051.3,9342.9,1969.1,5161.2,19893.5,5996,308.8,487.7,9694.8,18,50.4,2404.4,2231.4,1166.8,2625.1,15666.3,3563.2,74296.5,52441.9,36.7,39.8,49.7,
1/2/2018 11:00:00,0,-6784.1,9352,1978.9,5131.5,19927.4,5949.4,308.8,487.7,9667.9,17.9,62.2,2186,2230.3,1178.2,2699.9,15814.3,3560.4,74143.5,52068.9,37,40.2,48.16,
1/2/2018 11:15:00,-0.7,-6784.1,9290.3,1981.4,5137.9,19922.6,5890.1,308.6,510.6,9674.3,17.7,47.7,1853.7,2230.4,1188.6,2754.9,16140.5,3580.3,74126.9,51651.2,37.5,40.7,48.16,
1/2/2018 11:30:00,-0.7,-6784.1,9297,1977.9,5136.1,19923.8,5950.1,308.4,510.6,9688.8,17.8,56.3,1823.3,2230.5,1173.2,2697.1,16404.3,3644.1,74261.7,51516.2,37.7,41,48.16,
1/2/2018 11:45:00,-2,-6784.1,9283.3,1977.4,5138.2,19960.3,5996.8,308.8,510.6,9688.5,17.8,51.7,1610.2,2230.7,1162.8,2788.4,16493.3,3679.8,74145.5,51184.1,37.9,41.4,48.16,
1/2/2018 12:00:00,-2,-6152,9292.3,1971.7,5130.4,19904.2,6162.4,308.3,510.6,9560.8,17.9,66,1874.1,2250.3,1168.4,2749.5,16294.5,3589.6,73900.9,51267.4,37.5,41.1,47.24,
1/2/2018 12:15:00,-2,-6152,9295.5,1966.7,5133.7,19869.3,6305,309,516.1,9583.5,17.9,59.2,1780.3,2249.7,1177.5,2632.5,15719.2,3537.2,73712,51823,36.9,40.2,47.24,
1/2/2018 12:30:00,-2,-6152,9300.4,1962.9,5126.9,19874.4,6520.7,309.2,516.1,9597.6,17.7,63.4,2004.6,2249.9,1165.8,2487.5,15169.5,3395.3,73303,52250.6,36,39.2,47.24,
1/2/2018 12:45:00,-8.8,-6152,9298.6,1965,5136.6,19816.6,6657,306.3,516.1,9554.4,17.8,29.6,1608.1,2249.8,1163.2,2458.4,14999.4,3154.4,72645.1,52032.8,35.8,38.9,47.24,
1/2/2018 13:00:00,-2,-5403,9273.2,1959.7,5128.5,19796.8,6802.4,305.6,516.1,9529.4,17.9,29,1736.3,2248.9,1151.5,2362.9,14541.6,3002.8,72428.2,52520.9,35.2,38.1,46.1,
1/2/2018 13:15:00,-2,-5403,9292,1957.5,5126.8,19757.1,6842.4,305.8,504.9,9531.7,17.9,29.1,1877.1,2249.6,1163.2,2261.4,14092.2,2741,72035.2,52940.6,34.4,37.1,46.1,
1/2/2018 13:30:00,-2,-5403,9316.8,1957,5144.4,19641.6,6961,304.9,504.9,9545.9,18.1,30.9,1979.6,2248.2,1181.4,2290,13889.1,2371.8,71625.1,53074.3,33.9,36.6,46.1,
1/2/2018 13:45:00,-2,-5403,9321.2,1964.7,5146.2,19699,7072.1,305.4,504.9,9529.3,18.3,50.2,2148.8,2248,1172.3,2274.4,13586.6,1963.5,71400.8,53576.4,33.2,35.8,46.1,
1/2/2018 14:00:00,-145.5,-4180.6,9297.4,1964.4,5141.1,19695.7,7173.9,305.6,504.9,9555.9,18.2,65.4,2345.3,2248.4,1146.6,2398.2,13233,1547.2,71635.6,54457.2,32.5,34.7,43.86,
1/2/2018 14:15:00,-54.4,-4180.6,9316.2,1963.2,5148.9,19715.3,7269.8,305.4,500.7,9582.4,18.2,57.3,2224.9,2247.9,1146.6,2467.7,13158.3,1070.5,71285.7,54589.2,32,34.2,43.86,
1/2/2018 14:30:00,-59.5,-4180.6,9293.8,1964,5152,19694,7329.5,304.9,500.7,9623.8,18.2,31.1,2053.6,2281.7,1146.6,2676.1,13299.7,662.8,71094.6,54456.1,32,34.2,43.86,
1/2/2018 14:45:00,-67.1,-4180.6,9269.9,1961.3,5165.1,19793.8,7262.9,305.4,500.7,9615.3,18.4,31.3,2145.1,2281.6,1146.6,2656.6,13628.5,382.1,70996,54328.9,32,34.3,43.86,
1/2/2018 15:00:00,-181.6,-3251,9150.7,1968.3,5171.4,19729.5,7095.2,305.5,500.7,9669.2,18.4,34.7,1852.5,2281.2,1151.5,2698.9,13652.3,126,71217.2,54740,32.1,34,43.64,
1/2/2018 15:15:00,-102.7,-3251,9196.9,1969.1,5177.9,19772.2,7003.9,305.5,498.8,9683.2,18.3,35.4,1829.5,2281.2,1146.3,2923.6,13517.1,33.2,72080,55606.2,32.1,33.6,43.64,
1/2/2018 15:30:00,-2,-3251,9257.6,1971.4,5186.1,19829.2,7032,305.5,498.8,9744.3,18.4,38.7,2025.2,2281.6,1147.6,3151.3,13732.8,8.8,72874.5,55981.6,32.3,33.8,43.64,
1/2/2018 15:45:00,-2.1,-3251,9295.7,1973.5,5193.1,19832.6,7137.5,305.5,498.8,9709,18.4,56.6,2829.9,2282.6,1151.5,3255.2,13951.1,3.2,73888.9,56679.4,32.2,33.8,43.64,
1/2/2018 16:00:00,-29.5,-3218.5,9286.5,1971.9,5179.1,19885.3,7179.1,305.6,498.8,9688.8,18.4,71.3,3072.2,2281.7,1164.6,3224.5,14215.8,0,75024,57583.7,32.3,33.6,47.37,
1/2/2018 16:15:00,-6.8,-3218.5,9303.3,1970.3,5167.7,20072.2,7290.2,305.6,500.8,9709,18.4,70.5,3085.8,2282.1,1159.3,3152.3,14531.4,0,75383.9,57700.1,32.3,33.7,47.37,
1/2/2018 16:30:00,0,-3218.5,9301.1,1970.6,5181.9,20089.8,7303.2,305.5,500.8,9740.1,18.4,68.7,2980.2,2281.9,1151.5,3188.5,15097.8,0,75524.4,57238.1,32.9,34.5,47.37,
1/2/2018 16:45:00,-66.2,-3218.5,9289.9,1970,5186.5,20060,7289.8,305.5,500.8,9767.5,18.4,59.6,2843,2282.1,1151.5,3232.4,15688.9,0,75635.4,56714.1,33.5,35.3,47.37,
1/2/2018 17:00:00,0,-3846.9,9273.5,1972.1,5169.6,20008.3,7171.7,305.5,500.8,9871.8,18.4,67.1,1141.4,2283.1,1158.2,3350.6,15859,0,75293.3,56083.6,34.5,35.8,46.08,
1/2/2018 17:15:00,-2.7,-3846.9,9281.7,1967.1,5175.8,20038.6,7041.9,305.2,507.6,9866.3,18.4,67.8,844.9,2282.7,1156.9,3647.5,15980.1,0,75043.2,55415.6,35,36.5,46.08,
1/2/2018 17:30:00,-9,-3846.9,9207.7,1964.7,5164.9,19996.5,6975.8,305.6,507.6,9888.4,18.6,52.2,549,2283.7,1150.4,3802.2,16101,0,75211.3,55308.1,35.4,36.7,46.08,
1/2/2018 17:45:00,-143.2,-3846.9,9099.4,1964.4,5138.8,19909.5,6802.5,305.6,507.6,9834.9,18.6,39.6,439.1,2283,1147.7,3952.1,16368.4,0,75272.8,54952.3,36,37.2,46.08,
1/2/2018 18:00:00,-265.4,-3276.4,9218.8,1964.8,5129.6,20074.4,6454.8,305.5,507.6,9576,18.7,65.2,1243.7,2284.1,1146.2,4018.2,16862.6,0,74951.9,54071.1,36.2,38.1,41.08,
1/2/2018 18:15:00,-522.5,-3276.4,9118.6,1961.8,5146.1,19889.4,6129.2,305.6,495.8,9577.3,18.6,45.2,378.7,2284.6,1160.5,4102.8,17468.4,0,74277.9,52706.8,37.5,39.4,41.08,
1/2/2018 18:30:00,-630.6,-3276.4,9021.4,1956.5,5113.7,19976.1,5602,305.6,495.8,9589.7,18.6,44.4,526.1,2284.5,1168.3,4159.2,17884.4,0,73364.3,51320.7,38,40.5,41.08,
1/2/2018 18:45:00,-1257.1,-3276.4,8903.6,1954.9,5118.8,19877.4,5119,305.1,495.8,9504.5,18.7,56.9,337.5,2283.5,1165.7,4202.6,18446.7,0,72457.2,49807.8,39,41.8,41.08,
1/2/2018 19:00:00,-462.8,-6216,8991.9,1952.8,5118.8,19990.6,4768.3,305.7,495.8,8788.6,18.6,70.3,886.8,2284.8,1144.2,4216.7,18921.6,0,71381.8,48243.4,39.5,43.2,34.94,
1/2/2018 19:15:00,-570.9,-6216,9053.4,1950.2,5120.1,19680.7,4162.4,304.8,502.3,8652.7,18.7,72.8,846.7,2284.7,1146.8,4255.4,18911.3,0,70137.1,46970.4,40.1,44,34.94,
1/2/2018 19:30:00,-671.4,-6216,9183.1,1954.8,5120.2,19325.2,3647.2,305.8,502.3,8589.2,18.7,70,859.7,2283,1142.9,4250.4,19297.4,0,68992,45444.1,40.8,45.3,34.94,
1/2/2018 19:45:00,-840,-6216,9197.7,1956.6,5114.9,18846.7,3380.9,305,502.3,8437.5,18.7,57,688.1,2277.5,1141.6,4200.4,19500,0,67712.3,44012,41.5,46.3,34.94,
1/2/2018 20:00:00,-337.7,-8171,9216,1959.6,5101.6,18620,3134.8,305.5,502.3,7868.6,18.8,72.2,649.1,2274.3,1164.9,4254.3,19842.2,0,67311.3,43214.8,42.4,47.2,25.46,
1/2/2018 20:15:00,-435.5,-8171,9194,1962.5,5105.7,18395.5,3006.2,305.6,469.4,7778.4,19,53.2,469.8,2269.9,1183.1,4251.4,20358,0,66257.8,41648.3,43.1,48.7,25.46,
1/2/2018 20:30:00,-802,-8171,9193,1963.1,5103,18194.7,2931.3,305.5,469.4,7729,19.1,57.2,458.4,2254.1,1171.4,4214.7,20674.3,0,65891.8,41002.8,43.6,49.4,25.46,
1/2/2018 20:45:00,-975.2,-8171,9156.1,1966.8,5100.8,17514.4,2854.3,304.1,469.4,7661.6,19.2,52,562.3,2254.1,1164.9,4214.4,21160.7,0,65207,39831.9,44.4,50.7,25.46,
1/2/2018 21:00:00,-245.8,-9831.3,9235.1,1967,5073.3,16614.3,2828.4,305.1,469.4,7437.7,19.3,63.9,921.4,2253.9,1160.7,4249,21022,0,65388.8,40117.8,44.7,50.3,21.3,
1/2/2018 21:15:00,-173.4,-9831.3,9241.2,1966.5,5071.3,15527.5,2806.8,305.6,245,7224.9,19.4,49.8,1315.9,2254.2,1152.9,4280.5,21602.6,0,64440.1,38557,45.9,52,21.3,
1/2/2018 21:30:00,-629.8,-9831.3,9233.3,1966.1,5068.7,14557.5,2769.8,305.6,245,7209.8,19.4,40.9,1475.5,2254.3,1156.8,4298,22308.4,0,63377.5,36771.1,46.9,54,21.3,
1/2/2018 21:45:00,-806.1,-9831.3,9035.8,1967.3,5068.3,13481.1,2741.6,305.6,245,7081.4,19.5,43.7,1214.3,2251.7,1173.7,4283.4,22691.6,0,62296.4,35321.3,48.3,55.5,21.3,
1/2/2018 22:00:00,-601.8,-10949.1,8931.7,1967.4,5055.9,12336.6,2688,305.6,245,6904.3,19.6,55,1075.6,2183.3,1165.3,4288.8,23068.8,0,61030.4,33672.8,49.8,57.3,9.94,
1/2/2018 22:15:00,-753.9,-10949.1,8909.9,1968.2,5059.7,11972.4,2580,304.3,453.5,6859.5,19.7,48.8,345.1,2151.2,1153.6,4310.4,23907.9,0,60167.9,31949.6,51.2,59.6,9.94,
1/2/2018 22:30:00,-1119.1,-10949.1,8917,1967.1,5063.2,11670.9,2468.5,304.4,453.5,6784.2,19.7,49.3,275.3,2151.1,1183.5,4310.5,24482.7,0,59347.3,30554.2,52,61.4,9.94,
1/2/2018 22:45:00,-1593.5,-10949.1,8681.7,1965.7,5050.6,11173.7,2401.9,305.7,453.5,6756.3,19.7,40.8,479.8,2144.2,1199.2,4321.4,24841.6,0,58305.3,29142.3,52.7,63.1,9.94,
1/2/2018 23:00:00,-2521.4,-10688.5,8410.4,1962.2,5000.1,10507.7,2347.8,306.2,310,5686.8,19.7,61.3,412.4,1851.3,1251.5,4320.4,25383.9,0,57624.4,27920.1,55,64.7,7.93,
1/2/2018 23:15:00,-2995.3,-10688.5,8236.2,1963.8,4999.6,10206.5,2314.2,305.6,403.4,5374.9,19.6,53.1,342.6,1822.7,1251.5,4322,26020.4,0,56886.6,26544.3,56.1,66.7,7.93,
1/2/2018 23:30:00,-3796.8,-10688.5,7893.2,1962.4,5004.2,10221.7,2283.6,305.6,403.4,5247.5,19.5,49.4,86.5,1766,1263.2,4331.2,26568.2,0,56169.9,25270.5,57.1,68.5,7.93,
1/2/2018 23:45:00,-3960.5,-10688.5,7396.8,1961.1,5005.3,10142.1,2262.5,305.6,403.4,5190.5,19.5,51.2,36.9,1742.6,1272.3,4332.4,27108.5,0,55732.5,24291.7,58.1,70.1,7.93,
1/3/2018 0:00:00,-3904.5,-10082.1,6968.4,1958.6,5002.6,9637.1,2251.4,305.6,403.4,5127.2,19.3,45.4,39.9,1701.8,1284.4,4370.9,27520.7,0,55143.7,23252.1,59.3,71.6,0.03,
1/3/2018 0:15:00,-3994.6,-10082.1,6523.7,1953.7,5007.2,9429.5,2241.5,305.6,422.6,5101,19.3,48.6,36,1757.6,1272.7,4370.6,28043.3,0,54426.3,22012.4,60.1,73.5,0.03,
1/3/2018 0:30:00,-3919.1,-10082.1,6209,1953.8,5004.2,9409.6,2215.6,305.6,422.6,5159.9,19.2,46.8,25.1,1757.3,1272.7,4408.4,28342.5,0,54242.7,21491.8,60.6,74.4,0.03,
1/3/2018 0:45:00,-3893.9,-10082.1,6035.8,1953.6,5009.1,9335.4,2195.8,305.7,422.6,5133,19.2,42.7,23,1757.6,1272.7,4441.6,28455.5,0,53883.4,20986.3,61,75.2,0.03,
1/3/2018 1:00:00,-3503.6,-11669,6009.2,1950,5002.7,9368.7,2173.4,306.3,422.6,5117.3,19.3,49.3,28.7,1753.6,1277.1,4456.2,28915.9,0,53844.2,20472.1,61.3,76.1,0.02,
1/3/2018 1:15:00,-3690.8,-11669,5980.1,1950.8,5002.2,9390.6,2149.8,306.1,463.2,5129.3,19.2,45,23.4,1753.8,1277.1,4409,29492.2,0,53498.1,19596.9,61.6,77.6,0.02,
1/3/2018 1:30:00,-3855.5,-11669,5952.8,1944,4992.4,9320.5,2125.1,306.6,463.2,5149.3,19.2,45.3,23.1,1753.6,1277.1,4422.3,29744.9,0,53606,19438.8,61.8,77.9,0.02,
1/3/2018 1:45:00,-3865.1,-11669,5769.1,1932.5,4993.4,9270.2,2106.9,306.2,463.2,5117.8,19.2,48,24.1,1753.2,1281,4419.6,30096.9,0,53688.1,19171.6,62.3,78.4,0.02,
1/3/2018 2:00:00,-3939.2,-12237.4,5596.2,1932.9,4979.3,9154.9,2122.8,306,463.2,5125.8,19.2,71,40.8,1750.5,1261.2,4393.8,30913.3,0,54051.2,18744.1,62.9,79.3,-5.99,
1/3/2018 2:15:00,-4028.3,-12237.4,5595,1935.6,4982.6,9147.8,2111.5,306,421.6,5111.1,19.2,56,25.5,1751.2,1259.9,4415.8,31598.9,0,54167.2,18152.4,63.4,80.4,-5.99,
1/3/2018 2:30:00,-4086.6,-12237.4,5599.3,1935.4,4977.1,9151,2115.9,304.8,421.6,5160.6,19.1,61.8,23.8,1751.2,1258.6,4460,32046.8,0,54673.4,18166.5,63.6,80.6,-5.99,
1/3/2018 2:45:00,-4172.7,-12237.4,5598.9,1934.7,4980.7,9167,2114.8,303.4,421.6,5102,19,53.5,23.2,1751.5,1259.9,4493.7,32391.9,0,55011.4,18125.8,63.8,80.8,-5.99,
1/3/2018 3:00:00,-4407.8,-12224.8,5603,1936.2,4969.2,9137.7,2112.5,304,421.6,5131.9,18.9,68.8,23.3,1750.4,1259.9,4484.9,32891.3,0,55377.9,18001.6,64.1,81.1,-9.21,
1/3/2018 3:15:00,-4393,-12224.8,5603.1,1934.5,4960.4,9118.9,2113.4,303.5,310,5110.5,18.9,49.6,23.3,1751,1245.6,4446,33361.9,0,56101.2,18293.3,64.4,80.8,-9.21,
1/3/2018 3:30:00,-4298.6,-12224.8,5596,1938.2,4961,9189.3,2149.8,303.5,310,5127.7,18.8,79.8,23.1,1750.6,1259.9,4454.6,33551.7,0,56599.6,18593.3,64.4,80.5,-9.21,
1/3/2018 3:45:00,-4255.4,-12224.8,5627.8,1941.9,4950.9,9164.9,2151.6,303.6,310,5087,18.6,72.4,23.3,1751.3,1259.9,4461.5,33854.3,0,57216.3,18900.5,64.6,80.2,-9.21,
1/3/2018 4:00:00,-3706.5,-12600.8,5811.7,1955.3,4961.4,9176.6,2242.9,304.3,310,5146.3,18.3,73,32.6,1750.6,1261.3,4466.4,34025,0,58403.1,19911.7,64.4,78.9,-4.64,
1/3/2018 4:15:00,-3266,-12600.8,5979.5,1973.5,4995.9,9185.2,2282.2,304,332.4,5161.6,18.2,53.9,121.1,1750.8,1257.4,4190.2,33745.1,0,59418.2,21482.9,63.8,76.6,-4.64,
1/3/2018 4:30:00,-2843.5,-12600.8,6286.8,1981,4998.3,9225.2,2357.9,303.9,332.4,5158.9,18.3,54.7,363.5,1750.9,1263.7,4194.2,33630.3,0,60437,22612.5,63.2,75.2,-4.64,
1/3/2018 4:45:00,-2398.4,-12600.8,6592.9,1984.8,4988.6,9396.5,2400.9,304.1,332.4,5167.5,18.2,54,487.3,1804.6,1263.7,4172.9,33730.9,0,61814.5,23910.8,62.6,73.6,-4.64,
1/3/2018 5:00:00,-2337.4,-11809,6790.8,1985.9,4989.8,9908.8,2471.8,303.8,332.4,5433.4,18.1,46,259.5,1888.2,1275.9,4153.5,34890,0,63777.3,24733.9,62.4,73.2,8.02,
1/3/2018 5:15:00,-1644.6,-11809,7162.4,1987.5,5000.3,10248.6,2416.6,304.2,321.3,5531.5,18,51.9,226.6,1896.5,1279.8,4111.5,35148.3,0,66061.3,26801.4,61.9,71,8.02,
1/3/2018 5:30:00,-1031,-11809,7535.3,1986,4992.5,10190.4,2468.8,303.9,321.3,5701.9,17.9,86.5,280.3,1987.2,1264.2,4157.9,35195.7,0,67776.1,28422.5,61.5,69.4,8.02,
1/3/2018 5:45:00,-489.4,-11809,7846.8,1988.2,5011.6,10281.6,2547.4,303.7,321.3,5886.5,17.9,52.2,565.1,2090.8,1264.2,4180.5,35025,0,69069.3,29863.8,60.5,67.8,8.02,
1/3/2018 6:00:00,-437,-12061.7,8102.1,1991.2,5040.1,10660.7,2845,303.1,321.3,6180.1,17.9,43.5,1908.1,2126.5,1276.4,4188.2,34540.2,0,70231.2,31502.8,58.3,66.1,11.03,
1/3/2018 6:15:00,-410.1,-12061.7,8398.3,1992.2,5056.3,10990.3,2913.6,304,326.6,6232.8,17.9,42.3,1912.9,2126.8,1279,4201.3,34224.2,0,71304.4,32878.9,57.6,64.7,11.03,
1/3/2018 6:30:00,-280.9,-12061.7,8480.4,1990.2,5050.2,11275,3000.7,303.7,326.6,6291.5,17.8,88.9,2496.1,2124.6,1286.8,4195,34546,0,72864.5,34123.5,57,63.8,11.03,
1/3/2018 6:45:00,-149.1,-12061.7,8471.7,1991.7,5073.2,11649.2,3091.9,302.8,326.6,6326.3,17.7,96.8,2320.3,2121.8,1286.8,4196.4,34812.2,0,74106.9,35098.3,57,63.1,11.03,
1/3/2018 7:00:00,-486.9,-10823.7,8472,1990.4,5091.3,12084,2992.2,303.5,326.6,6331.4,17.5,51.6,1526.4,2123.2,1254,4188.7,34941.1,1.1,74950.5,35819.7,57.3,62.5,13.28,
1/3/2018 7:15:00,-358.4,-10823.7,8547.7,1991.9,5110,12144.9,3031.3,303.9,316.6,6340.8,17.2,53.8,2046.8,2123,1254,4198,34688.5,10.4,75689.1,36792.2,56.7,61.6,13.28,
1/3/2018 7:30:00,-315.6,-10823.7,8581.3,1989.6,5105.7,12071.8,3040.6,303.9,316.6,6359.8,17.1,101.2,2510.9,2124.3,1241,4200.7,34649.8,53.8,76052.4,37148.1,56.5,61.4,13.28,
1/3/2018 7:45:00,-449.2,-10823.7,8603.6,1988.9,5108,12243.3,3039,303.9,316.6,6449.7,17,79.4,2962.7,2124.8,1243.6,4200.5,34191.9,174.6,76676.2,38109.2,55.8,60.4,13.28,
1/3/2018 8:00:00,-489.7,-10281.2,8636.8,1992.1,5095.7,12588.9,3025.7,303.4,316.6,6606.1,16.9,49.9,2175.6,2125.5,1274.1,4198.5,34367.5,392.1,76584.5,37626.4,56.1,61,13.18,
1/3/2018 8:15:00,-535.2,-10281.2,8805.3,1986.8,5080.2,13021.7,2961.4,304,317.5,6819.8,16.7,59.6,2060.2,2125.4,1283.2,4186.4,33668.2,645.2,77025.6,38525.8,55.5,60,13.18,
1/3/2018 8:30:00,-440.7,-10281.2,8879.8,1987.6,5092.4,13075.4,2977,303.3,317.5,6954,16.3,77.8,2143.6,2125.6,1284.5,4197.9,33245.7,896.5,77361.8,39021.7,55.1,59.6,13.18,
1/3/2018 8:45:00,-342.1,-10281.2,8870.1,1990.2,5089.8,13392.6,2994.2,302.8,317.5,7189,16,69.6,2107.8,2126.1,1291,4199.8,33101.7,1080.2,78112,39730.3,54.8,59.1,13.18,
1/3/2018 9:00:00,-378.9,-11523.8,8894.3,1987.2,5077.2,14474.1,2975.9,302.7,317.5,7340.3,15.7,65.3,2855.8,2126.8,1287.1,4188.5,32944,1236.5,78237.6,39868.7,53.5,58.9,13.71,
1/3/2018 9:15:00,-307.4,-11523.8,8900.3,1985.1,5069.7,15135.9,2992.7,302.7,304.2,7341.5,15.4,61.5,2554,2126.2,1281.9,4197,32877.1,1424.5,78670.1,40171.5,53.4,58.7,13.71,
1/3/2018 9:30:00,-239,-11523.8,8896.1,1989.2,5080,15497.2,2931.6,303.2,304.2,7402.2,15.4,67.6,2349.9,2126.9,1294.9,4182.3,33339.7,1629.9,78927.7,39775.8,53.6,59.4,13.71,
1/3/2018 9:45:00,-193.2,-11523.8,8895.2,1983.7,5087.4,15491.5,2836.1,302.8,304.2,7500.4,15.1,94,2238.1,2127.3,1296.2,4177.3,33621.1,1796.5,79315,39720.1,54,59.7,13.71,
1/3/2018 10:00:00,-269.8,-11573,8891.9,1993.3,5078,15519.3,2858.9,303.8,304.2,7657.8,14,64.5,1983.3,2127.5,1284.5,4062.1,33779.2,2001.1,79723.8,39881.4,54.1,59.7,15.42,
1/3/2018 10:15:00,-226,-11573,8899.3,1997,5090.8,15579.5,2907.5,302.5,304.7,7670.5,13.8,104.6,1946.1,2105.4,1271.5,3652.1,33678.6,2477.5,80006.8,40198.5,54.1,59.5,15.42,
1/3/2018 10:30:00,-152,-11573,8907.5,1995.1,5093.8,15491.1,2925,302.2,304.7,7689.6,13.7,103.1,1785.8,2105.4,1266.3,3469.1,33652.9,2564.5,80451,40764.6,54.1,59,15.42,
1/3/2018 10:45:00,-73.7,-11573,8913.4,1993.9,5100.8,15441.6,2917,302.5,304.7,7715.5,13.9,102.2,1732.4,2105.1,1268.9,3614.5,33769,2837.5,80338,40117.1,54.5,59.8,15.42,
1/3/2018 11:00:00,-142.1,-11583,8929.5,1995.4,5084,15403.6,2755.7,303.7,304.7,7533.5,14,60.3,1875.5,2105.1,1251.5,3612.5,33632.7,3035.8,79719,39438,54.6,60.2,15.84,
1/3/2018 11:15:00,-212.9,-11583,8901.2,2002.4,5086.3,15385.2,2732.2,303.6,294.9,7478.3,14,41,1804.6,2103.3,1272.3,3708.4,33523,3099.7,80043.7,39712.7,54.8,60,15.84,
1/3/2018 11:30:00,-267.9,-11583,8923.9,2007.9,5071.1,15422,2745.3,303.7,294.9,7493.4,14,68.4,1799.5,2103.4,1263.2,3691.8,33479.7,3180.2,79889.2,39537.5,54.7,60.2,15.84,
1/3/2018 11:45:00,-234,-11583,8935.7,2012.3,5074.7,15409.9,2751.2,302.9,294.9,7504.1,14.1,87.8,1500,2103.5,1273.6,3428.2,33459.5,3024.4,79478.7,39566.6,54.7,60,15.84,
1/3/2018 12:00:00,-205.4,-11893.3,8965.2,2013,5069.2,15433.6,2755.4,303.4,294.9,7559.5,14,94.3,1894.6,2103.7,1265.3,2983.9,33860.5,2962.6,79437.1,39630.2,54.3,59.9,16,
1/3/2018 12:15:00,-157,-11893.3,8965.3,2012.1,5072.3,15474.1,2763.4,303.7,293.4,7525.4,13.9,102,1359.3,2106.4,1279.6,2643.2,34044.9,2929.6,79157.9,39540.2,54.5,59.9,16,
1/3/2018 12:30:00,-442,-11893.3,8972.9,2007,5076.7,15574,2750.6,303.6,293.4,7570.2,13.9,76.8,1241.3,2084.1,1279.6,2526.2,34258.9,2868.9,78693.6,39039.7,54.6,60.2,16,
1/3/2018 12:45:00,-716.2,-11893.3,8988.6,2004.3,5086.3,15655.5,2739.5,303.8,293.4,7588.5,14,43.1,791.1,2080.8,1278.3,2711.8,34418.9,2707.8,77800.6,37962.1,54.9,61.1,16,
1/3/2018 13:00:00,-770.2,-11848.2,8989,2004.8,5078.1,15464.4,2766.6,303.9,293.4,7699.7,16,66.3,694.5,2081,1279.5,2915.2,34413.6,2498.2,77539.5,37712.6,55,61.3,15.75,
1/3/2018 13:15:00,-626.5,-11848.2,8993.1,2010.9,5097.7,15507.2,2747,303.9,295.6,7766.4,16.7,109.7,689.7,2083.9,1282.1,2922.7,34290.9,2252.5,77068,37601.9,54.7,61.3,15.75,
1/3/2018 13:30:00,-636,-11848.2,9020.9,2019.6,5116.1,15515.1,2747.6,303.5,295.6,7788.4,17.1,102.8,656.6,2089.1,1282.1,2755,34425,1940.3,76724.7,37604.5,54.5,61.2,15.75,
1/3/2018 13:45:00,-295,-11848.2,9030.2,2028.2,5118.4,15265.7,2760,303.4,295.6,7790.8,17.1,113.7,673,2091.7,1282.1,2769.2,34476.9,1620.1,76556,37689.7,54.6,61,15.75,
1/3/2018 14:00:00,-468.8,-11775.7,9043.1,2033.3,5109.1,15181.9,2738.8,303.4,295.6,7805.1,17.4,108.1,753,2092.9,1293.1,2909.8,34477,1353.2,76472.4,37732.4,54.5,60.9,15.14,
1/3/2018 14:15:00,-574.2,-11775.7,9051,2035.9,5108.8,15221,2736.4,304,339.6,7829.8,17.9,94.8,644.4,2091.9,1291.8,3065.1,34659,1051.4,76551.2,37775.7,54.5,60.9,15.14,
1/3/2018 14:30:00,-497.6,-11775.7,9014.9,2029.6,5111.4,15205.5,2747.4,303.2,339.6,7852.6,18,55.9,617,2091.6,1285.3,2973.9,34617.2,778.4,76239.8,37870.3,54.3,60.5,15.14,
1/3/2018 14:45:00,-408.9,-11775.7,8920.8,2036.2,5119.9,15289.3,2747.6,303.5,339.6,7762.7,17.8,35.1,594.4,2091.4,1285.3,2897.3,35032.9,471.3,76406.9,38005.3,54.4,60.5,15.14,
1/3/2018 15:00:00,-397,-12149.6,8864.2,2050.3,5118.2,15079.4,2802.2,303.1,339.6,7578.1,17.8,46.2,1641.9,2088.9,1291.2,2842.2,35289.1,167.5,77144.5,38845.7,53.9,59.8,16,
1/3/2018 15:15:00,-382.5,-12149.6,8905.6,2050.9,5118.9,15143.9,2996.2,303.7,333.1,7602.7,17.8,41.6,1854.2,2085.2,1295.2,2871.7,35507.9,52.5,77272.3,38840.3,53.7,59.8,16,
1/3/2018 15:30:00,-278.7,-12149.6,8970.8,2053.5,5123.4,15084.4,3090.9,304.2,333.1,7639.8,17.7,46.7,2421.4,2083.7,1293.9,2924.2,35581.2,9.8,77928.3,39413,53.3,59.5,16,
1/3/2018 15:45:00,-66.6,-12149.6,9065.8,2060.2,5133.4,15057.5,3164,303.3,333.1,7957.1,17.8,42.9,2419.4,2083.5,1295.2,3070.9,35949.3,3.2,79497.7,40474.2,53.3,58.9,16,
1/3/2018 16:00:00,-684.7,-11984.5,9016.7,2057.9,5126.3,14898.9,3190.9,304.2,333.1,7877.3,17.8,38.7,1921,2084,1277.7,3424.3,36240.4,0,80479.5,40814.8,54.1,59,15.11,
1/3/2018 16:15:00,-825.4,-11984.5,9012,2063.1,5135.1,14935.6,3202.6,303.7,337.2,7867.8,17.8,36.4,2184.5,2083.6,1264.7,3687.1,36508.7,0,80833.9,40638.1,54.2,59.4,15.11,
1/3/2018 16:30:00,-767.7,-11984.5,9030,2066.7,5138.2,15003.4,3212,303.7,337.2,7918.2,17.9,40.2,2328.5,2083.5,1277.7,3752.1,36617.6,0,81357.3,40987.6,54.1,59.3,15.11,
1/3/2018 16:45:00,-766.4,-11984.5,9054.3,2076.3,5147.3,14977.5,3213.7,304,337.2,7868.5,17.8,53.3,2237.4,2083.1,1276.4,3882.6,36933.6,0,81395.4,40579.1,54.4,59.8,15.11,
1/3/2018 17:00:00,-964.2,-11565.9,9030,2077.4,5131.3,15001.9,3238.8,304,337.2,7830.2,17.9,61.8,1596.1,2084.1,1278.6,3968.6,37194.8,0,80994.5,39831.1,55,60.5,13.37,
1/3/2018 17:15:00,-1357.5,-11565.9,9029,2078,5111.1,14811.8,3253.6,303.9,347.1,7818.8,17.9,61.6,1403.2,2084.5,1283.8,3961.6,37240.7,0,80689.3,39487,55.2,60.8,13.37,
1/3/2018 17:30:00,-1239.4,-11565.9,9053.9,2084.3,5117.4,14624.4,3266.7,303.9,347.1,7855.6,17.8,60.9,1194.4,2084.5,1273.4,3954.9,37438,0,80455.5,39062.6,55.5,61.2,13.37,
1/3/2018 17:45:00,-1152.4,-11565.9,9068.9,2094.8,5134.7,13993.8,3335.5,303.5,347.1,7636.7,17.8,73.4,961.8,2084.6,1287.7,3858.5,37592,0,80168.3,38717.8,56.2,61.6,13.37,
1/3/2018 18:00:00,-1069,-11591.8,9091.5,2104.1,5145.8,13206.4,3239.1,303.9,347.1,7507.4,17.8,88.3,1191,2084.8,1297.1,3743.2,37771.5,0,80074.1,38559.4,56.8,61.8,11.06,
1/3/2018 18:15:00,-947.5,-11591.8,9080.2,2112,5151.4,12493.9,3192.2,303.7,344.2,7442.8,17.7,70.2,1197.2,2084.8,1301,3725.1,37857.7,0,78626.2,37043.5,57.3,63,11.06,
1/3/2018 18:30:00,-951.3,-11591.8,9018.3,2132.5,5155.7,12079.1,3100.6,303.4,344.2,7423.9,17.7,52.2,728.8,2084.7,1312.7,3724.3,37590.8,0,77825,36509.9,57.9,63.3,11.06,
1/3/2018 18:45:00,-1116.7,-11591.8,8977,2136,5148.7,11719,3020.9,303.3,344.2,7288.3,17.7,53.6,554.8,2085,1306.2,3734.8,37565,0,77163.1,35863.3,58.4,63.8,11.06,
1/3/2018 19:00:00,-906.8,-12181.4,9009,2141.8,5107.9,11012.7,2920.9,303.8,344.2,6768.5,17.7,57.3,1091.4,2082.4,1296.7,3725.9,37560.6,0,76319.5,35033,59,64.5,10.06,
1/3/2018 19:15:00,-1151.7,-12181.4,9036.3,2152.6,5101.7,10728.3,2912.2,303.2,358.1,6458.1,17.7,60.8,848.5,2082.2,1283.7,3704.8,37728.7,0,74967.8,33534.3,59.6,65.8,10.06,
1/3/2018 19:30:00,-1573.4,-12181.4,8960.2,2162.7,5102.4,10507.1,2840.8,303.3,358.1,6345.4,17.7,62.7,168.1,2082.1,1286.3,3693.4,37805.7,0,73669.8,32170.8,60.5,67.1,10.06,
1/3/2018 19:45:00,-1862,-12181.4,8846.3,2164.1,5099.5,10239.9,2781,304.4,358.1,6248.2,17.7,62.9,123,2061.3,1288.9,3680.3,38000.8,0,72282.1,30600.9,61,68.6,10.06,
1/3/2018 20:00:00,-1620.4,-12042.6,8837.5,2172.9,5079.3,9962.4,2852.1,303.2,358.1,5887.3,17.7,62.3,268.2,2006,1295.9,3665.6,38129.8,0,71719,29923.6,61.4,69.3,9.3,
1/3/2018 20:15:00,-1671.7,-12042.6,8796.2,2174.4,5080.2,9719.7,2830,303.4,361.7,5776.9,17.8,63.4,235.5,2005.3,1290.7,3657.5,38081.8,0,71110.6,29371.3,61.8,69.8,9.3,
1/3/2018 20:30:00,-2114.1,-12042.6,8781.8,2186.5,5072.9,9741.6,2800.6,303,361.7,5671.7,17.9,60.3,101.5,1960.1,1302.4,3659.1,38185,0,70095.2,28251.1,62,71,9.3,
1/3/2018 20:45:00,-2404,-12042.6,8710.2,2194.8,5073.5,9744.2,2797.2,303.9,361.7,5468.7,17.9,57.8,43.1,1934.1,1307.6,3652.4,37903.1,0,69416.7,27861.1,62.2,71.3,9.3,
1/3/2018 21:00:00,-1823.2,-13361.1,8832.8,2196.1,5050.2,9787.3,2716.9,303.9,361.7,5404,17.9,80.7,442,1941.6,1308.2,3650.1,36821.3,0,69308.3,28836.9,61.3,69.8,9.87,
1/3/2018 21:15:00,-2084.8,-13361.1,8823.8,2196,5041,9735.9,2699.8,304,389.7,5365.4,18,89.4,222.8,1941.3,1309.5,3777,36850.2,0,68456.4,27829.2,61.7,70.9,9.87,
1/3/2018 21:30:00,-2591.7,-13361.1,8829.8,2194.8,5034.9,9766.3,2691.7,303.9,389.7,5430.4,18.1,51.2,90.2,1929.6,1300.4,3853,36693.7,0,67563.1,27016.4,61.6,71.7,9.87,
1/3/2018 21:45:00,-3249.5,-13361.1,8814.2,2198,5039.3,9750.9,2677.5,304.3,389.7,5325.1,18.1,47.9,61.4,1879.3,1306.9,3850.8,36353.8,0,66028.2,25823.7,61.6,72.8,9.87,
1/3/2018 22:00:00,-2169.3,-14854.3,8878.2,2181.2,5020.1,9641.2,2717.6,303.6,389.7,5223.6,18.2,48.1,256.7,1833.9,1296.1,3857,36215.5,0,65155,25082.6,61.5,73.6,4.97,
1/3/2018 22:15:00,-2360.9,-14854.3,8858,2185.4,5022.2,9557,2716.5,303.5,354.8,5166.3,18.2,47.3,54.7,1778.4,1298.7,3865.7,36208,0,63762.4,23688.7,61.9,75.2,4.97,
1/3/2018 22:30:00,-2897.6,-14854.3,8866.9,2188.4,5015,9573.5,2735,304,354.8,5195.2,18.2,46.9,45.7,1778.5,1311.7,3873.5,35944.6,0,62720.5,22902.5,61.7,76,4.97,
1/3/2018 22:45:00,-3384.2,-14854.3,8868.6,2190.6,5014.9,9557.6,2755.3,304,354.8,5192.2,18.3,46.8,45.8,1778.3,1311.7,3824,36056.5,0,61727.7,21847.3,61.7,77.3,4.97,
1/3/2018 23:00:00,-3434.6,-15910.3,8670.1,2190.5,4964.7,9369.5,2924.5,303.9,353,5417.4,18.4,43.9,46.8,1773.1,1310.8,3668.9,35900.8,0,60271.4,20701.6,61.6,78.6,-0.36,
1/3/2018 23:15:00,-4051.3,-15910.3,8227.3,2187.4,4962.9,9259.1,2985.4,304.4,358.2,5340.1,18.4,61.1,46.1,1716.8,1310.8,3678.6,35514.1,0,59372.7,20180,61.9,79.2,-0.36,
1/3/2018 23:30:00,-4258.5,-15910.3,7957.4,2176.9,4960,9232.6,3087.8,303.1,358.2,5368.4,18.4,57.4,45.9,1711.5,1312.5,3686.6,35537.6,0,58919.4,19695.3,62,79.8,-0.36,
1/3/2018 23:45:00,-4448.9,-15910.3,7850.4,2174.1,4967.1,9268.6,3112.6,303.7,358.2,5383.6,18.4,77.9,45.8,1736.2,1312.5,3660.9,35488.5,0,58278.5,19129.1,62,80.6,-0.36,
1/4/2018 0:00:00,-4142.3,-16886.2,7875.8,2172.8,4956.5,9205.1,3128.5,303.6,358.2,5396.9,18.4,86.9,46.9,1736.7,1313.3,3636.9,35276.6,0,57413.5,18500,61.9,81.4,-5.57,
1/4/2018 0:15:00,-4332.9,-16886.2,7921.7,2163.5,4956.9,9066,3109.1,304,356.3,5407.3,18.3,83.6,27,1707.1,1315.9,3605.4,35067.5,0,57017.3,18344.4,61.9,81.5,-5.57,
1/4/2018 0:30:00,-4328.6,-16886.2,7924.9,2161.9,4972,9038.3,3105,303.5,356.3,5445.1,18.3,49.5,17.7,1714.2,1313.3,3590.4,34879.5,0,56557.2,18087.4,61.8,81.8,-5.57,
1/4/2018 0:45:00,-4296,-16886.2,7914.9,2172.8,4974.5,9010.1,3021.9,303.8,356.3,5407.6,18.4,49.3,17.7,1730.4,1299,3528.8,34518.5,0,55920.2,17872.9,61.7,82,-5.57,
1/4/2018 1:00:00,-3877.6,-16252.7,8061.4,2183.5,4963.9,9076.2,2930,302.3,356.3,5415.5,18.3,52.2,18.3,1773.1,1297.7,3463.3,34202.2,0,55733.5,18068.1,61.3,81.6,-7.85,
1/4/2018 1:15:00,-3973,-16252.7,8201.6,2185.4,4974.5,9047.6,2828,303.6,363.5,5385.5,18.3,49,19.6,1773.8,1289.9,3318.1,34075,0,55398.3,18005.2,61.2,81.6,-7.85,
1/4/2018 1:30:00,-3991.6,-16252.7,8182.7,2187.2,4972.9,9035.4,2840.2,304,363.5,5423.3,18.3,46.2,38.8,1773.4,1286,3420,33883.9,0,55455.9,18152.1,61.1,81.3,-7.85,
1/4/2018 1:45:00,-3943.9,-16252.7,8045.9,2188.4,4978.7,9057.8,2883.8,303.8,363.5,5402.1,18.2,43.8,26.2,1775.9,1292.5,3512,33860.2,0,55294.4,17922.2,61.3,81.7,-7.85,
1/4/2018 2:00:00,-4243.7,-14226.1,8085.6,2188.2,4971.3,9037.6,2873.1,303.9,363.5,5535.5,18.2,54.6,17.7,1844.5,1301.6,3370.8,33475.6,0,55464.1,18617.7,60.8,80.5,-5.29,
1/4/2018 2:15:00,-4148.5,-14226.1,8143.3,2188.2,4978.2,9036.9,2880.9,303.7,362.2,5546.7,18.2,45.3,20.6,1864.4,1274.2,3435,32984.3,0,55641.7,19222.5,60.5,79.5,-5.29,
1/4/2018 2:30:00,-3971.4,-14226.1,8155.8,2186.1,4971.6,9053.3,2914,303.7,362.2,5601.3,18.2,46.3,36.3,1865,1266.4,3451.5,32611.2,0,55925.6,19862.9,60.2,78.4,-5.29,
1/4/2018 2:45:00,-3814.7,-14226.1,8252.2,2184.5,4971,9126.4,3113.7,303.9,362.2,5563.8,18.2,59.1,33.6,1889.5,1259.9,3245,32504,0,56343.3,20594.2,59.7,77.3,-5.29,
1/4/2018 3:00:00,-3336.3,-12970.4,8316.3,2187.3,4968.1,9180.4,3142,304,362.2,5702.3,18.1,82.1,45.8,1944,1220.6,3105.2,32142.1,0,56571.8,21324.6,59.2,76.1,-1.75,
1/4/2018 3:15:00,-3159.6,-12970.4,8452.8,2187.3,4974.2,9279.1,3083.2,303.9,348,5684,18.1,69.2,26.4,1943.6,1198.5,2928.6,31683,0,56717,22105.3,58.7,74.8,-1.75,
1/4/2018 3:30:00,-2802.9,-12970.4,8701.5,2186.3,4975.3,9328.9,3126.1,304,348,5719.5,17.9,96.2,212.9,1943.1,1263.6,2589.7,31112.7,0,57093.5,23391.1,57.8,72.8,-1.75,
1/4/2018 3:45:00,-2679.9,-12970.4,8915.8,2185.2,4970.9,9641,3174.7,303.9,348,5651.7,17.9,99.3,320.6,1943.5,1313,2276.1,30711.4,0,57508.2,24520.6,56.8,71,-1.75,
1/4/2018 4:00:00,-2709.3,-11923.5,9039.2,2185.1,4969.2,10208.8,3229.4,304.1,348,5784.2,17.7,74.4,63.1,1980.1,1321.1,2076.6,30501.9,0,58455.3,25876.8,56.1,69.1,6.01,
1/4/2018 4:15:00,-2810.3,-11923.5,9155.1,2184.3,4974.9,10781.4,3289.3,304,354.4,5890.8,17.6,48.3,68.9,2000.9,1331.5,2009.7,30085,0,58765.1,26670.5,55.1,67.9,6.01,
1/4/2018 4:30:00,-2483.1,-11923.5,9205,2178.4,4979.8,11121.7,3392,302.4,354.4,6044.1,17.7,59.2,179.3,2018,1317.2,1755,29800.5,0,60120.8,28565.3,54.2,65.5,6.01,
1/4/2018 4:45:00,-1801.4,-11923.5,9206.4,2174,4984.2,11536.8,3553.1,304.1,354.4,6210.9,17.6,55.5,280.6,2032.9,1314.4,1665.2,29112.6,0,61482.3,30704.6,53,62.8,6.01,
1/4/2018 5:00:00,-2246.9,-9694.3,9091.4,2169.4,4959.4,12674,3970.2,303.9,354.4,6666.1,17.6,40.8,118.4,2084.1,1297.1,1674.5,28907.7,0,63335.9,32753.7,51.6,60.6,19.96,
1/4/2018 5:15:00,-1798.7,-9694.3,9180,2166.9,5010.1,13439.6,4132.2,303.2,357.1,6957.2,17.5,41.5,97.1,2084.7,1291,1556.7,28367.2,0,64887,34963.1,50.3,58.2,19.96,
1/4/2018 5:30:00,-1046.7,-9694.3,9218.9,2161.8,5022.9,14221.4,4406,303.9,357.1,7098.5,17.6,56.9,108.7,2106.9,1292.8,1468,28050.3,0,66796,37277.7,49.2,55.9,19.96,
1/4/2018 5:45:00,-569.5,-9694.3,9223.5,2160.4,5036.2,14887.5,4743,303.5,357.1,7180.6,17.7,43.2,227.1,2107.9,1292.8,1391.8,27777.5,0,68476.2,39306.9,48.2,54,19.96,
1/4/2018 6:00:00,-794.4,-9016.2,9179.6,2157.6,5047.2,15929.4,5215.6,303.6,357.1,7643,17.8,41.7,482.2,2109.1,1292.5,1285.3,27081.4,0,70213,41846.3,46.3,51.6,33.59,
1/4/2018 6:15:00,-428.1,-9016.2,9172.4,2152.8,5060.5,16618.5,5541.5,304.1,346.7,8045.4,17.8,40.8,882.4,2109.6,1289,1138.7,26637.8,0,71301.2,43524.7,44.9,50,33.59,
1/4/2018 6:30:00,-72,-9016.2,9008.4,2139.6,5079,16858.1,6037.4,304.4,346.7,8272,17.9,49.6,1170.5,2109.8,1293.4,1120.5,26109.2,0,72177.6,44947.9,43.9,48.6,33.59,
1/4/2018 6:45:00,-63.8,-9016.2,9048.5,2133,5076.7,17045.5,6420.8,303.5,346.7,8591.6,17.9,54.8,1521.4,2108.8,1305.1,1132.3,25477.3,0,73102.1,46492.5,42.8,47.2,33.59,
1/4/2018 7:00:00,-130.7,-7834.4,9130.6,2130.1,5078.6,17234.6,6632.7,304.2,346.7,9227.4,17.9,53.9,1689.7,2115.4,1261.7,1094.8,24900.1,1.1,74859.2,48863.2,41.7,45.2,40.45,
1/4/2018 7:15:00,-14.5,-7834.4,9221.7,2128.6,5088.5,17424.1,7060.5,303.2,288,9317.5,17.9,68,1866.8,2115.5,1262.5,1121,24169.6,11.4,74759.9,49457.8,40.7,44.4,40.45,
1/4/2018 7:30:00,-3.4,-7834.4,9236.6,2123.9,5090,17481.3,7539.6,303.6,288,9358.2,17.9,80.4,2021.4,2114.9,1272.1,1130.7,23520.6,58.4,74770.8,50061.1,39.9,43.6,40.45,
1/4/2018 7:45:00,0,-7834.4,9243.3,2117.9,5098.8,17579.1,7850.3,303.4,288,9465.2,17.7,98.1,2063.2,2115.1,1265.1,1070.1,22897.5,149.1,75116,50999.4,39.2,42.6,40.45,
1/4/2018 8:00:00,-13.4,-7083.1,9240.9,2101.9,5108.6,17749.2,8403.1,304.2,288,9612.7,17.9,113.3,1956.6,2115.6,1272.6,1051.8,22324,310.2,74841.6,51155.6,38.5,42.2,41.97,
1/4/2018 8:15:00,-34.1,-7083.1,9210.9,2087.6,5113.9,17779.5,8815.2,303.8,377.9,9643.2,17.9,57.1,2362.9,2115.5,1272.6,1152.1,21637.2,520.6,75274.1,51964.3,37.8,41.4,41.97,
1/4/2018 8:30:00,-9.5,-7083.1,9224.6,2083,5110,17709,9010.4,303.9,377.9,9673.8,17.9,95.4,2642.2,2115.3,1255.7,1089.5,20988.4,750.2,75442.5,52614.3,37.2,40.7,41.97,
1/4/2018 8:45:00,-0.7,-7083.1,9227.9,2082,5099,17638.4,9364.2,303.9,377.9,9707,17.9,114.9,2782.7,2115.7,1253.1,918.9,20596.6,1005,75601.3,53080.8,36.8,40.2,41.97,
1/4/2018 9:00:00,-42.2,-6018.8,9253.5,2092.6,5094.2,18008.1,9817.9,304,377.9,9758.7,18,103.6,2313.2,2113.6,1269.3,850,19959.9,1266.6,75881.5,53805,36.3,39.5,44.91,
1/4/2018 9:15:00,-0.7,-6018.8,9241.6,2088.2,5092.6,18171.9,10037.2,303.9,371.8,9751.1,18,92.4,2099.4,2072.7,1270.6,835.3,19549.3,1502.3,76154.3,54267.4,36.1,39.1,44.91,
1/4/2018 9:30:00,-0.7,-6018.8,9239.9,2088.2,5113.6,18234.2,10134,303.2,371.8,9831.4,18.1,84.9,2573.2,2072.3,1269.3,859.6,18899,1692.5,76701.7,55250.6,35.4,38.2,44.91,
1/4/2018 9:45:00,-0.9,-6018.8,9242.8,2088.7,5129.5,18317.7,10202.2,303.5,371.8,9795.8,18,84.9,3166.3,2073.2,1262.8,797,18660.3,1900.6,77028.5,55670.6,35.1,38,44.91,
1/4/2018 10:00:00,-3.9,-4989.7,9241.4,2079.3,5131.9,18360.4,10384.1,304,371.8,9815.6,18,73.3,2807,2083.1,1258.1,848,18226.9,2036.9,77197.8,56086,34.9,37.5,48.22,
1/4/2018 10:15:00,-6.1,-4989.7,9248.1,2077.6,5143.2,18390.5,10376.4,304,372,9816.1,18,78.1,2953.3,2082.7,1263.3,820.9,17842.4,2130.6,77644.1,56850.2,34.6,36.9,48.22,
1/4/2018 10:30:00,-4.1,-4989.7,9254.5,2077.8,5149.8,18340.7,10370.2,304,372,9810.3,18,96.5,3002.9,2082.1,1248.9,920,17485.2,2213.7,77666.4,57047.4,34.5,36.7,48.22,
1/4/2018 10:45:00,-0.7,-4989.7,9257.1,2078.9,5150.5,18399.7,10454.4,303.8,372,9788.4,18.1,94.4,3269.1,2082,1248.9,947,16953.1,2240.3,77658.5,57518,33.9,36.1,48.22,
1/4/2018 11:00:00,0,-4261.3,9248.5,2076.6,5144.4,18389.9,10459.7,304.1,372,9680,18.1,53.8,3589,2099.8,1278,971.2,16563.8,2253.3,77467.6,57679.3,33.5,35.7,46.04,
1/4/2018 11:15:00,-60.9,-4261.3,9240.8,2076,5157.4,18312.3,10460,304.4,388.5,9673.2,18,40.2,3297.5,2099.3,1270.2,985.3,16290.9,2191.5,77231.2,57763.6,33.4,35.4,46.04,
1/4/2018 11:30:00,-83.7,-4261.3,9260.1,2080.6,5167.1,18327.1,10502.5,303.1,388.5,9640.1,17.8,80.5,3930.7,2099.3,1254.5,1037.8,15882.6,2213.1,76905.2,57771.7,32.9,35.2,46.04,
1/4/2018 11:45:00,-64.6,-4261.3,9254.9,2078.3,5162.9,18296.9,10444.5,304,388.5,9670.8,17.8,79.8,3909.2,2099.1,1271.5,1043.3,15411.5,2053,76888.8,58381,32.4,34.4,46.04,
1/4/2018 12:00:00,-3.5,-3256.7,9265.9,2079,5166,18336.2,10396.5,303.7,388.5,9677.2,18,74.4,3392.7,2121.3,1263.9,952.4,15198.3,1895.7,76680.6,58634.3,32.2,33.8,42,
1/4/2018 12:15:00,-4.6,-3256.7,9261.4,2078,5161.4,18310.9,10375,304.5,374.7,9652.2,18,76.2,3546.7,2121.5,1263.9,870.3,14739.5,1790.6,76287.6,58887.3,31.6,33.2,42,
1/4/2018 12:30:00,-32.9,-3256.7,9266.1,2077.8,5166.3,18314.8,10390.6,304,374.7,9678,18.1,87.7,3670.8,2152.7,1271.7,799.6,14250.5,1634.1,75874.4,59190.2,31,32.4,42,
1/4/2018 12:45:00,-33.5,-3256.7,9266.8,2078.6,5163.7,18294.3,10428.1,303.9,374.7,9864.4,18.2,108.7,3572,2153.4,1263.9,712.7,13910.9,1460.3,75040.5,58956.6,30.4,32,42,
1/4/2018 13:00:00,-8,-1953.9,9286.7,2076.9,5162.5,18318.3,10436.4,303.1,374.7,9603,18.3,96.2,2900.7,2157.8,1250.1,626.9,13527.6,1333.4,74784,59296.1,30.2,31.3,41.08,
1/4/2018 13:15:00,-3.3,-1953.9,9279.7,2077,5169,18301.9,10379.3,304.1,353.7,9621.9,18.3,111.7,2915.1,2157.5,1242.3,589.6,13355.2,1168.7,74567.2,59453.7,29.9,30.9,41.08,
1/4/2018 13:30:00,-3.5,-1953.9,9321.8,2076.3,5174.2,18268.9,10415.1,303.5,353.7,9740.4,18.2,114.9,3017.6,2157.2,1241,617.1,13106.7,1015,74351.1,59612.3,29.5,30.5,41.08,
1/4/2018 13:45:00,-5.8,-1953.9,9316.1,2077.7,5174.3,18330.5,10501.6,303.6,353.7,9915,18.3,83.5,2813.7,2157.4,1241,620.9,12990.3,815.9,73913.1,59486,29.1,30.2,41.08,
1/4/2018 14:00:00,-98.4,-887.8,9317.4,2080.2,5162.4,18321.2,10697.5,304,353.7,9661.1,18.2,107.3,2483.5,2167.7,1230.5,575.5,12695.9,604.6,74255.6,60379.6,28.8,29.4,42.04,
1/4/2018 14:15:00,-80.9,-887.8,9359.7,2079.4,5181.6,18317.1,10829.7,304.3,412,9598.8,18.2,109.5,2607.6,2167.4,1221.4,517.1,12488.4,415,74040.7,60620.3,28.2,28.8,42.04,
1/4/2018 14:30:00,-79.1,-887.8,9378.3,2090.4,5188.7,18331.8,10961.3,304,412,9582.9,18.3,109.5,2506.9,2188.8,1220.1,511,12285.4,266.5,74040.3,60977.4,27.9,28.4,42.04,
1/4/2018 14:45:00,-83.5,-887.8,9382.6,2094,5189.7,18283.4,11036.3,304,412,9582.8,18.3,109.6,2482.2,2189.1,1157.7,502.2,12507.9,117.3,74067.9,60940.5,27.9,28.4,42.04,
1/4/2018 15:00:00,-156.1,-1421.5,9361.4,2093.8,5188.8,18237.5,11125.3,304,412,9586.9,18.1,109.7,2973.1,2174.3,1144.2,431.9,12847,23.8,74719.5,61416.9,27.9,28.4,42.53,
1/4/2018 15:15:00,-181.5,-1421.5,9386.2,2097.4,5190.1,18279.9,11121,304.1,245,9592.5,18,110.5,3253.8,2174.6,1154.6,375.9,13370,3.8,74838.4,61088.8,28.3,29,42.53,
1/4/2018 15:30:00,-179.5,-1421.5,9386.5,2104,5191.3,18216.6,11243.5,303.9,245,9587.8,17.7,117.2,3345.3,2175,1166.1,404,13830,1.1,75442.5,61207.4,28.7,29.4,42.53,
1/4/2018 15:45:00,-0.4,-1421.5,9381.9,2114.5,5197.1,18185.4,11163.7,304,245,9598.4,17.4,118.9,3502.9,2175,1171.3,408.3,14354.8,0,76384.2,61621.1,29.2,29.8,42.53,
1/4/2018 16:00:00,-61.5,-1312.1,9354.9,2118.7,5192.3,18166,11234.2,303.9,245,9625,17.1,83.8,3260.6,2175.6,1157.8,407.3,14831.2,0,76969.8,61731.2,29.6,30.1,51.43,
1/4/2018 16:15:00,-48.3,-1312.1,9378.3,2126.7,5190.5,18226.2,11281.9,304,390.4,9618.9,16.9,80.7,3276.8,2175.3,1160.4,430.4,15074.3,0,77056.3,61551.5,29.8,30.4,51.43,
1/4/2018 16:30:00,-52.5,-1312.1,9366,2136.6,5189.6,18293.6,11282.6,303.9,390.4,9638.5,16.8,81.4,3248.2,2174.9,1161.7,427,15436.7,0,77521.5,61657.7,30.1,30.7,51.43,
1/4/2018 16:45:00,-54,-1312.1,9363.1,2155.7,5206.3,18286.4,11223.4,304.4,390.4,9641.5,16.8,80.9,2974.1,2174.6,1169.5,488.2,15797.2,0,77769.5,61484,30.6,31.2,51.43,
1/4/2018 17:00:00,-2.9,-3218.8,9356.2,2161.5,5197.6,18287.5,11200.8,304,390.4,9634.5,16.8,103.2,2540.6,2175.4,1165.6,534.7,16301.6,0,77158.5,60322.2,31.3,32.2,49.96,
1/4/2018 17:15:00,-157.4,-3218.8,9361.1,2164,5199.6,18321.5,11205,304,445.6,9638.4,16.8,81.1,2187,2175.3,1147.4,571.5,16820.5,0,76701.1,59309.1,31.9,33.1,49.96,
1/4/2018 17:30:00,-475.6,-3218.8,9352.9,2170.6,5190.6,18299.1,11238.2,303.7,445.6,9644.4,16.8,78.6,2015.8,2175.2,1170.9,666.5,17243.7,0,76647.8,58737.6,32.4,33.8,49.96,
1/4/2018 17:45:00,-482.1,-3218.8,9282.1,2173.8,5203.2,18256.1,11446.5,304,445.6,9621.6,16.7,61.4,1371.2,2175,1183.9,737.6,17449.6,0,76255.1,58068,32.8,34.3,49.96,
1/4/2018 18:00:00,-319.2,-4633.9,9349,2183.6,5193.5,18259,11234,304.7,445.6,9424,16.5,87.4,1343.6,2175.2,1172.7,766.4,17865.1,0,75972.9,57341.4,33.4,35.1,46.73,
1/4/2018 18:15:00,-890.1,-4633.9,9303.4,2197.4,5189.4,18159.5,11135.3,303.5,413.9,9349.9,16.5,70.7,836.5,2175.5,1164.9,765.4,18453.5,0,74816.5,55597.6,34.2,36.4,46.73,
1/4/2018 18:30:00,-836.3,-4633.9,9317.3,2207,5191.9,18279.2,10991.2,303.3,413.9,9377.2,16.5,36.5,642.3,2175.5,1156.6,764.2,19257.8,0,74253.2,54231.2,34.9,37.7,46.73,
1/4/2018 18:45:00,-1172.4,-4633.9,9222.7,2212.5,5183,18249.2,10598.3,303.8,413.9,9128.1,16.5,35.6,453.4,2175.2,1164.9,831.5,19686.1,0,73871.6,53353.9,35.8,38.6,46.73,
1/4/2018 19:00:00,-852.4,-6378.6,9314.3,2226.8,5139.8,18336.8,9690.2,303.1,413.9,8237.1,16.4,90.8,839.6,2175.3,1162.4,970.8,20180.6,0,73094,51942.5,36.8,39.9,41.57,
1/4/2018 19:15:00,-915.7,-6378.6,9315.2,2235.1,5135.8,18297.2,8693.9,304.6,461,7916.6,16.5,89.6,482,2175.2,1172.1,1089,21010.6,0,71640.7,49541.2,38.4,42,41.57,
1/4/2018 19:30:00,-1148.7,-6378.6,9319.5,2248.5,5134.5,18303,7897,303.9,461,7810.9,16.5,47.3,356.4,2174.9,1204.8,1175.9,21640.2,0,71030.9,48214.8,39.4,43.4,41.57,
1/4/2018 19:45:00,-1567.7,-6378.6,9314.1,2260.2,5139.6,18427.1,7485.2,303.9,461,7658.8,16.5,43.2,284.3,2175,1183,1258.7,21920.9,0,69934.8,46755.2,40,44.6,41.57,
1/4/2018 20:00:00,-1015.1,-7747.2,9330.8,2269.8,5121.6,18524.7,6842.2,304,461,7409,16.4,58.2,895.6,2168.1,1170.9,1308.8,22367.9,0,69622,45945.3,40.5,45.5,37.09,
1/4/2018 20:15:00,-989.9,-7747.2,9321.1,2275.4,5122.7,18519.1,6452.8,303.5,471.5,7346.6,16.5,48.3,692.2,2168.4,1181.4,1338.5,22862.6,0,68816.1,44615,41.2,46.8,37.09,
1/4/2018 20:30:00,-1410.8,-7747.2,9330.8,2281.5,5117.1,18395,6003.3,303.8,471.5,6922.9,16.4,43.9,500,2168.5,1220.6,1315.9,23447,0,67864.9,43101.9,42.3,48.3,37.09,
1/4/2018 20:45:00,-1836.5,-7747.2,9314.4,2281.2,5114.9,18323.8,5900.9,304,471.5,6554.4,16.6,39,473.9,2191,1177.4,1294.2,24096.5,0,67545.2,42154.5,43,49.4,37.09,
1/4/2018 21:00:00,-1579,-9680.7,9333,2268.1,5082.9,18479.8,5477.4,303.9,471.5,6235.9,16.6,50.9,938.4,2195.5,1206.9,1433.9,23698.6,0,67524.7,42392.2,42.9,49,33.92,
1/4/2018 21:15:00,-2261.9,-9680.7,9307.1,2262.9,5071.7,18480.1,5387.8,303.9,480.3,6098.3,16.7,40.8,587.6,2195.9,1209.5,1652.7,24336.3,0,66632.9,40643.9,43.8,50.9,33.92,
1/4/2018 21:30:00,-2607.2,-9680.7,9314.5,2261.1,5067.8,18479.4,5350.3,304,480.3,6156.9,16.7,37.6,293.4,2199.5,1214.4,2056.7,24806.2,0,65785.4,38922.5,44.6,52.9,33.92,
1/4/2018 21:45:00,-3292.8,-9680.7,9180.4,2262.5,5059.7,18240.8,5260.8,304,480.3,6121,16.7,36.4,276.5,2191.4,1213.9,2455.8,25435.3,0,64594.9,36703.9,45.6,55.4,33.92,
1/4/2018 22:00:00,-2985.3,-12643.8,9067,2255.8,5049.6,17262.9,4925.5,303.9,480.3,5856.3,16.7,63.9,623.5,2171,1202.9,2569,25754.7,0,63556.9,35233.2,46.7,57,28.05,
1/4/2018 22:15:00,-3211.9,-12643.8,9062,2259.1,5049,16965,4488.6,303.9,379.7,5863.6,16.7,67.7,297.5,2170.9,1183.3,2648.1,26252.4,0,62248.9,33348.4,47.8,59.2,28.05,
1/4/2018 22:30:00,-3762,-12643.8,9031.2,2273.2,5045.4,16385.2,4355.1,303.9,379.7,5859.4,16.6,46.7,329.3,2171.4,1183.3,2829.2,26713.2,0,61233,31690.7,48.7,61.2,28.05,
1/4/2018 22:45:00,-4083.6,-12643.8,8857.3,2282,5042.2,15572.5,4218.3,304.2,379.7,5872.2,16.5,37.5,224.1,2154.8,1212,3052.7,27452.4,0,60373.9,29868.8,50.1,63.6,28.05,
1/4/2018 23:00:00,-3355.6,-14523.7,8723.9,2262.8,4995.2,14776.5,3770.8,303.5,288,5741.1,16.5,73.5,274.7,2000.2,1183.5,3252.7,28422.5,0,58688,27012.9,52,67.4,5.96,
1/4/2018 23:15:00,-3808,-14523.7,8652.8,2257.9,4999.9,13452.2,3694.3,304,409.6,5616.5,16.5,72.7,330.2,2001,1188.7,3460.3,29540.3,0,58052.7,25052.1,53.8,70.4,5.96,
1/4/2018 23:30:00,-4069,-14523.7,8583.4,2248.6,4990.8,12858.9,3658.8,303.5,409.6,5561,16.5,56.7,250.8,2001.3,1180.9,3599,30276.6,0,57545.8,23670.3,54.9,72.5,5.96,
1/4/2018 23:45:00,-4270.7,-14523.7,8330.4,2239,4986.5,12274.8,3561.5,303.9,409.6,5511.4,16.5,45.6,196.9,2000.9,1186.1,3823,30762.2,0,57078.5,22493.3,56.1,74.3,5.96,
1/5/2018 0:00:00,-3941.8,-15023.8,8159.4,2235.4,4978.5,11489.4,3593.5,305.1,409.6,5508.6,16.9,68,229.7,1996.6,1163.6,3964,31033.3,0,56131.9,21134.5,57,76.3,-0.94,
1/5/2018 0:15:00,-4247,-15023.8,8168.9,2222.2,4972.5,11044.2,3558.6,304.9,288,5492.7,17.3,68.7,230.5,2058.4,1167.5,3963.4,31642.9,0,55631.5,20025.3,57.7,78,-0.94,
1/5/2018 0:30:00,-4432.3,-15023.8,8107.8,2220.9,4974.5,10772.5,3565.4,304.5,288,5518.8,17.4,38,220.9,2059.6,1174,3946.2,32219.2,0,55339.2,19173.8,58.3,79.4,-0.94,
1/5/2018 0:45:00,-4584.9,-15023.8,8012.2,2231.2,4982.3,10661.1,3559.1,304.7,288,5500.5,17.5,38.6,204,2059.1,1176.6,3703.3,32635.7,0,55078.8,18739.9,58.6,80.1,-0.94,
1/5/2018 1:00:00,-4466.7,-16503.7,7973,2228.6,4972.4,10639.9,3561.6,305.1,288,5402.2,17.6,87.6,230.6,2007.8,1184.1,3613.7,33046,0,55020.4,18360.7,58.9,80.9,-0.03,
1/5/2018 1:15:00,-4238,-16503.7,7749.8,2224.8,4975.1,10625,3543,305.6,378.2,5347.2,17.4,61,257.9,1946.7,1175,3511.5,33357.2,0,54999,18130.3,59.2,81.2,-0.03,
1/5/2018 1:30:00,-4008.3,-16503.7,7522.6,2216.6,4970.1,10526.1,3552,305.3,378.2,5370.1,17.4,86.6,238.7,1946.8,1168.5,3420.7,33629.3,0,55095,18045,59.5,81.4,-0.03,
1/5/2018 1:45:00,-4042.5,-16503.7,7398.8,2211.4,4980.4,10486.2,3545.5,304.1,378.2,5337.8,17.5,89.7,214.9,1946.3,1184.1,3317.6,33773.2,0,55179.6,18088.8,59.7,81.4,-0.03,
1/5/2018 2:00:00,-4274.6,-15191.2,7097.9,2209.1,4972.8,10381.9,3452.5,304.3,378.2,5290.1,17.5,49.2,230.6,1871.7,1178.9,3115.5,34089.8,0,55247.7,18042.4,60.3,81.4,0.55,
1/5/2018 2:15:00,-4249.2,-15191.2,6949.4,2203.5,4966.8,10328.3,3441.7,305.4,385.6,5256.9,17.6,48.3,232.5,1844.3,1167.2,2797.8,33954.9,0,55267.8,18515,60.2,80.5,0.55,
1/5/2018 2:30:00,-4269.5,-15191.2,6932.3,2197.7,4971.4,10237.7,3466.9,303.9,385.6,5295.8,17.6,48.9,242.2,1856.3,1165.9,2918.8,34195,0,55047.4,17933.6,60.4,81.5,0.55,
1/5/2018 2:45:00,-4106.5,-15191.2,6841.2,2195.8,4974.2,10222.1,3477.6,304.3,385.6,5291,17.7,48.8,236.4,1864.1,1168.5,3009.5,34292.7,0,55624.5,18322.3,60.6,81,0.55,
1/5/2018 3:00:00,-4615.3,-12627.3,6520,2198.5,4970.6,10153.4,3530.3,304,385.6,5289.1,17.6,37.8,223.5,1850.3,1151.3,2977.9,34310.8,0,55903.9,18615.2,60.9,80.5,-11.81,
1/5/2018 3:15:00,-4503.4,-12627.3,6309.5,2197.6,4979.8,10264.4,3542.8,303.9,419.6,5344.6,17.5,48.8,251.5,1878.2,1139.6,2832.5,33925.7,0,56126.8,19368.6,60.6,79.3,-11.81,
1/5/2018 3:30:00,-4159.1,-12627.3,6335.8,2195.2,4985.1,10223.6,3543.2,304,419.6,5508.3,17.5,51.9,271.7,1990.6,1152.6,2492.9,33816.8,0,56644.2,20334.5,60.1,77.8,-11.81,
1/5/2018 3:45:00,-3535.3,-12627.3,6399.7,2191.7,4980.4,10238.7,3554.7,304,419.6,5568.1,17.3,92.4,358.1,2048.2,1147.4,2307,33335.7,0,57024,21381.2,59.5,76.2,-11.81,
1/5/2018 4:00:00,-3272.6,-12208.1,6725.8,2185.9,4988,10457.8,3676.5,304,419.6,5635.9,17.1,100.4,334,2086.1,1149.8,2126.8,32998.7,0,57913.5,22788,58.6,74.1,8.92,
1/5/2018 4:15:00,-3725.4,-12208.1,7202.9,2177.4,4988.3,10914.4,3790.8,304,405.8,5774.1,17.1,97.7,314.8,2138.7,1143.3,1961.8,32875,0,58371,23534.2,57.5,73,8.92,
1/5/2018 4:30:00,-3721.8,-12208.1,7727.5,2166,4995.9,11480.1,3824.2,303,405.8,5874,17,96.7,285.4,2139.2,1148.5,1864.9,32832.2,0,59064.3,24367.3,56.5,71.9,8.92,
1/5/2018 4:45:00,-3368.6,-12208.1,8085.2,2161.1,5017.8,11930,3984.6,302.4,405.8,6022.8,17,98.8,281.6,2138.2,1153.7,1710.1,32497.4,0,60487.4,26279.9,55.4,69.5,8.92,
1/5/2018 5:00:00,-2747.5,-13073.9,8292.6,2153.5,5026,13504.1,4115.3,302.1,405.8,6447.6,17,80.4,414.8,2134.5,1155.1,1577.2,32953.6,0,62660.2,28129.4,53.9,67.5,21.68,
1/5/2018 5:15:00,-2054.1,-13073.9,8385,2158.1,5027.5,14769.9,4320,302.3,245,6688,16.9,66.1,472.2,2134.3,1152.5,1420.5,33033.4,0,64141.6,29687.6,52.7,65.9,21.68,
1/5/2018 5:30:00,-1400,-13073.9,8539,2156.5,5027.3,15626,4429.8,302.3,245,6828.5,16.9,90.5,571.9,2134.7,1149.9,1299.8,32516.9,0,66175.5,32358.8,51.4,62.9,21.68,
1/5/2018 5:45:00,-1110.7,-13073.9,8581.1,2153.7,5034.8,15935.9,4704.6,302.4,245,7137.1,16.9,96,781.7,2134.2,1142.1,1129.1,32169.3,0,68078,34779.6,50.4,60.4,21.68,
1/5/2018 6:00:00,-1450.4,-11414.2,8538.8,2146.7,5020.6,15681.5,5099.4,302.9,245,7464.9,16.9,75,256.2,2132.8,1143.4,1027.6,32120.1,0,69920.9,36773.1,50.4,58.5,30.44,
1/5/2018 6:15:00,-813.5,-11414.2,8643.7,2149.7,5044.8,16027.5,5289.7,304.3,357.5,7673.9,17,95.7,440.3,2105.4,1146,912.3,31884.6,0,71141.6,38344.6,49.5,57.1,30.44,
1/5/2018 6:30:00,-453.5,-11414.2,8777.8,2158.7,5065.7,16472.3,5610.8,303,357.5,7756.6,16.9,99,539.6,2106.2,1153.8,851,31424.7,0,72261.3,39985.6,48.5,55.5,30.44,
1/5/2018 6:45:00,-437.9,-11414.2,8746,2156.2,5067.8,16921.7,6059.4,302.4,357.5,7954.1,17,94.5,845.2,2105.9,1149.9,755.2,31458.2,0,73261.1,41047.6,47.7,54.7,30.44,
1/5/2018 7:00:00,-334.2,-11960,8837.4,2155.3,5108.5,17250.7,6736.7,302.3,357.5,8688.2,17.1,115.7,914.5,2108.1,1142.8,718.3,30990.4,3.4,74437.4,42725.3,46.4,53.2,36.2,
1/5/2018 7:15:00,-344.4,-11960,8996,2155,5139.8,17368.1,7369.6,302.7,407.3,8787.6,17,68.5,792.6,2118.8,1141.5,632.8,30309.1,131.3,74579.7,43506.5,45.4,52.2,36.2,
1/5/2018 7:30:00,-152.5,-11960,8994.1,2155,5128.6,17508.5,7655.9,301.8,407.3,8875.5,17,29,749.7,2121.9,1122,520.4,29572.9,336.3,74998.6,44569,44.8,51,36.2,
1/5/2018 7:45:00,-171.9,-11960,8986.6,2146,5141.5,17628.3,7940.6,301.9,407.3,8869,16.9,29,883.5,2122,1123.3,414,29084.9,598.8,75207.5,45109.7,44.3,50.4,36.2,
1/5/2018 8:00:00,-294.7,-11177.5,8896.6,2145.8,5123,17961.2,8137.4,302.7,407.3,8974.6,16.8,32.7,355.8,2091.2,1120.1,327.3,28876.5,943.9,75638.9,45491.3,44.3,50.2,36.3,
1/5/2018 8:15:00,-586.1,-11177.5,8913.3,2139.7,5138,18169.9,8484.2,302.7,467.6,8989.7,16.8,29,340.1,2091.4,1116.2,264.4,28578.7,1327.8,75558.4,45387.5,44,50.3,36.3,
1/5/2018 8:30:00,-377.6,-11177.5,8922.6,2139.5,5140.2,18199.7,8685.1,302.5,467.6,9063.1,16.7,29,378.4,2091.2,1121.4,222.8,27754.8,1848.4,75872.8,46046.8,43.6,49.6,36.3,
1/5/2018 8:45:00,-430,-11177.5,8916.2,2137.3,5141,18245,8837.6,302.9,467.6,9014.3,16.8,32.3,386.9,2091.2,1125.4,179.8,26997.9,2454,76132.1,46500.4,43.4,49.2,36.3,
1/5/2018 9:00:00,-981,-10208,8957.5,2136.6,5130.1,18368.9,9031.5,302.4,467.6,9018.8,16.8,29.9,1048.1,2091.4,1124.6,196.6,26491.8,3011.5,76549.4,46849.6,42.9,49,38.95,
1/5/2018 9:15:00,-782.8,-10208,8955.2,2144.3,5147.2,18443.8,9009.2,302.9,408.8,9016.9,16.7,50.6,1057.6,2091.1,1120.7,218.4,25694.4,3589.8,76554.3,47051.8,42.8,48.8,38.95,
1/5/2018 9:30:00,-645.1,-10208,8958.2,2137.5,5153.2,18509.8,9089.8,303.4,408.8,8994.1,16.7,34.4,1128.8,2091.1,1118.1,242.6,24879.6,4065.8,76903.4,47715.4,42.5,48.2,38.95,
1/5/2018 9:45:00,-581,-10208,9023.5,2124.8,5166,18567.1,9138.1,302.9,408.8,8971.9,16.7,49.3,1154.9,2090.5,1128.5,263.5,24479.1,4313.6,77193.1,48137,42.3,47.8,38.95,
1/5/2018 10:00:00,-782.2,-10510.7,9033.7,2140.8,5165.7,18532.7,9215.7,303.8,408.8,9036.1,16.6,39.1,606.5,1946.8,1114.7,243.9,24032.4,4554.8,77667.6,48836.5,42.5,47.2,39.4,
1/5/2018 10:15:00,-482.6,-10510.7,9032,2146,5168.3,18562.3,9268.4,303.4,245,9079.4,16.6,38.3,736.4,1946.1,1118.6,194.8,23819.1,4651.7,77808.5,49142.9,42.3,47,39.4,
1/5/2018 10:30:00,-301.7,-10510.7,9086.3,2162.3,5174.2,18586.5,9316.8,304,245,9118.6,16.7,34.9,951.5,1945.4,1127.7,151.8,23378.8,4616.8,78239,50091.6,41.8,46.1,39.4,
1/5/2018 10:45:00,-249.1,-10510.7,9157.3,2152.1,5184.4,18602.1,9473.4,304,245,9078.3,16.6,39.6,937.7,1945.4,1123.8,119.4,22945.6,4702,78200.3,50433.3,41.5,45.6,39.4,
1/5/2018 11:00:00,-168.1,-9653.5,9219.5,2149.3,5179,18844.2,9830.5,303.6,245,9201.4,16.5,46,2108.8,1945.1,1145,137.1,22208.1,4425.9,77842.5,51071.3,39.9,44.5,41.69,
1/5/2018 11:15:00,-142.2,-9653.5,9211.4,2137.3,5180.5,18903.8,10153.6,304.5,390.2,9217.7,16.3,59.1,2316.6,1945.4,1148.9,136.7,21236.8,4090.3,77670.2,52206.5,38.6,43,41.69,
1/5/2018 11:30:00,-10.4,-9653.5,9221.9,2118.8,5185.1,18962.2,10428.9,303.4,390.2,9274,16.4,49.4,3049.4,1945.4,1152.8,140.2,20358.4,3794.3,77404.3,53111.5,37.3,41.6,41.69,
1/5/2018 11:45:00,-10.4,-9653.5,9206.7,2115.8,5180.2,18961.2,10697.8,304.3,390.2,9360.2,16.5,54.2,3068.5,1945.7,1151.5,173.6,19487,3555.6,76725.4,53509.2,36.3,40.5,41.69,
1/5/2018 12:00:00,-10.3,-7429.6,9306,2115.4,5162.5,19071.2,11159.1,304.3,390.2,9516.3,16.6,67.9,2647.1,1948.1,1153.1,202.8,18487.1,3247.4,76569.6,54632.2,35.2,38.9,43.69,
1/5/2018 12:15:00,-10.3,-7429.6,9313.5,2114,5170.6,19135.6,11324.4,303,329.2,9732.3,16.5,49.9,2316.4,1949.1,1147.9,296.8,17353.6,2982.3,75820.8,55188.1,34.1,37.6,43.69,
1/5/2018 12:30:00,-5.3,-7429.6,9315.7,2115.5,5179.7,19106.3,11462.2,303.3,329.2,9930.8,16.5,29.8,2183.5,1949.3,1145.3,361.3,16318.2,2674.7,75162.3,55808.1,33,36.2,43.69,
1/5/2018 12:45:00,-0.7,-7429.6,9308.9,2110.6,5180,19082,11434.7,303.8,329.2,10035,16.7,31.1,2337.1,1949.1,1154.4,328.6,15541.6,2415.6,74499.7,56213.9,32.1,35.1,43.69,
1/5/2018 13:00:00,-1.5,-4932.8,9313.5,2110.7,5168.5,19029.8,11451.8,303.7,329.2,10202.5,16.7,39.5,1789.8,1949,1153.2,401.2,14714.5,2065.8,74127.1,56945.7,31.3,33.8,44.08,
1/5/2018 13:15:00,-5.8,-4932.8,9310.8,2101.9,5165.1,19071.2,11435,304.1,310,10216.4,16.7,56.9,2466,1948.1,1153.2,502.8,13885.4,1767.5,73869.2,57713.5,30.1,32.5,44.08,
1/5/2018 13:30:00,-5.7,-4932.8,9310.5,2103.7,5170.5,19072.7,11469.4,303.7,310,10502.4,16.7,37.2,2602.8,1948.9,1145.4,422.1,13134.8,1486.5,73303,58259.6,29,31.2,44.08,
1/5/2018 13:45:00,-3.3,-4932.8,9303.6,2098.5,5169.1,19008.3,11487.2,304,310,10764.7,16.6,41.2,2678.9,1948.7,1133.7,386.5,12169.4,1217.5,72608.5,58835,27.7,29.8,44.08,
1/5/2018 14:00:00,-3.3,-1647.7,9283.6,2092,5142.5,19003.3,11477.6,303.9,310,10895.9,16.7,37.6,2648,1949.1,1148,374.1,11649,982.3,72553.6,59548.2,26.9,28.7,47.1,
1/5/2018 14:15:00,-20,-1647.7,9278.8,2096.5,5156.5,19059.8,11507.9,303.9,310,11394.8,16.8,36.7,2627.8,1949.3,1153.2,407.5,11091.9,730.5,72157.2,59927.3,26,27.8,47.1,
1/5/2018 14:30:00,-86.8,-1647.7,9306.1,2100.6,5191.6,19055.8,11559.5,304,310,11849.6,16.9,38.5,2645.4,1949.6,1153.2,474.3,10865.4,479.2,71951.7,60132.7,25.5,27.4,47.1,
1/5/2018 14:45:00,-86.1,-1647.7,9308.2,2107.7,5199.8,19104.4,11596.4,303.5,310,11983.7,17,35.3,2514.6,1949.7,1150.6,522.6,10655.8,270.9,71499.6,60050.3,25.1,27,47.1,
1/5/2018 15:00:00,-231.4,-2146.3,9277.2,2112.5,5192.2,19094.1,11574.5,304,310,12102.7,16.9,30.6,2933.5,1952.5,1126.7,535.6,10317.6,105.4,71866.1,60907.6,24.4,26.2,47.77,
1/5/2018 15:15:00,-130.2,-2146.3,9264.7,2118.4,5198,19092.8,11589.2,303.9,514.1,12098,17,40.3,3483.3,1953,1144.9,490.8,10053.4,26.1,72032.9,61462.6,23.9,25.6,47.77,
1/5/2018 15:30:00,-85.4,-2146.3,9312.6,2123.2,5202.8,19139.2,11579.6,304,514.1,12155.7,17,75.1,3876.6,1952.9,1141,418.1,9933.8,7.2,72870.5,62511.4,23.5,25.1,47.77,
1/5/2018 15:45:00,-2.6,-2146.3,9318.4,2141.4,5209.1,19068.6,11600.6,303.6,514.1,12144,17.1,92.2,4089.7,1953.2,1139.7,318.3,9924,0,73802.5,63560.2,23.4,24.7,47.77,
1/5/2018 16:00:00,-4,-1579.1,9292.3,2167.3,5212.3,19061.1,11541.6,303.6,514.1,12227.3,17.2,98.8,4188,1947.2,1129,291.8,9700.5,0,74644.6,64652.2,23.2,24.1,56.35,
1/5/2018 16:15:00,-4,-1579.1,9312.2,2178.3,5222.3,19099,11587.3,303.9,466.7,12244.6,17.2,120.6,4453.6,1946.9,1127.7,349.8,9556.4,0,74883.4,64977.2,23,24,56.35,
1/5/2018 16:30:00,-1.7,-1579.1,9303.6,2173.4,5218.6,19084,11610.2,303.9,466.7,12279.6,17.2,121,4398.7,1944.2,1127.7,407.1,9522.3,0,74981.5,65052,23,24,56.35,
1/5/2018 16:45:00,-1.7,-1579.1,9301.9,2175,5221.4,19089.6,11618.1,304.1,466.7,12204.5,17.3,121,4324.9,1897.2,1129,536.6,9458.1,0,75147.8,65153.1,23.2,24,56.35,
1/5/2018 17:00:00,-4.7,-1881,9301.9,2175.1,5211.8,19043,11655.9,303.3,466.7,12212.7,17.2,121,4207,1821.2,1129,649.5,9359,0,74565.6,64557.1,23.2,24.2,57.42,
1/5/2018 17:15:00,-3.4,-1881,9298.8,2157.8,5210.2,19087.4,11688.1,303.9,411.7,12173.6,17.1,99.1,4115.5,1817.4,1129,745.9,9491.5,0,74564,64326.6,23.4,24.4,57.42,
1/5/2018 17:30:00,0,-1881,9297.4,2152.6,5204.7,19085.9,11713.3,303.9,411.7,12225,17.2,115.8,4043.7,1811.6,1143.1,798.9,9472.6,0,74513.3,64241.8,23.5,24.5,57.42,
1/5/2018 17:45:00,0,-1881,9291.4,2168.9,5208.7,19024,11730.8,303.9,411.7,12030.7,17.1,115.8,3659.6,1713.6,1145.7,912.3,9543.2,0,73939.3,63483.8,23.9,25,57.42,
1/5/2018 18:00:00,0,-2627.6,9304.5,2174.3,5196.2,19077.7,11656.4,303.9,411.7,11955,17.2,120.3,3898.6,1648,1129,966.4,9541.4,0,73486.1,62978.4,23.9,25.2,53.99,
1/5/2018 18:15:00,0,-2627.6,9298.9,2176.6,5192.3,19012.3,11651.2,304,368.2,11757,17.3,111.3,3386.5,1615.2,1121.2,975.8,9737.4,0,72136.6,61423.4,24.4,25.9,53.99,
1/5/2018 18:30:00,-46.8,-2627.6,9276.7,2177,5184.4,18984,11549.7,303.9,368.2,11674.5,17.3,72.7,3192.5,1601.5,1125.1,1013.9,9903.3,0,71474.2,60556.9,24.7,26.4,53.99,
1/5/2018 18:45:00,-120.3,-2627.6,9209.2,2175.4,5181.6,18904,11462.2,304,368.2,11550.8,17.2,29,2032.8,1617.5,1118.6,925.7,9866.2,0,70496.5,59704.6,25,26.5,53.99,
1/5/2018 19:00:00,-77.4,-4336.6,9298.4,2176.9,5150.7,19054.8,11086.9,303.1,368.2,11186.4,17.3,113.2,2476.8,1640.9,1116.9,764.8,9809.7,0,69414.8,58840.3,24.9,26.7,42.36,
1/5/2018 19:15:00,-10.3,-4336.6,9295,2179.3,5152.5,18963.4,10739.9,304.7,376.7,10739.3,17.5,89.9,2152.8,1635.1,1115.6,696.5,9810.6,0,67989.9,57482.8,25.2,27.1,42.36,
1/5/2018 19:30:00,-81.8,-4336.6,9290.8,2183,5146.5,18967.7,10524.1,304.1,376.7,10621,17.4,45.7,1519.7,1630.3,1098.7,656.7,9973.6,0,66690.8,56060.6,25.6,27.8,42.36,
1/5/2018 19:45:00,-142.3,-4336.6,9278,2181.9,5125.1,18941.2,10320.2,303.5,376.7,10557.4,17.2,40.8,1059.7,1649.5,1110.4,609.5,10217.2,0,65518.4,54691.7,26,28.5,42.36,
1/5/2018 20:00:00,-372.8,-3736.5,9306.1,2182.6,5100.7,18999.3,10146.7,303.9,376.7,9521.9,17.1,58.9,778.2,1654.7,1120.1,582.7,10286.7,0,64677.3,53807.9,26.6,29,39.9,
1/5/2018 20:15:00,-339.2,-3736.5,9297.9,2184,5096,19055.4,9853.7,303.9,310,8849.1,17,50.2,629.8,1656.3,1130.5,537.2,10373,0,63800,52889.8,27.1,29.4,39.9,
1/5/2018 20:30:00,-301.8,-3736.5,9299,2185.6,5088.7,19066,9543.8,304.3,310,8590.2,17.1,46.9,518.9,1656.7,1121.4,493.8,10654.6,0,63440.4,52291.9,27.6,29.9,39.9,
1/5/2018 20:45:00,-817.2,-3736.5,9266.7,2189.2,5110.6,18971,9457.8,303.5,310,8514.5,17.3,37.9,326.9,1656.6,1124,517.8,11043,0,62545.1,50984.2,28.2,31.1,39.9,
1/5/2018 21:00:00,-265.2,-3402.5,9289.3,2187.5,5096.3,18941.6,9043.3,303.8,310,8165.6,17.6,50.5,706.3,1655.6,1135,584.8,11120.8,0,62764.8,51059.2,28.5,31.2,39.97,
1/5/2018 21:15:00,-298.8,-3402.5,9305.1,2190.1,5102.1,18988.6,8630.7,303.8,416.1,8034.9,17.8,41.6,419.5,1657.3,1137.6,592.1,11291.7,0,62204.6,50320.8,29,31.7,39.97,
1/5/2018 21:30:00,-637.9,-3402.5,9306,2186.5,5095.5,18919.7,8317.8,303.4,416.1,8041,18.1,41.8,490.5,1658.2,1140.2,545.1,11497.3,0,61307.9,49265.5,29.3,32.5,39.97,
1/5/2018 21:45:00,-1034.3,-3402.5,9299.5,2184.4,5094,18882.4,8034,303.9,416.1,7980.1,18.1,40.7,331.9,1658.3,1129.8,495.2,11561.8,0,60308.9,48251.8,29.5,33,39.97,
1/5/2018 22:00:00,-1400.8,-5427.6,9310.3,2187.4,5080.6,19066.7,7462.9,303.9,416.1,7791.8,18.2,56.6,330.4,1661.3,1133.3,463.8,11682.1,0,59524.8,47379,29.9,33.6,36.27,
1/5/2018 22:15:00,-1735.8,-5427.6,9290.2,2189,5073,19079.9,7209.1,303.9,363.2,7778.4,18.2,47.6,335.5,1698.2,1137.2,449.3,11920.1,0,58552.4,46183,30.2,34.5,36.27,
1/5/2018 22:30:00,-1909.2,-5427.6,9309.4,2188.1,5075.6,19058.4,7009.4,303.9,363.2,7791.2,18.3,45.5,290.8,1698.5,1142.4,428.3,12159.2,0,57399.3,44811.7,30.5,35.6,36.27,
1/5/2018 22:45:00,-2344.3,-5427.6,9291.9,2184.6,5068.6,19039.6,6414.1,304.2,363.2,7475.9,18.3,38.5,262.3,1698.7,1137.2,448.9,12184,0,56427.5,43794.6,31,36.2,36.27,
1/5/2018 23:00:00,-2354.7,-6726.1,9321.7,2179.5,5020,19034.5,5778.7,303.3,353,6505,18.3,56.6,492.3,1689.8,1191.9,457.4,12364.5,0,55644.8,42822.9,31.9,37.1,29.45,
1/5/2018 23:15:00,-2505.1,-6726.1,9317.4,2183.1,5021.3,19035.7,5461.4,303.9,469.4,6191.8,18.2,52.8,437.5,1689.8,1175,404.2,12522,0,54607.3,41681.1,32.2,38,29.45,
1/5/2018 23:30:00,-2835.7,-6726.1,9313.8,2178.2,5023.4,19020.6,5297.4,304.1,469.4,6109.9,18.3,43.6,257.8,1689.3,1175,448.7,12650.5,0,53815.5,40716.3,32.6,38.8,29.45,
1/5/2018 23:45:00,-3214.1,-6726.1,9305,2173.4,5009,19022.7,5029.3,303.2,469.4,6075.4,18.3,42.9,226.2,1688.9,1186.7,485.7,12708.7,0,53116.9,39922.6,32.9,39.5,29.45,
1/6/2018 0:00:00,-3224.5,-6789.7,9336.1,2185.2,5004.5,19061.5,5059.8,303.6,469.4,6090.2,18.3,55.1,234.4,1691.4,1191.9,494.9,12854.2,0,52453.1,39104.1,33,40.3,28.55,
1/6/2018 0:15:00,-3453.6,-6789.7,9330,2182.4,5009.4,19036.4,4991.4,303.2,449.4,6078.6,18.3,52.6,225.2,1692.2,1194.5,509.7,12822.9,0,51844.9,38512.4,33.1,40.8,28.55,
1/6/2018 0:30:00,-3929,-6789.7,9326.4,2178.5,5009.6,19006.5,4910.9,303.9,449.4,6113.9,18.3,48.4,213.1,1691.9,1186.7,549.6,12795.8,0,51503.9,38158.5,33.1,41,28.55,
1/6/2018 0:45:00,-4132.4,-6789.7,9304.3,2179.7,5013.3,19007.5,4902.7,303.9,449.4,6074.1,18.4,45.2,208.9,1692.4,1194.5,536.3,12539.3,0,51157.1,38081.4,32.9,40.8,28.55,
1/6/2018 1:00:00,-3906,-7449.1,9331.9,2176.3,5002.2,19098,4891.9,303.6,449.4,6063.2,18.4,51.6,210.9,1691.6,1196.2,589.9,12530.8,0,50621.7,37501,32.9,41.3,28.18,
1/6/2018 1:15:00,-3816.9,-7449.1,9326.2,2176.8,5002.8,19040,4901.7,303.9,442.9,6051.7,18.4,51.6,220,1691.4,1196.2,624.2,12225.3,0,50501.2,37651.7,32.6,40.9,28.18,
1/6/2018 1:30:00,-3918.5,-7449.1,9323.8,2176.6,5004.2,19060.4,4954.9,304,442.9,6077.4,18.4,38.3,239.6,1691.4,1187.1,684.7,12062.6,0,50146.4,37399.1,32.4,40.9,28.18,
1/6/2018 1:45:00,-4020.1,-7449.1,9324.6,2182.2,5005.3,19090.1,4980.7,304.6,442.9,6064.5,18.5,41.8,215.4,1691.1,1178,783.6,12096.1,0,50286.9,37407.2,32.6,41.1,28.18,
1/6/2018 2:00:00,-4054.4,-7306.6,9331.6,2180.2,5001.1,19100.5,4989.7,303.9,442.9,6042.4,18.4,44.7,205.8,1686.6,1196.6,813.8,12172.3,0,50394.8,37408.7,32.7,41.2,27.33,
1/6/2018 2:15:00,-4014.7,-7306.6,9286.2,2175.4,5004.4,19078.9,5035.5,304,495,6014.5,18.5,42.3,204.1,1712.4,1213.5,755,12233.2,0,50181.8,37193.7,32.7,41.4,27.33,
1/6/2018 2:30:00,-4004.5,-7306.6,9256.7,2169.8,5006.3,19043.6,5059.8,303.7,495,6103.6,18.5,41.3,202,1711.9,1212.2,682.6,12055.2,0,50169.8,37432,32.4,40.9,27.33,
1/6/2018 2:45:00,-4097.8,-7306.6,9264,2171.7,5001.2,19040.3,5058.1,303.9,495,6053.4,18.5,38.2,202.5,1712.1,1191.4,600.6,12007.9,0,50061.8,37453.3,32.3,40.7,27.33,
1/6/2018 3:00:00,-4377.4,-6012.1,9297,2169.9,4995.1,18976.2,5087.8,302.9,495,6158.8,18.4,41.2,202.6,1706.6,1110.5,440.1,11898.9,0,50418.7,38079.7,31.9,39.8,27.08,
1/6/2018 3:15:00,-4367.9,-6012.1,9325.1,2163.4,5000.6,18990.4,5059.4,303.8,353,6166.1,18.5,45.4,202.5,1707,1132.6,378.7,11658.6,0,50334.5,38297.2,31.6,39.3,27.08,
1/6/2018 3:30:00,-4211.7,-6012.1,9325.7,2162.3,4994.4,18975.3,5055.5,303,353,6223.1,18.3,39.8,202.5,1707,1139.1,354.9,11417.3,0,50507.5,38735.3,31.3,38.6,27.08,