name,datetime,temp,feelslike,dew,humidity,precip,precipprob,preciptype,snow,snowdepth,windgust,windspeed,winddir,sealevelpressure,cloudcover,visibility,solarradiation,solarenergy,uvindex,severerisk,conditions,icon,stations
south germany,28.03.2018 9:00:00,"8,4","7,1",5,"79,16","0,004",100,rain,0,0,,"8,2",242,"1008,6",,"45,2",,,,,Rain,rain,"04928,06275,04349,04160,03278,04931"
south germany,08.06.2018 21:00:00,"18,6","18,6","15,8","84,15","0,893",100,rain,0,0,,"12,1",257,"1011,2",,"21,5",,,,,Rain,rain,"04928,06275,04349,04160,03278,04931"
south germany,28.07.2018 11:00:00,"23,7","23,7","16,5","63,83","0,234",100,rain,0,0,,"14,6",113,"1009,2",,"42,8",,,,,Rain,rain,"04928,06275,04349,04160,03278,04931"
south germany,28.07.2018 12:00:00,"25,4","25,4","16,3","57,09","0,004",100,rain,0,0,,"16,6",160,"1009,4",,"29,1",,,,,Rain,rain,"04928,06275,04349,04160,03278,04931"
south germany,22.08.2018 18:00:00,"26,9","27,1","14,4","46,35","1,019",100,rain,0,0,,19,197,"1014,1",,4,,,,,Rain,rain,"04928,06275,04349,04160,03278,04931"
south germany,22.08.2018 19:00:00,"25,6","25,6","16,4","56,63","2,511",100,rain,0,0,,"11,6",215,1014,,41,,,,,Rain,rain,"04928,06275,04349,04160,03278,04931"
south germany,20.02.2018 17:00:00,"0,1","-3,2","-4,8","69,48",0,0,,0,"1,03",,"10,3",43,"1017,2",,12,,,,,Clear,clear-day,"04928,06275,04349,04160,03278,04931"
south germany,21.02.2018 8:00:00,"-1,7","-5,5","-4,4","81,89",0,0,,0,"0,86",,"10,4",17,"1021,1",,"5,7",,,,,Clear,clear-day,"04928,06275,04349,04160,03278,04931"
south germany,21.02.2018 9:00:00,"-1,7","-5,5","-4,6","80,9",0,0,,0,"0,84",,"10,7",37,"1021,3",,"5,7",,,,,Clear,clear-day,"04928,06275,04349,04160,03278,04931"
south germany,21.02.2018 10:00:00,"-1,4","-4,7","-4,7","78,43",0,0,,0,"0,83",,9,43,"1021,3",,"5,7",,,,,Clear,clear-day,"04928,06275,04349,04160,03278,04931"
south germany,21.02.2018 11:00:00,"-0,9",-4,"-4,8","74,77",0,0,,0,"0,81",,"8,7",37,"1021,5",,"5,3",,,,,Clear,clear-day,"04928,06275,04349,04160,03278,04931"
south germany,21.02.2018 12:00:00,"-0,5","-4,5","-5,1","70,75",0,0,,0,"0,79",,"12,9",13,"1021,3",,"6,3",,,,,Clear,clear-day,"04928,06275,04349,04160,03278,04931"
south germany,21.02.2018 13:00:00,"0,3","-3,3","-5,1","66,84",0,0,,0,"0,78",,"11,5",7,"1021,1",13,"5,7",,,,,Clear,clear-day,"04928,06275,04349,04160,03278,04931"
south germany,21.02.2018 14:00:00,"1,7","-2,4","-4,7","62,48",0,0,,0,"0,76",,"15,6",52,"1020,1",,"7,7",,,,,Clear,clear-day,"04928,06275,04349,04160,03278,04931"
south germany,21.02.2018 15:00:00,"2,1","-1,8","-5,3","58,11",0,0,,0,"0,74",,15,60,"1019,5","4,5",11,,,,,Clear,clear-day,"04928,06275,04349,04160,03278,04931"
south germany,21.02.2018 16:00:00,"2,3","-1,6","-5,2","57,8",0,0,,0,"0,73",,"15,2",36,"1019,2",,"10,1",,,,,Clear,clear-day,"04928,06275,04349,04160,03278,04931"
south germany,21.02.2018 17:00:00,"1,6","-2,3",-5,"61,34",0,0,,0,"0,71",,"14,3",59,"1019,5",13,"10,4",,,,,Clear,clear-day,"04928,06275,04349,04160,03278,04931"
south germany,22.02.2018 9:00:00,"-3,1",-9,"-7,6","71,37",0,0,,0,"0,45",,"18,7",53,"1019,2",,"12,8",,,,,Clear,clear-day,"04928,06275,04349,04160,03278,04931"
south germany,22.02.2018 10:00:00,"-2,4","-8,2","-7,5","68,1",0,0,,0,"0,45",,"19,2",60,"1018,9",,"14,1",,,,,Clear,clear-day,"04928,06275,04349,04160,03278,04931"
south germany,22.02.2018 11:00:00,"-1,7","-7,7","-7,6","64,13",0,0,,0,"0,45",,"21,5",57,"1018,6",,"16,1",,,,,Clear,clear-day,"04928,06275,04349,04160,03278,04931"
south germany,22.02.2018 12:00:00,-1,"-6,9","-7,6","61,22",0,0,,0,"0,44",,"22,4",47,"1018,3",,"17,2",,,,,Clear,clear-day,"04928,06275,04349,04160,03278,04931"
south germany,22.02.2018 13:00:00,"-0,1","-5,6","-7,7","56,85",0,0,,0,"0,44",,"21,8",53,"1017,7",,"16,5",,,,,Clear,clear-day,"04928,06275,04349,04160,03278,04931"
south germany,22.02.2018 14:00:00,"0,6","-5,1","-7,9","53,34",0,0,,0,"0,44",,"24,6",43,"1017,2",,"15,9",,,,,Clear,clear-day,"04928,06275,04349,04160,03278,04931"
south germany,22.02.2018 15:00:00,"0,8","-4,5","-7,9","52,36",0,0,,0,"0,43",,"21,9",40,"1016,9",,"20,4",,,,,Clear,clear-day,"04928,06275,04349,04160,03278,04931"
south germany,26.03.2018 10:00:00,"4,8","2,5","0,8","75,3",0,0,,0,0,,"9,4",352,"1013,8",,10,,,,,Clear,clear-day,"04928,06275,04349,04160,03278,04931"
south germany,26.03.2018 11:00:00,"6,2","4,3","1,4","71,48",0,0,,0,0,,9,359,"1014,3",,10,,,,,Clear,clear-day,"04928,06275,04349,04160,03278,04931"
south germany,26.03.2018 12:00:00,"7,8","6,1","1,4","63,67",0,0,,0,0,,"9,9",1,"1014,3",,"10,7",,,,,Clear,clear-day,"04928,06275,04349,04160,03278,04931"
south germany,26.03.2018 13:00:00,"8,3","6,3","1,4","61,77",0,0,,0,0,,"12,2",287,"1014,5",,10,,,,,Clear,clear-day,"04928,06275,04349,04160,03278,04931"
south germany,26.03.2018 14:00:00,"8,4","6,3","0,9","59,28",0,0,,0,0,,13,297,"1014,5",,"11,8",,,,,Clear,clear-day,"04928,06275,04349,04160,03278,04931"
south germany,26.03.2018 15:00:00,9,7,"0,2","54,25",0,0,,0,0,,13,313,"1014,4",,"12,4",,,,,Clear,clear-day,"04928,06275,04349,04160,03278,04931"
south germany,26.03.2018 16:00:00,"8,5","5,2","0,4","56,96",0,0,,0,0,,"22,7",310,"1014,8",,"12,1",,,,,Clear,clear-day,"04928,06275,04349,04160,03278,04931"
south germany,26.03.2018 17:00:00,"7,9","4,6","0,1","57,78",0,0,,0,0,,"20,6",307,"1015,3",,"12,7",,,,,Clear,clear-day,"04928,06275,04349,04160,03278,04931"
south germany,26.03.2018 18:00:00,"7,6","5,4","-0,1","58,3",0,0,,0,0,,"12,1",297,"1015,8",,"12,7",,,,,Clear,clear-day,"04928,06275,04349,04160,03278,04931"
south germany,26.03.2018 19:00:00,"7,3","5,4","-0,2","59,12",0,0,,0,0,,"10,1",310,"1016,1",,"13,1",,,,,Clear,clear-day,"04928,06275,04349,04160,03278,04931"
south germany,28.03.2018 10:00:00,"8,9","7,5","4,7","74,94",0,0,,0,0,,"9,1",220,"1008,4",,,,,,,Clear,clear-day,"04928,06275,04349,04160,03278,04931"
south germany,28.03.2018 11:00:00,"8,9","7,8","4,8","75,52",0,0,,0,0,,"7,7",265,1008,,39,,,,,Clear,clear-day,"04928,06275,04349,04160,03278,04931"
south germany,25.04.2018 18:00:00,18,18,"8,6","54,15",0,0,,0,0,,"21,9",306,"1012,7",,"46,7",,,,,Clear,clear-day,"04928,06275,04349,04160,03278,04931"
south germany,28.07.2018 10:00:00,"24,4","24,4","14,9","55,61",0,0,,0,0,,"12,8",286,"1009,2",,46,,,,,Clear,clear-day,"04928,06275,04349,04160,03278,04931"
south germany,28.07.2018 13:00:00,"27,4","27,5","14,7","45,74",0,0,,0,0,,13,167,"1009,1",,"41,5",,,,,Clear,clear-day,"04928,06275,04349,04160,03278,04931"
south germany,21.08.2018 9:00:00,"20,3","20,3","14,5","69,51",0,0,,0,0,,"4,4",103,1020,,"34,6",,,,,Clear,clear-day,"04928,06275,04349,04160,03278,04931"
south germany,21.08.2018 10:00:00,"21,9","21,9","14,5","62,77",0,0,,0,0,,"4,4",60,"1019,8",,"36,5",,,,,Clear,clear-day,"04928,06275,04349,04160,03278,04931"
south germany,22.08.2018 7:00:00,"17,2","17,2","12,5","73,95",0,0,,0,0,,4,239,"1017,7",0,48,,,,,Clear,clear-day,"04928,06275,04349,04160,03278,04931"
south germany,22.08.2018 8:00:00,"19,6","19,6",13,"65,53",0,0,,0,0,,"0,6",49,"1017,4","4,5",44,,,,,Clear,clear-day,"04928,06275,04349,04160,03278,04931"
south germany,22.08.2018 9:00:00,"21,5","21,5","13,1","58,84",0,0,,0,0,,"4,4",120,"1017,4",0,32,,,,,Clear,clear-day,"04928,06275,04349,04160,03278,04931"
south germany,22.08.2018 10:00:00,"23,9","23,9","13,3","51,28",0,0,,0,0,,"6,8",96,"1016,9","4,5",31,,,,,Clear,clear-day,"04928,06275,04349,04160,03278,04931"
south germany,22.08.2018 11:00:00,"26,2","26,2",13,"44,05",0,0,,0,0,,"6,6",110,"1016,6","4,5",30,,,,,Clear,clear-day,"04928,06275,04349,04160,03278,04931"
south germany,22.08.2018 12:00:00,"28,4",28,"13,1","38,96",0,0,,0,0,,"5,4",99,1016,0,25,,,,,Clear,clear-day,"04928,06275,04349,04160,03278,04931"
south germany,22.08.2018 13:00:00,30,"29,2","13,2","35,9",0,0,,0,0,,"6,7",90,"1015,2",0,"24,5",,,,,Clear,clear-day,"04928,06275,04349,04160,03278,04931"
south germany,22.08.2018 14:00:00,"30,7","29,6","12,4","32,62",0,0,,0,0,,"6,7",155,"1014,7",0,"29,1",,,,,Clear,clear-day,"04928,06275,04349,04160,03278,04931"
south germany,22.08.2018 15:00:00,"31,1","30,1","12,6","32,33",0,0,,0,0,,"7,4",127,"1014,1",,50,,,,,Clear,clear-day,"04928,06275,04349,04160,03278,04931"
south germany,22.08.2018 16:00:00,"31,7","30,5","11,8","29,57",0,0,,0,0,,"5,9",107,"1013,6",,"40,9",,,,,Clear,clear-day,"04928,06275,04349,04160,03278,04931"
south germany,22.08.2018 17:00:00,"31,1",30,"12,3","31,48",0,0,,0,0,,"6,1",39,"1013,4",,50,,,,,Clear,clear-day,"04928,06275,04349,04160,03278,04931"
south germany,22.08.2018 20:00:00,"26,3","26,3",16,"52,95",0,0,,0,0,,"3,9",189,"1013,8",,50,,,,,Clear,clear-day,"04928,06275,04349,04160,03278,04931"
south germany,20.09.2018 9:00:00,"17,7","17,7","13,4","75,98",0,0,,0,0,,"6,5",126,"1020,6",,33,,,,,Clear,clear-day,"04928,06275,04349,04160,03278,04931"
south germany,20.09.2018 10:00:00,"19,9","19,9","13,7","67,55",0,0,,0,0,,"7,3",119,"1020,4",,"36,7",,,,,Clear,clear-day,"04928,06275,04349,04160,03278,04931"
south germany,20.09.2018 11:00:00,"22,9","22,9",14,"57,08",0,0,,0,0,,"6,3",129,"1019,9",,"37,4",,,,,Clear,clear-day,"04928,06275,04349,04160,03278,04931"
south germany,20.09.2018 12:00:00,25,25,14,"50,38",0,0,,0,0,,"5,2",120,"1019,3",,"44,6",,,,,Clear,clear-day,"04928,06275,04349,04160,03278,04931"
south germany,20.09.2018 13:00:00,"26,6","26,6","13,8","45,23",0,0,,0,0,,"5,7",22,"1018,4",,"39,8",,,,,Clear,clear-day,"04928,06275,04349,04160,03278,04931"
south germany,20.09.2018 14:00:00,"27,7","27,5","13,4","41,49",0,0,,0,0,,"8,4",179,"1017,6",,"41,1",,,,,Clear,clear-day,"04928,06275,04349,04160,03278,04931"
south germany,20.09.2018 15:00:00,"28,3","27,8",13,"39,05",0,0,,0,0,,"8,3",155,"1016,6",,45,,,,,Clear,clear-day,"04928,06275,04349,04160,03278,04931"
south germany,15.11.2018 8:00:00,"2,8","-0,2","2,4","97,26",0,0,,0,0,,"10,9",147,1029,,"8,9",,,,,Clear,clear-day,"04928,06275,04349,04160,03278,04931"
south germany,15.11.2018 9:00:00,"2,7","-0,3","2,3","96,91",0,0,,0,0,,"11,2",163,"1029,2",,"12,5",,,,,Clear,clear-day,"04928,06275,04349,04160,03278,04931"
south germany,15.11.2018 10:00:00,3,"-0,2","2,3","95,55",0,0,,0,0,,"12,4",163,"1029,1",,"13,1",,,,,Clear,clear-day,"04928,06275,04349,04160,03278,04931"
south germany,15.11.2018 11:00:00,"3,3",1,"2,5","93,88",0,0,,0,0,,"8,9",130,"1029,2",,"15,8",,,,,Clear,clear-day,"04928,06275,04349,04160,03278,04931"
south germany,15.11.2018 12:00:00,"3,8","1,3","2,9","93,34",0,0,,0,0,,"10,1",150,"1028,8",,"14,6",,,,,Clear,clear-day,"04928,06275,04349,04160,03278,04931"
south germany,15.11.2018 13:00:00,"4,3","2,1","2,9","90,51",0,0,,0,0,,9,135,"1028,5",,"24,1",,,,,Clear,clear-day,"04928,06275,04349,04160,03278,04931"
south germany,15.11.2018 14:00:00,"5,1","3,8","3,4","88,64",0,0,,0,0,,6,160,"1028,1",,"30,9",,,,,Clear,clear-day,"04928,06275,04349,04160,03278,04931"
south germany,15.11.2018 15:00:00,"5,7","5,7","3,7","86,94",0,0,,0,0,,"3,9",83,"1027,7",,"33,3",,,,,Clear,clear-day,"04928,06275,04349,04160,03278,04931"
south germany,15.11.2018 16:00:00,"5,9","5,1","3,8","86,36",0,0,,0,0,,"5,1",53,"1027,6",,"33,9",,,,,Clear,clear-day,"04928,06275,04349,04160,03278,04931"
south germany,16.11.2018 8:00:00,2,"0,8","1,3","95,13",0,0,,0,0,,"4,9",99,"1029,2",13,"6,3",,,,,Clear,clear-day,"04928,06275,04349,04160,03278,04931"
south germany,16.11.2018 9:00:00,"2,9","0,8","1,6","91,25",0,0,,0,0,,"7,5",83,"1029,7",13,"7,7",,,,,Clear,clear-day,"04928,06275,04349,04160,03278,04931"
south germany,16.11.2018 10:00:00,"4,4","2,1","1,7","82,53",0,0,,0,0,,"9,6",93,"1029,6","4,5","12,3",,,,,Clear,clear-day,"04928,06275,04349,04160,03278,04931"
south germany,16.11.2018 11:00:00,"6,1","2,7","0,9","69,48",0,0,,0,0,,"17,8",86,"1029,5",0,"20,2",,,,,Clear,clear-day,"04928,06275,04349,04160,03278,04931"
south germany,16.11.2018 12:00:00,"6,9","4,2",1,"66,07",0,0,,0,0,,14,80,"1029,1",0,"20,7",,,,,Clear,clear-day,"04928,06275,04349,04160,03278,04931"
south germany,16.11.2018 13:00:00,"8,1","5,4","0,7","59,69",0,0,,0,0,,"16,8",86,"1028,6",0,"26,5",,,,,Clear,clear-day,"04928,06275,04349,04160,03278,04931"
south germany,16.11.2018 14:00:00,"8,3","5,7","0,1","56,02",0,0,,0,0,,"16,6",106,1028,0,"25,7",,,,,Clear,clear-day,"04928,06275,04349,04160,03278,04931"
south germany,16.11.2018 15:00:00,"8,3","5,3",0,"55,78",0,0,,0,0,,19,93,"1027,8",0,"30,9",,,,,Clear,clear-day,"04928,06275,04349,04160,03278,04931"
south germany,16.11.2018 16:00:00,"7,3","3,8","0,4","61,92",0,0,,0,0,,"21,3",93,"1028,1","4,5","32,2",,,,,Clear,clear-day,"04928,06275,04349,04160,03278,04931"
south germany,21.02.2018 0:00:00,"-1,8","-5,7","-4,7","80,42",0,0,,0,"0,95",,11,30,"1019,5",,"7,7",,,,,Clear,clear-night,"04928,06275,04349,04160,03278,04931"
south germany,21.02.2018 1:00:00,"-1,9","-6,2","-4,6","81,64",0,0,,0,"0,94",,"12,3",46,1020,,"7,7",,,,,Clear,clear-night,"04928,06275,04349,04160,03278,04931"
south germany,21.02.2018 2:00:00,"-2,2","-4,9","-4,7","82,6",0,0,,0,"0,93",,"7,1",43,"1020,3",,"7,7",,,,,Clear,clear-night,"04928,06275,04349,04160,03278,04931"
south germany,21.02.2018 3:00:00,"-2,5","-5,8","-4,8","84,19",0,0,,0,"0,92",,"8,6",350,"1020,5",,7,,,,,Clear,clear-night,"04928,06275,04349,04160,03278,04931"
south germany,21.02.2018 4:00:00,"-2,4","-6,1","-4,9","83,19",0,0,,0,"0,91",,"9,7",324,"1020,7",,"6,7",,,,,Clear,clear-night,"04928,06275,04349,04160,03278,04931"
south germany,21.02.2018 5:00:00,"-2,1","-5,9","-4,8","82,01",0,0,,0,"0,9",,"10,2",340,"1021,1",,"6,7",,,,,Clear,clear-night,"04928,06275,04349,04160,03278,04931"
south germany,21.02.2018 6:00:00,"-2,1","-6,4","-4,6","82,48",0,0,,0,"0,88",,"12,7",20,"1021,3",,"6,7",,,,,Clear,clear-night,"04928,06275,04349,04160,03278,04931"
south germany,21.02.2018 7:00:00,"-1,7","-5,4","-4,4","82,15",0,0,,0,"0,87",,10,40,"1021,2",,"6,7",,,,,Clear,clear-night,"04928,06275,04349,04160,03278,04931"
south germany,21.02.2018 18:00:00,"0,9","-2,8","-5,2","63,91",0,0,,0,"0,69",,"12,2",43,"1019,9",,10,,,,,Clear,clear-night,"04928,06275,04349,04160,03278,04931"
south germany,21.02.2018 19:00:00,"0,4","-3,1","-5,3","65,95",0,0,,0,"0,68",,"11,1",10,"1020,2",,"10,3",,,,,Clear,clear-night,"04928,06275,04349,04160,03278,04931"
south germany,21.02.2018 20:00:00,"-0,1","-4,1","-5,8","65,29",0,0,,0,"0,66",,"12,7",13,"1020,2",13,13,,,,,Clear,clear-night,"04928,06275,04349,04160,03278,04931"
south germany,21.02.2018 21:00:00,"-0,7","-4,3",-6,"67,48",0,0,,0,"0,64",,"10,8",46,"1020,6",0,12,,,,,Clear,clear-night,"04928,06275,04349,04160,03278,04931"
south germany,21.02.2018 22:00:00,"-1,3","-5,4","-6,4","68,31",0,0,,0,"0,62",,"11,8",23,"1020,7",,"11,3",,,,,Clear,clear-night,"04928,06275,04349,04160,03278,04931"
south germany,21.02.2018 23:00:00,"-1,7","-6,1","-6,5","69,94",0,0,,0,"0,61",,13,20,"1020,5",0,"11,7",,,,,Clear,clear-night,"04928,06275,04349,04160,03278,04931"
south germany,22.08.2018 0:00:00,"22,8","22,8",12,"50,61",0,0,,0,0,,"5,2",355,"1017,4",,,,,,,Clear,clear-night,"04928,06275,04349,04160,03278,04931"
south germany,22.08.2018 1:00:00,"21,7","21,7","12,5","55,97",0,0,,0,0,,"4,4",1,"1017,5",,,,,,,Clear,clear-night,"04928,06275,04349,04160,03278,04931"
south germany,22.08.2018 2:00:00,"20,7","20,7","12,3","58,88",0,0,,0,0,,"3,9",10,"1017,5",,,,,,,Clear,clear-night,"04928,06275,04349,04160,03278,04931"
south germany,22.08.2018 3:00:00,"19,1","19,1","12,2","64,3",0,0,,0,0,,4,293,"1017,6",13,,,,,,Clear,clear-night,"04928,06275,04349,04160,03278,04931"
south germany,22.08.2018 4:00:00,"18,8","18,8","12,6","67,32",0,0,,0,0,,5,54,"1017,3","4,5",50,,,,,Clear,clear-night,"04928,06275,04349,04160,03278,04931"
south germany,22.08.2018 5:00:00,"17,9","17,9","12,5","70,68",0,0,,0,0,,"3,4",293,"1017,3","4,5",50,,,,,Clear,clear-night,"04928,06275,04349,04160,03278,04931"
south germany,22.08.2018 6:00:00,"17,4","17,4","12,5","72,75",0,0,,0,0,,"5,9",270,"1017,3","4,5",50,,,,,Clear,clear-night,"04928,06275,04349,04160,03278,04931"
south germany,22.08.2018 21:00:00,"24,3","24,3","16,4","61,31",0,0,,0,0,,"5,7",198,"1014,3",,50,,,,,Clear,clear-night,"04928,06275,04349,04160,03278,04931"
south germany,22.08.2018 22:00:00,"22,6","22,6","16,9","70,07",0,0,,0,0,,5,198,"1014,8",,"37,4",,,,,Clear,clear-night,"04928,06275,04349,04160,03278,04931"
south germany,22.08.2018 23:00:00,"21,7","21,7","17,1","74,83",0,0,,0,0,,7,187,"1014,9",0,"32,2",,,,,Clear,clear-night,"04928,06275,04349,04160,03278,04931"
south germany,15.11.2018 0:00:00,"2,4","1,1",2,"97,57",0,0,,0,0,,"5,2",147,"1029,1","4,5",3,,,,,Clear,clear-night,"04928,06275,04349,04160,03278,04931"
south germany,15.11.2018 1:00:00,"2,5","0,9","2,2","97,8",0,0,,0,0,,"5,9",64,"1029,1",13,"4,9",,,,,Clear,clear-night,"04928,06275,04349,04160,03278,04931"
south germany,15.11.2018 2:00:00,"2,5","0,2",2,"96,83",0,0,,0,0,,"7,8",179,"1029,1",,"3,9",,,,,Clear,clear-night,"04928,06275,04349,04160,03278,04931"
south germany,15.11.2018 3:00:00,"2,7","2,7","2,5","98,48",0,0,,0,0,,"4,6",198,1029,,"3,3",,,,,Clear,clear-night,"04928,06275,04349,04160,03278,04931"
south germany,15.11.2018 4:00:00,"3,1","3,1","2,8","97,83",0,0,,0,0,,"4,4",188,"1028,8",,"5,2",,,,,Clear,clear-night,"04928,06275,04349,04160,03278,04931"
south germany,15.11.2018 5:00:00,"3,3","0,9","2,7","96,46",0,0,,0,0,,"8,6",177,"1028,8",,"5,2",,,,,Clear,clear-night,"04928,06275,04349,04160,03278,04931"
south germany,15.11.2018 6:00:00,"3,2",1,"2,7","96,55",0,0,,0,0,,"8,3",140,"1028,6",,"6,9",,,,,Clear,clear-night,"04928,06275,04349,04160,03278,04931"
south germany,15.11.2018 7:00:00,3,"0,3","2,5","96,17",0,0,,0,0,,"10,2",147,"1028,8",,"6,9",,,,,Clear,clear-night,"04928,06275,04349,04160,03278,04931"
south germany,15.11.2018 17:00:00,"5,8","3,9","3,8","86,95",0,0,,0,0,,9,103,"1027,5",,"29,3",,,,,Clear,clear-night,"04928,06275,04349,04160,03278,04931"
south germany,15.11.2018 18:00:00,"5,7","4,2",4,"88,7",0,0,,0,0,,"7,2",93,"1027,7",,"33,3",,,,,Clear,clear-night,"04928,06275,04349,04160,03278,04931"
south germany,15.11.2018 19:00:00,"5,7","3,9","3,9","88,46",0,0,,0,0,,"8,1",117,"1027,8",,"37,2",,,,,Clear,clear-night,"04928,06275,04349,04160,03278,04931"
south germany,15.11.2018 20:00:00,"5,5","2,8","3,4","86,49",0,0,,0,0,,"12,6",133,"1027,9",,"36,3",,,,,Clear,clear-night,"04928,06275,04349,04160,03278,04931"
south germany,15.11.2018 21:00:00,"5,4","3,3","3,1","85,45",0,0,,0,0,,"9,3",137,"1028,1",,"36,5",,,,,Clear,clear-night,"04928,06275,04349,04160,03278,04931"
south germany,15.11.2018 22:00:00,"5,3","2,6","2,8",84,0,0,,0,0,,"12,5",120,"1028,3",,"38,5",,,,,Clear,clear-night,"04928,06275,04349,04160,03278,04931"
south germany,15.11.2018 23:00:00,"5,4","2,8",3,"84,5",0,0,,0,0,,"11,6",137,"1028,3",,"34,6",,,,,Clear,clear-night,"04928,06275,04349,04160,03278,04931"
south germany,16.11.2018 0:00:00,"5,2",3,"2,8","84,62",0,0,,0,0,,"9,2",150,"1028,4",,"36,1",,,,,Clear,clear-night,"04928,06275,04349,04160,03278,04931"
south germany,16.11.2018 1:00:00,"5,2","2,8","2,8","84,81",0,0,,0,0,,"10,3",110,"1028,4",,"26,3",,,,,Clear,clear-night,"04928,06275,04349,04160,03278,04931"
south germany,16.11.2018 2:00:00,"4,9","2,3","2,4","84,14",0,0,,0,0,,11,110,"1028,7",,"25,7",,,,,Clear,clear-night,"04928,06275,04349,04160,03278,04931"
south germany,16.11.2018 3:00:00,"4,5","4,5","2,6","87,55",0,0,,0,0,,"4,4",74,"1028,5",,20,,,,,Clear,clear-night,"04928,06275,04349,04160,03278,04931"
south germany,16.11.2018 4:00:00,"3,6","3,6","2,1","89,87",0,0,,0,0,,"3,8",53,"1028,5",,18,,,,,Clear,clear-night,"04928,06275,04349,04160,03278,04931"
south germany,16.11.2018 5:00:00,"3,1","3,1",2,"92,51",0,0,,0,0,,"4,1",21,"1028,5",,"12,4",,,,,Clear,clear-night,"04928,06275,04349,04160,03278,04931"
south germany,16.11.2018 6:00:00,"2,3","2,3","1,3","93,37",0,0,,0,0,,"4,3",42,"1028,7",13,"11,7",,,,,Clear,clear-night,"04928,06275,04349,04160,03278,04931"
south germany,16.11.2018 7:00:00,"2,1","0,3","1,3","94,36",0,0,,0,0,,"6,2",48,"1028,8","4,5","8,7",,,,,Clear,clear-night,"04928,06275,04349,04160,03278,04931"
south germany,16.11.2018 17:00:00,"5,7","2,7","0,6","69,51",0,0,,0,0,,"14,8",93,"1028,4","4,5","27,9",,,,,Clear,clear-night,"04928,06275,04349,04160,03278,04931"
south germany,16.11.2018 18:00:00,4,"1,4","0,3","76,84",0,0,,0,0,,"10,3",109,"1028,9","4,5","22,2",,,,,Clear,clear-night,"04928,06275,04349,04160,03278,04931"
south germany,16.11.2018 19:00:00,"3,9","2,4","0,4","78,09",0,0,,0,0,,"6,3",101,1029,"4,5",18,,,,,Clear,clear-night,"04928,06275,04349,04160,03278,04931"
south germany,16.11.2018 20:00:00,"3,2","1,6","0,3","81,24",0,0,,0,0,,"6,5",32,"1029,2","4,5",18,,,,,Clear,clear-night,"04928,06275,04349,04160,03278,04931"
south germany,16.11.2018 21:00:00,"3,1","0,6","0,4","82,37",0,0,,0,0,,"9,2",32,"1028,8",0,"21,3",,,,,Clear,clear-night,"04928,06275,04349,04160,03278,04931"
south germany,16.11.2018 22:00:00,"2,6","-0,6","0,2","84,3",0,0,,0,0,,"11,5",29,"1028,9",0,"18,7",,,,,Clear,clear-night,"04928,06275,04349,04160,03278,04931"
south germany,16.11.2018 23:00:00,"2,3","-0,9",0,"84,86",0,0,,0,0,,"11,3",23,"1028,9",0,"19,3",,,,,Clear,clear-night,"04928,06275,04349,04160,03278,04931"
south germany,07.01.2018 5:00:00,"2,5","2,5","2,3","98,5",0,0,,0,0,,"2,4",280,"1015,4",,"0,7",0,0,0,,Clear,fog,"04928,06275,04349,04160,03278,04931"
south germany,17.02.2018 1:00:00,"-0,4","-0,4","-0,9","96,27",0,0,,0,0,,"4,6",347,"1026,7",13,"0,3",0,0,0,,Clear,fog,"04928,06275,04349,04160,03278,04931"
south germany,17.02.2018 2:00:00,"-0,8","-0,8","-1,1","97,84",0,0,,0,0,,"3,7",329,"1026,4",,"0,7",0,0,0,,Clear,fog,"04928,06275,04349,04160,03278,04931"
south germany,17.02.2018 3:00:00,"-1,3","-1,3","-1,6","97,37",0,0,,0,0,,"4,7",76,"1025,2",,"0,3",0,0,0,,Clear,fog,"04928,06275,04349,04160,03278,04931"
south germany,10.10.2018 6:00:00,"8,7","8,7","8,6","98,95",0,0,,0,0,,"2,9",209,"1020,6",,"0,7",0,0,0,,Clear,fog,"04928,06275,04349,04160,03278,04931"
south germany,14.11.2018 4:00:00,"2,5","0,7","2,3","98,81",0,0,,0,0,,"6,4",126,"1032,9",0,"0,7",0,0,0,,Clear,fog,"04928,06275,04349,04160,03278,04931"
south germany,28.11.2018 8:00:00,"0,2","-1,7","-0,1","98,11",0,0,,0,0,,"5,7",175,1025,,"0,7",10,0,0,,Clear,fog,"04928,06275,04349,E1423,04160,03278,04931"
south germany,05.12.2018 3:00:00,"3,8","3,8","3,6","98,61",0,0,,0,0,,"3,3",56,"1027,5",,"0,3",0,0,0,,Clear,fog,"04928,06275,04349,04160,03278,04931"
south germany,17.12.2018 4:00:00,"-0,5","-2,7","-0,7","98,4",0,0,,0,"0,38",,"6,3",202,"1018,6",,"0,7",0,0,0,,Clear,fog,"04928,06275,04349,04160,03278,04931"
south germany,01.01.2018 1:00:00,"8,9","6,5","4,1","71,81","0,083",100,rain,0,0,,"15,2",269,"1007,6",,"10,3",0,0,0,,Rain,rain,"04928,06275,04349,04160,03278,04931"
south germany,01.01.2018 2:00:00,"8,7",6,"4,8","76,22","0,17",100,rain,0,0,,"17,8",263,"1008,3",,20,0,0,0,,Rain,rain,"04928,06275,04349,04160,03278,04931"
south germany,01.01.2018 3:00:00,"8,3","5,2","3,1","69,99","0,004",100,rain,0,0,,"20,4",243,"1008,9",,,0,0,0,,Rain,rain,"04928,06275,04349,04160,03278,04931"
south germany,01.01.2018 7:00:00,"7,3",4,"2,1","69,68","0,008",100,rain,0,0,,"19,2",230,"1010,6",,,0,0,0,,Rain,rain,"04928,06275,04349,04160,03278,04931"
south germany,01.01.2018 8:00:00,"6,4","3,2","2,3","75,24","0,011",100,rain,0,0,,"17,2",230,"1011,4",,,0,0,0,,Rain,rain,"04928,06275,04349,04160,03278,04931"
south germany,01.01.2018 20:00:00,"6,9","3,1","1,3","67,56","0,02",100,rain,0,0,,"23,7",197,"1002,1",,50,0,0,0,,Rain,rain,"04928,06275,04349,04160,03278,04931"
south germany,01.01.2018 22:00:00,"6,6","2,9","2,2","73,45","0,008",100,rain,0,0,,"22,5",190,1002,,,0,0,0,,Rain,rain,"04928,06275,04349,04160,03278,04931"
south germany,01.01.2018 23:00:00,"6,3","2,6","2,7","77,71","0,097",100,rain,0,0,,"21,3",220,"1003,1",,50,0,0,0,,Rain,rain,"04928,06275,04349,04160,03278,04931"
south germany,02.01.2018 0:00:00,"6,2","1,6","2,8","78,81","0,086",100,rain,0,0,,"30,6",243,"1004,7",,20,0,0,0,,Rain,rain,"04928,06275,04349,04160,03278,04931"
south germany,02.01.2018 1:00:00,"5,3","0,2","2,5","81,79","0,323",100,rain,0,0,,"33,3",260,"1006,8",,40,0,0,0,,Rain,rain,"04928,06275,04349,04160,03278,04931"
south germany,02.01.2018 2:00:00,"5,4","0,9","1,4","75,74","0,057",100,rain,0,0,,"26,4",256,"1007,8",,,0,0,0,,Rain,rain,"04928,06275,04349,04160,03278,04931"
south germany,02.01.2018 4:00:00,"5,2",1,1,"74,31","0,004",100,rain,0,0,,"22,6",246,"1010,3",,25,0,0,0,,Rain,rain,"04928,06275,04349,04160,03278,04931"
south germany,02.01.2018 5:00:00,"4,8","0,8","0,8","75,56","0,018",100,rain,0,0,,"20,2",240,"1010,5",,40,0,0,0,,Rain,rain,"04928,06275,04349,04160,03278,04931"
south germany,02.01.2018 6:00:00,"3,6","0,1","1,7","87,06","0,994",100,rain,0,0,,"14,5",233,"1011,5",,25,0,0,0,,Rain,rain,"04928,06275,04349,04160,03278,04931"
south germany,02.01.2018 7:00:00,"3,4","0,1","1,8","89,3","1,045",100,rain,0,0,,13,233,"1012,3",,"7,1",0,0,0,,Rain,rain,"04928,06275,04349,04160,03278,04931"
south germany,02.01.2018 8:00:00,"3,8","-0,6","1,6","85,37","0,533",100,rain,0,0,,"21,1",266,"1013,1",,10,0,0,0,,Rain,rain,"04928,06275,04349,04160,03278,04931"
south germany,02.01.2018 22:00:00,"5,1","1,8","0,9","74,39","0,033",100,rain,0,0,,"15,2",197,"1014,1",,50,0,0,0,,Rain,rain,"04928,06275,04349,04160,03278,04931"
south germany,02.01.2018 23:00:00,"5,5","2,5","0,3","69,27","0,004",100,rain,0,0,,"14,6",173,"1012,6",,50,0,0,0,,Rain,rain,"04928,06275,04349,04160,03278,04931"
south germany,03.01.2018 1:00:00,"5,5","2,2","1,3","74,72","0,118",100,rain,0,0,,"15,8",197,1010,,50,0,0,0,,Rain,rain,"04928,06275,04349,04160,03278,04931"
south germany,03.01.2018 2:00:00,"5,7","2,7","2,3","78,66","0,065",100,rain,0,0,,"14,9",183,"1008,4",,50,0,0,0,,Rain,rain,"04928,06275,04349,04160,03278,04931"
south germany,03.01.2018 7:00:00,"10,4","10,4","6,9","79,29","0,025",100,rain,0,0,,"26,1",190,"994,7",,40,0,0,0,,Rain,rain,"04928,06275,04349,04160,03278,04931"
south germany,03.01.2018 8:00:00,"11,9","11,9","7,7","75,63","0,103",100,rain,0,0,,"29,6",213,"992,2",,50,0,0,0,,Rain,rain,"04928,06275,04349,04160,03278,04931"
south germany,03.01.2018 9:00:00,"7,8",2,"5,4","85,13","2,449",100,rain,0,0,,"60,8",280,"995,4",,"5,3",5,0,0,,Rain,rain,"04928,06275,04349,E1423,04160,03278,04931"
south germany,03.01.2018 18:00:00,"6,8","2,6",1,"66,68","0,052",100,rain,0,0,,"27,1",253,"1005,7",,30,0,0,0,,Rain,rain,"04928,06275,04349,04160,03278,04931"
south germany,03.01.2018 23:00:00,"6,7","2,8","0,9","66,67","0,007",100,rain,0,0,,"24,3",243,"1006,3",,"43,5",0,0,0,,Rain,rain,"04928,06275,04349,04160,03278,04931"
south germany,04.01.2018 1:00:00,6,"2,2","1,2","71,49","0,025",100,rain,0,0,,"21,2",233,"1006,3",,45,0,0,0,,Rain,rain,"04928,06275,04349,04160,03278,04931"
south germany,04.01.2018 3:00:00,"5,3",3,"1,5","76,41","0,008",100,rain,0,0,,"10,3",206,"1006,4",,50,0,0,0,,Rain,rain,"04928,06275,04349,04160,03278,04931"
south germany,04.01.2018 4:00:00,"5,4","2,2","1,9","78,68","0,008",100,rain,0,0,,"15,2",213,"1005,8",,50,0,0,0,,Rain,rain,"04928,06275,04349,04160,03278,04931"
south germany,04.01.2018 8:00:00,5,"2,5","2,4","83,19","0,005",100,rain,0,0,,"10,6",197,"1005,2",,,0,0,0,,Rain,rain,"04928,06275,04349,04160,03278,04931"
south germany,04.01.2018 9:00:00,"5,4","3,1","2,6","82,39","0,009",100,rain,0,0,,"9,8",193,"1004,5",,50,12,0,0,,Rain,rain,"04928,06275,04349,E1423,04160,03278,04931"
south germany,04.01.2018 16:00:00,"10,3","10,3","9,2","92,87","1,398",100,rain,0,0,,"11,7",230,"998,1",,"13,6",9,0,0,,Rain,rain,"04928,06275,04349,E1423,04160,03278,04931"
south germany,04.01.2018 18:00:00,"11,7","11,7","9,8","88,16","0,567",100,rain,0,0,,"17,2",233,"997,8",,"23,1",13,0,0,,Rain,rain,"04928,06275,04349,04160,AU704,03278,04931"
south germany,04.01.2018 19:00:00,"11,6","11,6","9,7","88,45","0,778",100,rain,0,0,,"16,3",213,"997,6",,"21,1",9,0,0,,Rain,rain,"04928,06275,04349,04160,AU704,03278,04931"
south germany,04.01.2018 20:00:00,"11,5","11,5","9,6","88,11","0,397",100,rain,0,0,,"18,4",203,"997,2",,"16,5",5,0,0,,Rain,rain,"04928,06275,04349,04160,AU704,03278,04931"
south germany,04.01.2018 21:00:00,"11,4","11,4","9,7","89,36","0,594",100,rain,0,0,,"18,9",207,"997,2",,"18,7",0,0,0,,Rain,rain,"04928,06275,04349,04160,03278,04931"
south germany,04.01.2018 22:00:00,"11,2","11,2","9,2","87,08","0,92",100,rain,0,0,,26,262,"998,1",,"12,7",0,0,0,,Rain,rain,"04928,06275,04349,04160,03278,04931"
south germany,04.01.2018 23:00:00,"9,4",5,"6,2","80,34","0,839",100,rain,0,0,,45,280,"1000,2",,,0,0,0,,Rain,rain,"04928,06275,04349,04160,03278,04931"
south germany,05.01.2018 0:00:00,"8,4","4,5","4,7","77,35","0,014",100,rain,0,0,,"30,2",266,"1001,7",,,0,0,0,,Rain,rain,"04928,06275,04349,04160,03278,04931"
south germany,05.01.2018 17:00:00,"8,6","6,1","7,4","92,37","1,675",100,rain,0,0,,"15,9",317,"1002,3",,"18,7",5,0,0,,Rain,rain,"E9588,04928,06275,04349,04160,03278,04931"
south germany,05.01.2018 18:00:00,8,"5,8","6,6","91,15","1,057",100,rain,0,0,,"12,5",273,"1003,2",,"26,7",0,0,0,,Rain,rain,"04928,06275,04349,04160,03278,04931"
south germany,05.01.2018 19:00:00,"7,7","7,7","6,7","93,67","0,337",100,rain,0,0,,"3,8",202,"1003,8",,"26,1",0,0,0,,Rain,rain,"04928,06275,04349,04160,03278,04931"
south germany,05.01.2018 20:00:00,"7,8",6,"6,4","91,2","0,261",100,rain,0,0,,"9,9",180,"1004,4",,20,0,0,0,,Rain,rain,"04928,06275,04349,04160,03278,04931"
south germany,05.01.2018 21:00:00,"7,7","6,3","6,4","91,68","0,048",100,rain,0,0,,8,187,"1004,8",,16,0,0,0,,Rain,rain,"04928,06275,04349,04160,03278,04931"
south germany,05.01.2018 22:00:00,"7,7","5,7","6,4","91,67","0,036",100,rain,0,0,,11,180,"1005,1",,"32,4",0,0,0,,Rain,rain,"04928,06275,04349,04160,03278,04931"
south germany,05.01.2018 23:00:00,"7,5","6,2","6,5","93,74","0,023",100,rain,0,0,,"7,3",180,"1005,9",,"25,1",0,0,0,,Rain,rain,"04928,06275,04349,04160,03278,04931"
south germany,06.01.2018 0:00:00,"7,5","5,4","6,3","92,35","0,131",100,rain,0,0,,"10,9",183,"1006,3",,"22,4",0,0,0,,Rain,rain,"04928,06275,04349,04160,03278,04931"
south germany,06.01.2018 1:00:00,"7,4","5,9","5,3","86,76","0,131",100,rain,0,0,,8,207,"1006,7",,"28,7",0,0,0,,Rain,rain,"04928,06275,04349,04160,03278,04931"
south germany,06.01.2018 2:00:00,"6,9","5,4","5,5","90,67","0,498",100,rain,0,0,,8,173,"1006,9",,37,0,0,0,,Rain,rain,"04928,06275,04349,04160,03278,04931"
south germany,06.01.2018 3:00:00,"6,7","4,6","5,7","92,97","0,266",100,rain,0,0,,"10,4",135,"1007,1",,"20,2",0,0,0,,Rain,rain,"04928,06275,04349,04160,03278,04931"
south germany,06.01.2018 4:00:00,"6,7","4,8",6,"95,72","0,114",100,rain,0,0,,"9,3",153,"1006,9",,"12,7",0,0,0,,Rain,rain,"04928,06275,04349,04160,03278,04931"
south germany,06.01.2018 5:00:00,"6,3","4,4","5,8","96,52","0,092",100,rain,0,0,,"9,1",132,"1006,6",,"8,6",0,0,0,,Rain,rain,"04928,06275,04349,04160,03278,04931"
south germany,06.01.2018 6:00:00,"5,9","4,1","5,4","96,24","0,004",100,rain,0,0,,"8,5",122,"1006,6",,"6,2",0,0,0,,Rain,rain,"04928,06275,04349,04160,03278,04931"
south germany,06.01.2018 9:00:00,"5,6","5,6","5,3","98,11","0,008",100,rain,0,0,,"2,4",301,"1007,1",,"1,3",12,0,0,,Rain,rain,"04928,06275,04349,E1423,04160,03278,04931"
south germany,09.01.2018 23:00:00,"4,6","3,2","3,3","91,24","0,013",100,rain,0,0,,"6,4",290,"1015,1",,"14,6",0,0,0,,Rain,rain,"04928,06275,04349,04160,03278,04931"
south germany,10.01.2018 0:00:00,"4,7","2,5","3,5","91,85","0,005",100,rain,0,0,,"9,3",112,"1014,7",,"13,9",0,0,0,,Rain,rain,"04928,06275,04349,04160,03278,04931"
south germany,10.01.2018 21:00:00,"6,1","6,1","3,2","81,68","0,005",100,rain,0,0,,"3,3",161,"1012,5",,"35,6",0,0,0,,Rain,rain,"04928,06275,04349,04160,03278,04931"
south germany,15.01.2018 20:00:00,"4,9",2,"-0,2","69,59","0,03",100,rain,0,0,,"12,6",157,"1007,2",,"21,1",0,0,0,,Rain,rain,"04928,06275,04349,04160,03278,04931"
south germany,15.01.2018 21:00:00,"4,5","1,2","1,5","81,11","0,309",100,rain,0,0,,"14,9",173,"1006,2",,13,0,0,0,,Rain,rain,"04928,06275,04349,04160,03278,04931"
south germany,15.01.2018 22:00:00,"4,9","0,8","2,2","82,66","0,501",100,rain,0,0,,"21,1",180,"1004,6",,"22,8",0,0,0,,Rain,rain,"04928,06275,04349,04160,03278,04931"
south germany,15.01.2018 23:00:00,5,"0,7","2,4","83,08","0,361",100,rain,0,0,,"23,5",197,"1003,8",,"24,1",0,0,0,,Rain,rain,"04928,06275,04349,04160,03278,04931"
south germany,16.01.2018 0:00:00,"5,6","1,4","2,6","81,13","0,152",100,rain,0,0,,"23,9",197,"1003,3",,35,0,0,0,,Rain,rain,"04928,06275,04349,04160,03278,04931"
south germany,16.01.2018 1:00:00,"5,5","1,4","3,1","84,57","0,332",100,rain,0,0,,"23,1",190,"1002,6",,22,0,0,0,,Rain,rain,"04928,06275,04349,04160,03278,04931"
south germany,16.01.2018 2:00:00,"5,7","2,3","3,5","85,81","0,099",100,rain,0,0,,"17,4",190,"1001,9",,"15,7",0,0,0,,Rain,rain,"04928,06275,04349,04160,03278,04931"
south germany,16.01.2018 3:00:00,"6,5","3,8","3,5","81,46","0,035",100,rain,0,0,,"13,4",213,"1001,4",,20,0,0,0,,Rain,rain,"04928,06275,04349,04160,03278,04931"
south germany,16.01.2018 4:00:00,"6,7","4,2","3,5","80,03","0,028",100,rain,0,0,,"12,8",240,"1001,3",,30,0,0,0,,Rain,rain,"04928,06275,04349,04160,03278,04931"
south germany,16.01.2018 5:00:00,"6,6","3,2","3,4","80,47","0,04",100,rain,0,0,,"18,5",210,"1000,3",,"23,5",0,0,0,,Rain,rain,"04928,06275,04349,04160,03278,04931"
south germany,16.01.2018 6:00:00,"6,6","3,2","3,3","79,35","0,067",100,rain,0,0,,"19,3",223,"999,2",,40,0,0,0,,Rain,rain,"04928,06275,04349,04160,03278,04931"
south germany,16.01.2018 7:00:00,"6,4","3,2","3,7","82,87","0,327",100,rain,0,0,,"17,5",207,"998,3",,18,0,0,0,,Rain,rain,"04928,06275,04349,04160,03278,04931"
south germany,16.01.2018 8:00:00,"6,5","2,9","4,4","86,77","0,963",100,rain,0,0,,"20,1",226,"998,5",,"7,5",5,0,0,,Rain,rain,"04928,06275,04349,E1423,04160,03278,04931"
south germany,16.01.2018 17:00:00,"4,9","0,8","0,8","74,88","0,032",100,rain,0,0,,"21,6",246,"1000,4",,,13,0,0,,Rain,rain,"04928,06275,04349,E1423,04160,03278,04931"
south germany,16.01.2018 19:00:00,5,"0,2","0,6","73,37","0,046",100,rain,0,0,,"28,6",263,"1000,5",,18,0,0,0,,Rain,rain,"04928,06275,04349,04160,03278,04931"
south germany,16.01.2018 20:00:00,3,"-0,7","1,4","89,19","0,62",100,rain,0,0,,"15,1",273,1001,,"33,9",0,0,0,,Rain,rain,"04928,06275,04349,04160,03278,04931"
south germany,16.01.2018 21:00:00,"2,5","-0,6","1,3","91,76","1,099",100,rain,0,0,,11,270,"1001,1",,"19,1",0,0,0,,Rain,rain,"04928,06275,04349,04160,03278,04931"
south germany,16.01.2018 22:00:00,"2,4","-1,2",1,"90,67","0,557",100,rain,0,0,,"13,5",180,1000,,20,0,0,0,,Rain,rain,"04928,06275,04349,04160,03278,04931"
south germany,16.01.2018 23:00:00,"3,1","0,6","1,3","88,1","0,015",100,rain,0,0,,"9,1",223,"1000,3",,40,0,0,0,,Rain,rain,"04928,06275,04349,04160,03278,04931"
south germany,17.01.2018 1:00:00,"3,2","0,6","1,6","89,19","0,448",100,rain,0,0,,"9,3",253,999,,20,0,0,0,,Rain,rain,"04928,06275,04349,04160,03278,04931"
south germany,17.01.2018 2:00:00,"3,1","0,4","1,5","88,83","0,409",100,rain,0,0,,"10,2",223,"998,4",,40,0,0,0,,Rain,rain,"04928,06275,04349,04160,03278,04931"
south germany,17.01.2018 3:00:00,"3,3","-0,4","1,2","86,17","0,221",100,rain,0,0,,"15,6",246,"998,3",,15,0,0,0,,Rain,rain,"04928,06275,04349,04160,03278,04931"
south germany,17.01.2018 4:00:00,"3,7","-0,5","0,7","81,11","0,093",100,rain,0,0,,"19,5",253,"998,2",,30,0,0,0,,Rain,rain,"04928,06275,04349,04160,03278,04931"
south germany,17.01.2018 5:00:00,"3,7","-0,2","0,4","79,14","0,158",100,rain,0,0,,"17,5",246,998,,40,0,0,0,,Rain,rain,"04928,06275,04349,04160,03278,04931"
south germany,17.01.2018 6:00:00,"2,3",-4,"-0,2","83,67","0,342",100,rain,0,0,,37,270,"999,3",,8,0,0,0,,Rain,rain,"04928,06275,04349,04160,03278,04931"
south germany,17.01.2018 7:00:00,"2,2","-3,7","-1,1","79,22","0,059",100,rain,0,0,,"30,9",270,1000,,,0,0,0,,Rain,rain,"04928,06275,04349,04160,03278,04931"
south germany,17.01.2018 18:00:00,"1,9","-3,5","-0,9","81,67","0,228",100,"rain,snow",0,0,,"25,4",263,1011,,"35,9",0,0,0,,"Snow, Rain",rain,"04928,06275,04349,04160,03278,04931"
south germany,17.01.2018 19:00:00,"2,9","-2,8","-1,6","72,31","0,113",100,rain,0,0,,"31,9",273,"1011,2",,23,0,0,0,,Rain,rain,"04928,06275,04349,04160,03278,04931"
south germany,17.01.2018 20:00:00,"2,9","-2,8","-1,4","73,51","0,059",100,rain,0,0,,"31,3",266,"1012,5",,40,0,0,0,,Rain,rain,"04928,06275,04349,04160,03278,04931"
south germany,17.01.2018 22:00:00,"3,1","-1,7","-1,1","73,7","0,004",100,rain,0,0,,"23,8",263,"1013,6",,35,0,0,0,,Rain,rain,"04928,06275,04349,04160,03278,04931"
south germany,18.01.2018 0:00:00,1,"-1,4","-0,1","92,15","0,875",100,"rain,snow",0,0,,"7,7",220,"1014,6",,4,0,0,0,,"Snow, Rain",rain,"04928,06275,04349,04160,03278,04931"
south germany,18.01.2018 1:00:00,"1,4","-1,9","-0,1","89,78","1,158",100,"rain,snow",0,0,,"11,2",200,"1014,4",,"12,6",0,0,0,,"Snow, Rain",rain,"04928,06275,04349,04160,03278,04931"
south germany,18.01.2018 2:00:00,"1,5","-2,3","0,1","90,4","0,476",100,"rain,snow",0,0,,"13,5",184,"1013,6",,25,0,0,0,,"Snow, Rain",rain,"04928,06275,04349,04160,03278,04931"
south germany,18.01.2018 3:00:00,"2,5",-1,"-0,4","81,31","0,005",100,rain,0,0,,"13,6",207,"1013,2",,45,0,0,0,,Rain,rain,"04928,06275,04349,04160,03278,04931"
south germany,18.01.2018 5:00:00,"2,5","-1,6","0,2","84,76","0,008",100,rain,0,0,,"17,2",197,"1011,2",,"27,8",0,0,0,,Rain,rain,"04928,06275,04349,04160,03278,04931"
south germany,18.01.2018 6:00:00,"2,3","-2,2","0,6","88,77","0,15",100,rain,0,0,,"18,9",180,"1009,4",,"15,3",0,0,0,,Rain,rain,"04928,06275,04349,04160,03278,04931"
south germany,18.01.2018 7:00:00,"2,6","-2,2","0,7","87,4","0,221",100,rain,0,0,,"21,8",190,"1007,5",,"26,5",0,0,0,,Rain,rain,"04928,06275,04349,04160,03278,04931"
south germany,18.01.2018 8:00:00,3,-2,"0,9","85,8","0,164",100,rain,0,0,,"25,2",197,"1005,5",,"29,8",0,0,0,,Rain,rain,"04928,06275,04349,04160,03278,04931"
south germany,18.01.2018 18:00:00,"6,8","3,2","4,6","85,95","1,369",100,rain,0,0,,"21,6",240,"1004,5",,15,0,0,0,,Rain,rain,"04928,06275,04349,04160,03278,04931"
south germany,18.01.2018 19:00:00,"6,3","1,9","2,5","77,01","0,594",100,rain,0,0,,"27,6",250,"1004,3",,30,0,0,0,,Rain,rain,"04928,06275,04349,04160,03278,04931"
south germany,18.01.2018 20:00:00,"5,5","0,8","2,8","83,13","0,343",100,rain,0,0,,28,257,"1005,9",,"33,9",0,0,0,,Rain,rain,"04928,06275,04349,04160,03278,04931"
south germany,18.01.2018 21:00:00,"5,2","1,8","2,1","80,05","0,042",100,rain,0,0,,"16,6",236,"1006,2",,,0,0,0,,Rain,rain,"04928,06275,04349,04160,03278,04931"
south germany,19.01.2018 0:00:00,"5,1","2,4","2,6","84,29","0,02",100,rain,0,0,,"11,6",200,"1005,8",,,0,0,0,,Rain,rain,"04928,06275,04349,04160,03278,04931"
south germany,19.01.2018 3:00:00,"5,1",1,"2,4","82,27","0,364",100,rain,0,0,,"21,7",253,"1006,1",,"18,7",0,0,0,,Rain,rain,"04928,06275,04349,04160,03278,04931"
south germany,19.01.2018 4:00:00,4,"0,2",2,"86,63","0,383",100,rain,0,0,,"17,1",263,"1007,1",,25,0,0,0,,Rain,rain,"04928,06275,04349,04160,03278,04931"
south germany,19.01.2018 5:00:00,"3,9","-0,4","1,5","84,1","0,11",100,rain,0,0,,"21,6",253,"1007,6",,35,0,0,0,,Rain,rain,"04928,06275,04349,04160,03278,04931"
south germany,19.01.2018 6:00:00,"3,5","-0,9","0,7","82,11","0,028",100,rain,0,0,,21,260,"1008,4",,,0,0,0,,Rain,rain,"04928,06275,04349,04160,03278,04931"
south germany,19.01.2018 8:00:00,3,"-2,3","-1,2","74,02","0,015",100,rain,0,0,,"26,9",276,"1010,6",,,5,0,0,,Rain,rain,"04928,06275,04349,E1423,04160,03278,04931"
south germany,20.01.2018 17:00:00,"2,9","-0,5","1,3","88,76","0,616",100,rain,0,"0,2",,"13,5",130,"1000,9",,"24,5",8,0,0,,Rain,rain,"04928,06275,04349,E1423,04160,03278,04931"
south germany,20.01.2018 18:00:00,"2,4","-1,3","0,8","89,08","1,262",100,rain,0,"0,19",,"14,3",137,"1000,1",,"7,4",0,0,0,,Rain,rain,"04928,06275,04349,04160,03278,04931"
south germany,20.01.2018 19:00:00,"1,7","-0,4","0,8","93,65","1,989",100,"rain,snow",0,"0,19",,"6,7",140,"999,6",,"6,6",0,0,0,,"Snow, Rain",rain,"04928,06275,04349,04160,03278,04931"
south germany,20.01.2018 20:00:00,1,"-1,1","0,4","95,85","1,435",100,"rain,snow",0,"0,18",,"6,7",140,"999,8",,"8,6",0,0,0,,"Snow, Rain",rain,"04928,06275,04349,04160,03278,04931"
south germany,20.01.2018 21:00:00,"1,1","1,1","0,5","96,07","0,192",100,"rain,snow",0,"0,17",,"4,7",142,"999,9",,7,0,0,0,,"Snow, Rain",rain,"04928,06275,04349,04160,03278,04931"
south germany,20.01.2018 22:00:00,"1,3","-0,2","0,8","96,56","0,14",100,"rain,snow",0,"0,16",,"5,1",180,1000,,"4,7",0,0,0,,"Snow, Rain",rain,"04928,06275,04349,04160,03278,04931"
south germany,20.01.2018 23:00:00,"1,5","-0,5","0,8","95,05","0,983",100,"rain,snow",0,"0,15",,"6,6",283,"1000,1",,"5,7",0,0,0,,"Snow, Rain",rain,"04928,06275,04349,04160,03278,04931"
south germany,21.01.2018 0:00:00,"1,8","-1,7",1,"94,12","0,508",100,"rain,snow",0,"0,14",,"12,5",290,"1000,9",,"10,7",0,0,0,,"Snow, Rain",rain,"04928,06275,04349,04160,03278,04931"
south germany,21.01.2018 1:00:00,"1,6","-3,1","0,8","94,43","0,822",100,"rain,snow",0,"0,14",,"19,1",290,"1002,2",,14,0,0,0,,"Snow, Rain",rain,"04928,06275,04349,04160,03278,04931"
south germany,21.01.2018 2:00:00,"1,7","-2,8","0,8","94,08","0,278",100,"rain,snow",0,"0,13",,"17,8",290,"1003,6",,"23,7",0,0,0,,"Snow, Rain",rain,"04928,06275,04349,04160,03278,04931"
south germany,21.01.2018 3:00:00,2,-3,"0,8","92,01","0,009",100,"rain,snow",0,"0,12",,"21,7",293,"1005,3",,"33,7",0,0,0,,"Snow, Rain",rain,"04928,06275,04349,04160,03278,04931"
south germany,21.01.2018 4:00:00,"1,8","-3,2","0,8","92,95","0,263",100,"rain,snow",0,"0,11",,"21,7",293,"1006,5",,33,0,0,0,,"Snow, Rain",rain,"04928,06275,04349,04160,03278,04931"
south germany,21.01.2018 6:00:00,"2,1","-3,1","0,3","87,76","0,019",100,rain,0,"0,09",,"23,8",290,"1009,5",,40,0,0,0,,Rain,rain,"04928,06275,04349,04160,03278,04931"
south germany,21.01.2018 7:00:00,"1,9","-3,2","-0,2","86,08","0,011",100,"rain,snow",0,"0,08",,"22,8",293,"1010,7",,30,0,0,0,,"Snow, Rain",rain,"04928,06275,04349,04160,03278,04931"
south germany,22.01.2018 17:00:00,"7,4","6,1","6,9","96,58","1,777",100,rain,0,"0,13",,"7,7",328,"1010,2",,"14,5",7,0,0,,Rain,rain,"04928,06275,04349,E1423,04160,03278,04931"
south germany,22.01.2018 18:00:00,"7,5","5,5","6,8","95,4","1,145",100,rain,0,"0,12",,"10,6",290,"1011,3",,11,0,0,0,,Rain,rain,"04928,06275,04349,04160,03278,04931"
south germany,22.01.2018 19:00:00,"7,4","5,4","6,7","95,32","0,958",100,rain,0,"0,11",,"10,5",266,"1012,7",,"29,1",0,0,0,,Rain,rain,"04928,06275,04349,04160,03278,04931"
south germany,22.01.2018 20:00:00,"7,6","5,4","6,8","94,8","0,048",100,rain,0,"0,1",,"12,2",289,"1014,3",,"17,8",0,0,0,,Rain,rain,"04928,06275,04349,04160,03278,04931"
south germany,22.01.2018 22:00:00,"6,7","3,9","4,8","87,7","0,007",100,rain,0,"0,08",,"14,2",297,"1017,2",,"23,7",0,0,0,,Rain,rain,"04928,06275,04349,04160,03278,04931"
south germany,23.01.2018 1:00:00,"6,2","3,2","3,1","80,49","0,004",100,rain,0,"0,06",,15,277,"1020,8",,"36,5",0,0,0,,Rain,rain,"04928,06275,04349,04160,03278,04931"
south germany,23.01.2018 8:00:00,"4,8","2,3","2,2","83,25","0,008",100,rain,0,0,,"10,5",269,1026,,"21,1",0,0,0,,Rain,rain,"04928,06275,04349,04160,03278,04931"
south germany,24.01.2018 1:00:00,"5,9","3,1","1,8","74,86","0,021",100,rain,0,0,,"13,5",183,"1026,7",,50,0,0,0,,Rain,rain,"04928,06275,04349,04160,03278,04931"
south germany,26.01.2018 7:00:00,"6,6","6,6","5,3","91,34","0,01",100,rain,0,0,,"2,4",140,"1015,5",,"19,8",0,0,0,,Rain,rain,"04928,06275,04349,04160,03278,04931"
south germany,26.01.2018 8:00:00,"6,3","5,4","4,9","91,1","0,028",100,rain,0,0,,"5,4",334,"1016,1",,"19,3",5,0,0,,Rain,rain,"04928,06275,04349,E1423,04160,03278,04931"
south germany,26.01.2018 18:00:00,"6,3",4,"5,1","91,7","0,182",100,rain,0,0,,"11,5",307,"1020,9",,"10,9",0,0,0,,Rain,rain,"04928,06275,04349,04160,03278,04931"
south germany,26.01.2018 19:00:00,"6,1","3,7","5,1","93,61","0,157",100,rain,0,0,,"11,5",310,"1021,7",,"9,6",0,0,0,,Rain,rain,"04928,06275,04349,04160,03278,04931"
south germany,26.01.2018 20:00:00,"5,9","3,4","4,9","93,1","0,115",100,rain,0,0,,"11,7",317,"1022,7",,"11,6",0,0,0,,Rain,rain,"04928,06275,04349,04160,03278,04931"
south germany,26.01.2018 21:00:00,"5,6",3,"4,9","95,02","0,162",100,rain,0,0,,"12,1",310,"1023,4",,"8,3",0,0,0,,Rain,rain,"04928,06275,04349,04160,03278,04931"
south germany,26.01.2018 22:00:00,"5,4","2,7","4,8","95,82","0,401",100,rain,0,0,,"12,3",313,1024,,"6,3",0,0,0,,Rain,rain,"04928,06275,04349,04160,03278,04931"
south germany,26.01.2018 23:00:00,"5,3","2,5","4,7","95,91","0,121",100,rain,0,0,,13,313,"1024,7",,"7,3",0,0,0,,Rain,rain,"04928,06275,04349,04160,03278,04931"
south germany,27.01.2018 0:00:00,"5,4","3,4","4,7","95,22","0,011",100,rain,0,0,,"9,2",317,"1025,5",,"6,3",0,0,0,,Rain,rain,"04928,06275,04349,04160,03278,04931"
south germany,27.01.2018 1:00:00,"5,5","3,8","4,7","94,79","0,015",100,rain,0,0,,"7,7",310,"1026,1",,9,0,0,0,,Rain,rain,"04928,06275,04349,04160,03278,04931"
south germany,27.01.2018 2:00:00,"5,3","3,5","4,6","95,2","0,007",100,rain,0,0,,8,313,"1026,3",,"7,7",0,0,0,,Rain,rain,"04928,06275,04349,04160,03278,04931"
south germany,27.01.2018 4:00:00,"5,3","3,5","4,6","95,51","0,004",100,rain,0,0,,"7,8",327,"1027,4",,"5,4",0,0,0,,Rain,rain,"04928,06275,04349,04160,03278,04931"
south germany,27.01.2018 5:00:00,"5,2",4,"4,6","95,55","0,007",100,rain,0,0,,"5,9",347,"1027,9",,"5,1",0,0,0,,Rain,rain,"04928,06275,04349,04160,03278,04931"
south germany,30.01.2018 6:00:00,"7,2","5,7","5,4","88,48","0,205",100,rain,0,0,,"8,2",269,"1030,5",,8,0,0,0,,Rain,rain,"04928,06275,04349,04160,03278,04931"
south germany,30.01.2018 7:00:00,"6,5","4,6","5,4","92,45","0,147",100,rain,0,0,,"9,6",272,"1031,1",,"35,9",0,0,0,,Rain,rain,"04928,06275,04349,04160,03278,04931"
south germany,30.01.2018 8:00:00,"5,8","4,6","4,7","92,41","0,735",100,rain,0,0,,"6,4",329,"1031,5",,"15,6",6,0,0,,Rain,rain,"04928,06275,04349,E1423,04160,03278,04931"
south germany,30.01.2018 17:00:00,"7,1","7,1","5,3","88,15","0,165",100,rain,0,0,,3,156,"1028,5",,"19,1",9,0,0,,Rain,rain,"04928,06275,04349,E1423,04160,03278,04931"
south germany,30.01.2018 18:00:00,"6,9","6,9","5,3","89,44","0,009",100,rain,0,0,,"4,6",163,1028,,"21,7",0,0,0,,Rain,rain,"04928,06275,04349,04160,03278,04931"
south germany,31.01.2018 19:00:00,"8,2","5,7",3,"70,12","0,085",100,rain,0,0,,"15,1",246,"1007,4",,20,0,0,0,,Rain,rain,"04928,06275,04349,04160,03278,04931"
south germany,31.01.2018 20:00:00,"7,1","4,3","3,8","79,6","0,341",100,rain,0,0,,"15,2",227,"1006,9",,"34,1",0,0,0,,Rain,rain,"04928,06275,04349,04160,03278,04931"
south germany,31.01.2018 21:00:00,"6,4","3,5","3,7","82,42","0,357",100,rain,0,0,,"15,2",217,"1006,4",,"28,9",0,0,0,,Rain,rain,"04928,06275,04349,04160,03278,04931"
south germany,31.01.2018 22:00:00,6,"2,8","3,3","83,25","0,321",100,rain,0,0,,"15,8",210,"1005,8",,"19,8",0,0,0,,Rain,rain,"04928,06275,04349,04160,03278,04931"
south germany,31.01.2018 23:00:00,"5,7","2,8","3,6","86,28","0,523",100,rain,0,0,,"14,2",193,"1005,2",,"16,1",0,0,0,,Rain,rain,"04928,06275,04349,04160,03278,04931"
south germany,01.02.2018 0:00:00,"5,8",3,4,"88,2","0,403",100,rain,0,0,,"13,1",183,"1004,1",,"27,8",0,0,0,,Rain,rain,"04928,06275,04349,04160,03278,04931"
south germany,01.02.2018 1:00:00,"5,8","3,3",4,"88,49","0,256",100,rain,0,0,,"11,6",177,"1003,6",,"32,4",0,0,0,,Rain,rain,"04928,06275,04349,04160,03278,04931"
south germany,01.02.2018 2:00:00,6,"3,4","3,6","85,1","0,228",100,rain,0,0,,12,220,"1003,3",,"31,1",0,0,0,,Rain,rain,"04928,06275,04349,04160,03278,04931"
south germany,01.02.2018 3:00:00,"4,6","0,8","2,9","88,65","1,209",100,rain,0,0,,"17,9",269,"1004,1",,"13,5",0,0,0,,Rain,rain,"04928,06275,04349,04160,03278,04931"
south germany,01.02.2018 4:00:00,4,"0,8","2,6","90,8","0,845",100,rain,0,0,,13,273,"1004,1",,"14,1",0,0,0,,Rain,rain,"04928,06275,04349,04160,03278,04931"
south germany,01.02.2018 5:00:00,"3,6",1,"2,2","90,19","0,407",100,rain,0,0,,"10,3",266,"1003,9",,"24,6",0,0,0,,Rain,rain,"04928,06275,04349,04160,03278,04931"
south germany,01.02.2018 6:00:00,"3,4","1,8","2,2","91,81","0,138",100,rain,0,0,,"6,1",253,"1003,7",,"30,4",0,0,0,,Rain,rain,"04928,06275,04349,04160,03278,04931"
south germany,01.02.2018 7:00:00,"2,6",-1,"1,3","91,49","0,521",100,rain,0,0,,"13,4",273,1004,,"17,4",0,0,0,,Rain,rain,"04928,06275,04349,04160,03278,04931"
south germany,01.02.2018 8:00:00,"2,4","-0,6",1,"90,65","0,556",100,rain,0,0,,"10,5",267,"1004,2",,17,7,0,0,,Rain,rain,"04928,06275,04349,E1423,04160,03278,04931"
south germany,01.02.2018 18:00:00,"3,6","0,5","-1,4","69,74","0,004",100,rain,0,"0,02",,"12,5",197,"1005,5",,,5,0,0,,Rain,rain,"04928,06275,04349,E1423,04160,03278,04931"
south germany,01.02.2018 21:00:00,"3,4","1,1","-1,6","69,86","0,036",100,rain,0,"0,03",,"8,5",200,"1006,1",,,0,0,0,,Rain,rain,"04928,06275,04349,04160,03278,04931"
south germany,01.02.2018 22:00:00,"2,5","-0,7","-0,5","80,28","0,074",100,rain,0,"0,03",,"11,8",240,"1006,7",,50,0,0,0,,Rain,rain,"04928,06275,04349,04160,03278,04931"
south germany,01.02.2018 23:00:00,2,"-1,2","-0,5","83,55","0,005",100,"rain,snow",0,"0,03",,"11,2",220,"1007,2",,40,0,0,0,,"Snow, Rain",rain,"04928,06275,04349,04160,03278,04931"
south germany,02.02.2018 0:00:00,"1,5","-2,2","-1,1","83,11","0,11",100,"rain,snow",0,"0,03",,"13,1",250,"1007,4",,8,0,0,0,,"Snow, Rain",rain,"04928,06275,04349,04160,03278,04931"
south germany,02.02.2018 1:00:00,1,"-0,9","-1,3","84,72","0,004",100,"rain,snow",0,"0,04",,"6,1",246,"1007,6",,30,0,0,0,,"Snow, Rain",rain,"04928,06275,04349,04160,03278,04931"
south germany,03.02.2018 6:00:00,"0,8","0,8","-1,4","84,93","0,005",100,"rain,snow",0,0,,"2,6",230,"1008,5",,"44,1",0,0,0,,"Snow, Rain",rain,"04928,06275,04349,04160,03278,04931"
south germany,03.02.2018 18:00:00,"2,3",-1,"-2,4","71,08","0,004",100,rain,0,"0,03",,"11,8",300,"1007,6",,"43,5",0,0,0,,Rain,rain,"04928,06275,04349,04160,03278,04931"
south germany,04.02.2018 3:00:00,"0,4","-1,3","-1,1","89,41","0,008",100,"rain,snow",0,"0,06",,"5,6",270,"1011,3",,"12,8",0,0,0,,"Snow, Rain",rain,"04928,06275,04349,04160,03278,04931"
south germany,04.02.2018 4:00:00,"0,2","-1,9","-0,8","93,18","0,122",100,"rain,snow",0,"0,06",,"6,3",267,"1011,8",,3,0,0,0,,"Snow, Rain",rain,"04928,06275,04349,04160,03278,04931"
south germany,11.02.2018 20:00:00,"3,4","0,4","0,5","81,02","0,011",100,rain,0,0,,12,250,"1008,4",,35,0,0,0,,Rain,rain,"04928,06275,04349,04160,03278,04931"
south germany,12.02.2018 1:00:00,"1,5","-1,8","-0,8","84,59","0,061",100,"rain,snow",0,0,,"11,1",307,"1010,8",,50,0,0,0,,"Snow, Rain",rain,"04928,06275,04349,04160,03278,04931"
south germany,12.02.2018 2:00:00,"1,3","-2,5","-0,5","87,64","0,223",100,"rain,snow",0,0,,"13,6",240,"1010,8",,50,0,0,0,,"Snow, Rain",rain,"04928,06275,04349,04160,03278,04931"
south germany,12.02.2018 5:00:00,"1,1","-1,9","-1,6","81,73","0,004",100,"rain,snow",0,0,,"9,6",242,1012,,50,0,0,0,,"Snow, Rain",rain,"04928,06275,04349,04160,03278,04931"
south germany,12.02.2018 8:00:00,"0,5",-4,-3,"77,15","0,01",100,"rain,snow",0,0,,"16,7",263,"1013,8",,,10,0,0,,"Snow, Rain",rain,"04928,06275,04349,E1423,04160,03278,04931"
south germany,15.02.2018 18:00:00,"3,4",1,"2,6","94,56","0,206",100,rain,0,0,,"9,4",143,"1018,1",,6,5,0,0,,Rain,rain,"04928,06275,04349,E1423,04160,03278,04931"
south germany,15.02.2018 19:00:00,"3,4","0,2","2,6","94,6","0,181",100,rain,0,0,,"12,7",139,"1018,3",,"7,3",0,0,0,,Rain,rain,"04928,06275,04349,04160,03278,04931"
south germany,15.02.2018 20:00:00,"3,9","1,6",3,"94,14","0,086",100,rain,0,0,,9,136,"1018,6",,"6,5",0,0,0,,Rain,rain,"04928,06275,04349,04160,03278,04931"
south germany,15.02.2018 21:00:00,4,"1,7","3,2","94,08","0,129",100,rain,0,0,,"9,2",132,"1018,6",,"6,7",0,0,0,,Rain,rain,"04928,06275,04349,04160,03278,04931"
south germany,15.02.2018 22:00:00,"3,8","1,6","3,3","96,68","0,054",100,rain,0,0,,"8,4",136,"1018,5",,"6,4",0,0,0,,Rain,rain,"04928,06275,04349,04160,03278,04931"
south germany,15.02.2018 23:00:00,"3,7","2,6","3,3","97,62","0,419",100,rain,0,0,,5,116,"1019,1",,"2,4",0,0,0,,Rain,rain,"04928,06275,04349,04160,03278,04931"
south germany,16.02.2018 0:00:00,"3,8","3,8","3,5",98,"1,287",100,rain,0,0,,"3,7",317,1020,,"0,7",0,0,0,,"Rain, Fog",rain,"04928,06275,04349,04160,03278,04931"
south germany,16.02.2018 1:00:00,"3,7",2,"3,4","98,16","1,012",100,rain,0,0,,"6,7",283,"1020,7",,"1,3",0,0,0,,Rain,rain,"04928,06275,04349,04160,03278,04931"
south germany,16.02.2018 2:00:00,"4,2","2,3","3,8","97,49","0,873",100,rain,0,0,,"7,5",263,"1021,1",,"6,8",0,0,0,,Rain,rain,"04928,06275,04349,04160,03278,04931"
south germany,16.02.2018 3:00:00,"4,3","2,3","3,9","96,71","0,177",100,rain,0,0,,"8,4",253,"1021,6",,"8,7",0,0,0,,Rain,rain,"04928,06275,04349,04160,03278,04931"
south germany,16.02.2018 4:00:00,"4,5","2,8","3,5","93,03","0,098",100,rain,0,0,,"7,3",243,"1021,9",,10,0,0,0,,Rain,rain,"04928,06275,04349,04160,03278,04931"
south germany,16.02.2018 5:00:00,"4,3","2,5","3,1","92,12","0,177",100,rain,0,0,,"7,4",243,"1022,8",,"15,6",0,0,0,,Rain,rain,"04928,06275,04349,04160,03278,04931"
south germany,16.02.2018 6:00:00,"4,4",2,"3,1","91,44","0,379",100,rain,0,0,,"9,7",253,"1023,5",,"21,9",0,0,0,,Rain,rain,"04928,06275,04349,04160,03278,04931"
south germany,16.02.2018 7:00:00,"4,2","1,8",3,"91,95","0,141",100,rain,0,0,,"9,8",266,"1024,4",,"35,5",0,0,0,,Rain,rain,"04928,06275,04349,04160,03278,04931"
south germany,16.02.2018 8:00:00,"4,1","1,8",3,"92,19","0,023",100,rain,0,0,,9,256,"1025,3",,33,10,0,0,,Rain,rain,"04928,06275,04349,E1423,04160,03278,04931"
south germany,03.03.2018 19:00:00,"4,9","2,4",0,"70,62","0,008",100,rain,0,"0,23",,"10,4",197,"998,7",,30,0,0,0,,Rain,rain,"04928,06275,04349,04160,03278,04931"
south germany,03.03.2018 20:00:00,"4,2","2,2","0,5","76,75","0,008",100,rain,0,"0,23",,"8,3",196,"999,1",,"18,9",0,0,0,,Rain,rain,"04928,06275,04349,04160,03278,04931"
south germany,03.03.2018 21:00:00,"3,4","0,7","0,8","83,05","0,272",100,rain,0,"0,22",,"10,2",143,"999,8",,"16,7",0,0,0,,Rain,rain,"04928,06275,04349,04160,03278,04931"
south germany,03.03.2018 22:00:00,"2,9","1,3",1,"87,36","0,145",100,rain,0,"0,22",,"6,2",133,"1000,2",,"11,3",0,0,0,,Rain,rain,"04928,06275,04349,04160,03278,04931"
south germany,03.03.2018 23:00:00,"2,4","1,1","0,9","89,96","0,119",100,rain,0,"0,21",,"5,1",114,"1000,4",,"7,3",0,0,0,,Rain,rain,"04928,06275,04349,04160,03278,04931"
south germany,05.03.2018 1:00:00,"6,2","6,2","1,7","72,85","0,005",100,rain,0,"0,04",,"3,9",139,"999,4",,"35,4",0,0,0,,Rain,rain,"04928,06275,04349,04160,03278,04931"
south germany,06.03.2018 23:00:00,"5,3","5,3","2,5","81,96","0,008",100,rain,0,0,,"4,5",195,994,,"9,3",0,0,0,,Rain,rain,"04928,06275,04349,04160,03278,04931"
south germany,07.03.2018 0:00:00,"5,5",4,"2,6","81,71","0,004",100,rain,0,0,,"6,9",177,"994,2",,"8,7",0,0,0,,Rain,rain,"04928,06275,04349,04160,03278,04931"
south germany,07.03.2018 1:00:00,"5,2","3,3","2,5","82,61","0,004",100,rain,0,0,,"8,3",180,"994,4",,"9,8",0,0,0,,Rain,rain,"04928,06275,04349,04160,03278,04931"
south germany,07.03.2018 20:00:00,5,"2,2","0,3","71,49","0,028",100,rain,0,0,,"12,6",230,"1002,1",,,0,0,0,,Rain,rain,"04928,06275,04349,04160,03278,04931"
south germany,07.03.2018 21:00:00,5,"2,3","0,6","73,33","0,01",100,rain,0,0,,"11,4",213,"1002,6",,,0,0,0,,Rain,rain,"04928,06275,04349,04160,03278,04931"
south germany,07.03.2018 23:00:00,"4,4","1,2","0,9","78,27","0,008",100,rain,0,0,,"13,5",227,"1004,2",,,0,0,0,,Rain,rain,"04928,06275,04349,04160,03278,04931"
south germany,08.03.2018 0:00:00,"4,2","1,1","0,8","78,49","0,008",100,rain,0,0,,"13,2",226,"1004,9",0,,0,0,0,,Rain,rain,"04928,06275,04349,04160,03278,04931"
south germany,08.03.2018 2:00:00,"4,1","1,4","1,3","82,22","0,008",100,rain,0,0,,"10,8",217,"1006,2",,30,0,0,0,,Rain,rain,"04928,06275,04349,04160,03278,04931"
south germany,08.03.2018 4:00:00,"3,5","0,2","0,9","83,2","0,062",100,rain,0,0,,"13,6",220,"1006,8",,20,0,0,0,,Rain,rain,"04928,06275,04349,04160,03278,04931"
south germany,08.03.2018 5:00:00,"3,1","0,3","0,7","84,08","0,004",100,rain,0,0,,"10,4",207,"1007,2",,20,0,0,0,,Rain,rain,"04928,06275,04349,04160,03278,04931"
south germany,09.03.2018 3:00:00,"3,6","2,2","0,9","82,59","0,005",100,rain,0,0,,"5,9",163,"1009,8",,,0,0,0,,Rain,rain,"04928,06275,04349,04160,03278,04931"
south germany,09.03.2018 23:00:00,"9,3","7,9","3,7","68,33","0,166",100,rain,0,0,,"9,5",143,"1007,5",,23,0,0,0,,Rain,rain,"04928,06275,04349,04160,03278,04931"
south germany,10.03.2018 0:00:00,"8,7","7,3","4,1","72,69","0,274",100,rain,0,0,,"9,2",132,"1007,4",,"32,8",0,0,0,,Rain,rain,"04928,06275,04349,04160,03278,04931"
south germany,10.03.2018 1:00:00,"8,5","7,4","4,2","74,77","0,114",100,rain,0,0,,"7,2",157,"1007,1",,"34,1",0,0,0,,Rain,rain,"04928,06275,04349,04160,03278,04931"
south germany,11.03.2018 18:00:00,"12,2","12,2","8,4","77,54","0,031",100,rain,0,0,,"3,1",177,996,,42,11,0,0,,Rain,rain,"04928,06275,04349,E1423,04160,03278,04931"
south germany,11.03.2018 19:00:00,"11,2","11,2","8,7","84,28","0,265",100,rain,0,0,,"4,2",207,"996,8",,"15,9",0,0,0,,Rain,rain,"04928,06275,04349,04160,03278,04931"
south germany,11.03.2018 20:00:00,"10,2","10,2",9,"92,1","0,667",100,rain,0,0,,"4,9",175,"996,7",,"19,3",0,0,0,,Rain,rain,"04928,06275,04349,04160,03278,04931"
south germany,11.03.2018 21:00:00,"9,8",9,"8,8","93,6","0,323",100,rain,0,0,,"7,3",146,996,,"26,7",0,0,0,,Rain,rain,"04928,06275,04349,04160,03278,04931"
south germany,11.03.2018 22:00:00,"9,4","8,1","8,8","95,78","0,123",100,rain,0,0,,"9,2",129,"995,6",,"10,3",0,0,0,,Rain,rain,"04928,06275,04349,04160,03278,04931"
south germany,11.03.2018 23:00:00,"9,2","8,6","8,6","96,23","0,012",100,rain,0,0,,6,163,"995,1",,"9,7",0,0,0,,Rain,rain,"04928,06275,04349,04160,03278,04931"
south germany,12.03.2018 0:00:00,9,9,"8,4","96,27","0,04",100,rain,0,0,,"3,9",127,"994,8",,"7,5",0,0,0,,Rain,rain,"04928,06275,04349,04160,03278,04931"
south germany,12.03.2018 1:00:00,"8,5","8,5","8,1","97,15","0,004",100,rain,0,0,,"4,8",174,"994,8",,"5,7",0,0,0,,Rain,rain,"04928,06275,04349,04160,03278,04931"
south germany,12.03.2018 2:00:00,9,"8,5","8,2","94,67","0,033",100,rain,0,0,,"5,4",136,"994,9",,"9,4",0,0,0,,Rain,rain,"04928,06275,04349,04160,03278,04931"
south germany,12.03.2018 3:00:00,"8,9","7,4","8,1","94,89","0,041",100,rain,0,0,,"9,6",143,"994,6",,"7,4",0,0,0,,Rain,rain,"04928,06275,04349,04160,03278,04931"
south germany,12.03.2018 4:00:00,"8,6","7,3","7,5","93,02","0,173",100,rain,0,0,,"8,3",195,"994,5",,18,0,0,0,,Rain,rain,"04928,06275,04349,04160,03278,04931"
south germany,13.03.2018 2:00:00,"7,6","5,2","4,5","81,03","0,008",100,rain,0,0,,"12,9",236,"1002,9",,"21,1",0,0,0,,Rain,rain,"04928,06275,04349,04160,03278,04931"
south germany,13.03.2018 3:00:00,"7,5","5,7","4,5","81,04","0,104",100,rain,0,0,,"10,2",220,1003,,,0,0,0,,Rain,rain,"04928,06275,04349,04160,03278,04931"
south germany,13.03.2018 6:00:00,"6,8",4,3,"76,69","0,008",100,rain,0,0,,"15,1",207,"1003,9",,,0,0,0,,Rain,rain,"04928,06275,04349,04160,03278,04931"
south germany,13.03.2018 19:00:00,7,4,"3,5","78,3","0,108",100,rain,0,0,,"16,7",266,"1009,4",,42,0,0,0,,Rain,rain,"04928,06275,04349,04160,03278,04931"
south germany,13.03.2018 20:00:00,6,"2,1","3,7","84,86","0,385",100,rain,0,0,,"23,1",273,"1010,4",,"27,6",0,0,0,,Rain,rain,"04928,06275,04349,04160,03278,04931"
south germany,13.03.2018 21:00:00,"5,6",2,"3,7","87,19","0,371",100,rain,0,0,,"18,9",280,"1011,2",,20,0,0,0,,Rain,rain,"04928,06275,04349,04160,03278,04931"
south germany,13.03.2018 22:00:00,"5,1","1,2","3,1","86,46","0,253",100,rain,0,0,,"20,6",283,"1012,2",,"26,3",0,0,0,,Rain,rain,"04928,06275,04349,04160,03278,04931"
south germany,13.03.2018 23:00:00,"4,7","1,5","2,9","87,93","0,198",100,rain,0,0,,"14,8",277,"1012,9",,"25,7",0,0,0,,Rain,rain,"04928,06275,04349,04160,03278,04931"
south germany,14.03.2018 0:00:00,"4,5","2,1","2,9","89,03","0,105",100,rain,0,0,,"10,2",260,"1013,3",,"32,6",0,0,0,,Rain,rain,"04928,06275,04349,04160,03278,04931"
south germany,14.03.2018 4:00:00,"4,7",2,"2,6","86,01","0,027",100,rain,0,0,,"11,2",277,1014,,"42,2",0,0,0,,Rain,rain,"04928,06275,04349,04160,03278,04931"
south germany,14.03.2018 6:00:00,"4,5","1,9","2,2","85,26","0,015",100,rain,0,0,,"10,5",273,"1014,3",,"26,1",0,0,0,,Rain,rain,"04928,06275,04349,04160,03278,04931"
south germany,14.03.2018 7:00:00,"4,2","1,4",2,"85,61","0,065",100,rain,0,0,,"11,7",270,"1014,5",,"25,7",11,0,0,,Rain,rain,"04928,06275,04349,E1423,04160,03278,04931"
south germany,16.03.2018 0:00:00,8,"6,6","3,7","74,4","0,004",100,rain,0,0,,"8,4",213,"999,7",,"35,4",0,0,0,,Rain,rain,"04928,06275,04349,04160,03278,04931"
south germany,22.03.2018 19:00:00,"0,8","-1,8",0,"94,52","0,536",100,"rain,snow",0,0,,"7,9",190,"1016,5",,"3,3",6,0,0,,"Snow, Rain",rain,"E9588,04928,06275,04349,04160,03278,04931"
south germany,22.03.2018 20:00:00,"0,9","-1,2","0,2","95,09","0,184",100,"rain,snow",0,0,,"6,7",177,"1016,3",,"3,3",0,0,0,,"Snow, Rain",rain,"04928,06275,04349,04160,03278,04931"
south germany,22.03.2018 21:00:00,"1,2","-0,3","0,2","93,22","0,004",100,"rain,snow",0,0,,"5,1",184,"1016,2",,"4,3",0,0,0,,"Snow, Rain",rain,"04928,06275,04349,04160,03278,04931"
south germany,22.03.2018 22:00:00,"1,4","1,4","0,3","92,7","0,031",100,"rain,snow",0,0,,"4,3",207,1016,,"7,7",0,0,0,,"Snow, Rain",rain,"04928,06275,04349,04160,03278,04931"
south germany,23.03.2018 0:00:00,"1,7","1,7","0,1","89,55","0,015",100,"rain,snow",0,0,,"4,4",210,"1014,9",,"12,3",0,0,0,,"Snow, Rain",rain,"04928,06275,04349,04160,03278,04931"
south germany,23.03.2018 1:00:00,"1,6","1,6","0,3","91,26","0,059",100,"rain,snow",0,0,,4,240,"1014,4",,8,0,0,0,,"Snow, Rain",rain,"04928,06275,04349,04160,03278,04931"
south germany,23.03.2018 2:00:00,"1,5","1,5","0,4","92,8","0,123",100,"rain,snow",0,0,,"3,4",229,1014,,"6,7",0,0,0,,"Snow, Rain",rain,"04928,06275,04349,04160,03278,04931"
south germany,23.03.2018 3:00:00,"1,4","-0,2","0,5","93,7","0,237",100,"rain,snow",0,0,,"5,6",191,"1013,6",,"5,3",0,0,0,,"Snow, Rain",rain,"04928,06275,04349,04160,03278,04931"
south germany,23.03.2018 4:00:00,"1,4","1,4","0,7","95,04","0,04",100,"rain,snow",0,0,,"2,7",105,"1013,1",,"5,4",0,0,0,,"Snow, Rain",rain,"04928,06275,04349,04160,03278,04931"
south germany,23.03.2018 5:00:00,"1,5","0,2","0,7","94,23","0,007",100,"rain,snow",0,0,,5,153,"1012,8",,"5,1",0,0,0,,"Snow, Rain",rain,"04928,06275,04349,04160,03278,04931"
south germany,27.03.2018 0:00:00,5,"2,2","2,1","81,37","0,068",100,rain,0,0,,"12,6",293,"1017,8",,"8,1",0,0,0,,Rain,rain,"04928,06275,04349,04160,03278,04931"
south germany,27.03.2018 1:00:00,"4,3",2,"2,6","88,44","0,198",100,rain,0,0,,"9,2",267,"1017,8",,"6,1",0,0,0,,Rain,rain,"04928,06275,04349,04160,03278,04931"
south germany,27.03.2018 2:00:00,"4,2","3,1","2,5","88,72","0,214",100,rain,0,0,,"5,3",210,"1017,7",,"6,7",0,0,0,,Rain,rain,"04928,06275,04349,04160,03278,04931"
south germany,27.03.2018 3:00:00,"3,9","3,9","2,3","89,22","0,02",100,rain,0,0,,"2,3",223,"1017,7",,"6,7",0,0,0,,Rain,rain,"04928,06275,04349,04160,03278,04931"
south germany,27.03.2018 21:00:00,"7,6","5,3","1,3","64,55","0,019",100,rain,0,0,,"12,8",210,1011,,"20,7",0,0,0,,Rain,rain,"04928,06275,04349,04160,03278,04931"
south germany,27.03.2018 23:00:00,7,"4,9","2,4","72,15","0,032",100,rain,0,0,,"11,1",197,"1010,3",,"15,4",0,0,0,,Rain,rain,"04928,06275,04349,04160,03278,04931"
south germany,28.03.2018 0:00:00,"6,6","3,8","2,8","76,56","0,017",100,rain,0,0,,"14,6",197,"1009,7",,12,0,0,0,,Rain,rain,"04928,06275,04349,04160,03278,04931"
south germany,28.03.2018 1:00:00,"6,3","3,6","3,2","80,03","0,052",100,rain,0,0,,"13,6",190,"1009,2",,20,0,0,0,,Rain,rain,"04928,06275,04349,04160,03278,04931"
south germany,28.03.2018 3:00:00,"6,8",4,"4,4","84,72","0,048",100,rain,0,0,,"14,6",223,"1008,6",,"21,2",0,0,0,,Rain,rain,"04928,06275,04349,04160,03278,04931"
south germany,28.03.2018 4:00:00,"7,1","4,5","4,7","84,28","0,009",100,rain,0,0,,"14,3",227,"1008,4",,40,0,0,0,,Rain,rain,"04928,06275,04349,04160,03278,04931"
south germany,28.03.2018 5:00:00,"7,3",5,"5,3","86,91","0,019",100,rain,0,0,,"12,4",227,1008,,"36,1",0,0,0,,Rain,rain,"04928,06275,04349,04160,03278,04931"
south germany,28.03.2018 6:00:00,"7,6","5,1","5,5","86,83","0,014",100,rain,0,0,,"13,6",227,"1008,3",,18,0,0,0,,Rain,rain,"04928,06275,04349,04160,03278,04931"
south germany,28.03.2018 7:00:00,"7,9","5,7","5,5","84,89","0,008",100,rain,0,0,,"12,4",253,"1008,6",,40,0,0,0,,Rain,rain,"04928,06275,04349,04160,03278,04931"
south germany,28.03.2018 8:00:00,"8,1","5,9","4,8","79,55","0,014",100,rain,0,0,,"12,9",252,"1008,6",,"43,5",0,0,0,,Rain,rain,"04928,06275,04349,04160,03278,04931"
south germany,28.03.2018 20:00:00,10,10,"7,8","85,99","0,211",100,rain,0,0,,"15,9",190,"1000,5",,"26,1",9,0,0,,Rain,rain,"04928,06275,04349,E1423,04160,03278,04931"
south germany,28.03.2018 21:00:00,"9,5",7,"7,4","86,73","1,709",100,rain,0,0,,"17,6",249,"1001,5",,15,0,0,0,,Rain,rain,"04928,06275,04349,04160,03278,04931"
south germany,28.03.2018 22:00:00,"9,8",8,7,"83,15","0,117",100,rain,0,0,,"12,1",210,"1001,4",,30,0,0,0,,Rain,rain,"04928,06275,04349,04160,03278,04931"
south germany,28.03.2018 23:00:00,"9,5","7,3","6,9","83,49","0,19",100,rain,0,0,,"15,5",249,1002,,15,0,0,0,,Rain,rain,"04928,06275,04349,04160,03278,04931"
south germany,29.03.2018 0:00:00,"8,6","5,4",6,"83,65","0,076",100,rain,0,0,,23,276,1003,,20,0,0,0,,Rain,rain,"04928,06275,04349,04160,03278,04931"
south germany,29.03.2018 1:00:00,"7,6",3,"2,9","72,47","0,104",100,rain,0,0,,36,283,"1004,1",,20,0,0,0,,Rain,rain,"04928,06275,04349,04160,03278,04931"
south germany,30.03.2018 20:00:00,"8,7","5,3","6,5","85,94","0,928",100,rain,0,0,,"25,3",270,999,,"8,5",1,0,0,,Rain,rain,"E8565,04928,06275,04349,04160,03278,04931"
south germany,30.03.2018 21:00:00,8,"5,1","6,1","87,49","1,136",100,rain,0,0,,"17,9",280,"999,4",,"21,5",0,0,0,,Rain,rain,"04928,06275,04349,04160,03278,04931"
south germany,30.03.2018 22:00:00,"7,3","5,3","6,2","92,49","0,82",100,rain,0,0,,"11,1",263,"1000,2",,18,0,0,0,,Rain,rain,"04928,06275,04349,04160,03278,04931"
south germany,30.03.2018 23:00:00,"7,2","6,5",6,"92,2","0,531",100,rain,0,0,,"5,3",154,"999,8",,"21,1",0,0,0,,Rain,rain,"04928,06275,04349,04160,03278,04931"
south germany,31.03.2018 0:00:00,"6,9","6,2","5,7","91,62","0,014",100,rain,0,0,,"5,2",226,"1000,6",,40,0,0,0,,Rain,rain,"04928,06275,04349,04160,03278,04931"
south germany,31.03.2018 1:00:00,7,6,"5,5","90,2","0,091",100,rain,0,0,,"6,2",190,"1000,4",,"32,4",0,0,0,,Rain,rain,"04928,06275,04349,04160,03278,04931"
south germany,31.03.2018 2:00:00,"6,8","6,8","4,7","86,23","0,072",100,rain,0,0,,"3,1",217,"1000,1",,30,0,0,0,,Rain,rain,"04928,06275,04349,04160,03278,04931"
south germany,31.03.2018 3:00:00,"6,7","4,2","4,2","84,49","0,044",100,rain,0,0,,"12,5",227,"1000,3",,30,0,0,0,,Rain,rain,"04928,06275,04349,04160,03278,04931"
south germany,31.03.2018 4:00:00,"6,3",4,"3,8","84,29","0,013",100,rain,0,0,,"11,3",237,"1000,3",,35,0,0,0,,Rain,rain,"04928,06275,04349,04160,03278,04931"
south germany,31.03.2018 5:00:00,"5,9","4,5","3,7","85,45","0,024",100,rain,0,0,,"6,9",256,"999,9",,35,0,0,0,,Rain,rain,"04928,06275,04349,04160,03278,04931"
south germany,31.03.2018 6:00:00,"5,7","4,6","3,5","85,91","0,004",100,rain,0,0,,"5,7",239,"999,8",,40,0,0,0,,Rain,rain,"04928,06275,04349,04160,03278,04931"
south germany,01.04.2018 6:00:00,"5,8","3,4","2,4","78,99","0,057",100,rain,0,0,,"10,7",239,"1006,2",,50,0,0,0,,Rain,rain,"04928,06275,04349,04160,03278,04931"
south germany,01.04.2018 8:00:00,"5,9","2,7","2,4","78,47","0,008",100,rain,0,0,,16,260,"1007,5",,,9,0,0,,Rain,rain,"04928,06275,04349,E1423,04160,03278,04931"
south germany,01.04.2018 20:00:00,"6,1",2,"1,9","74,2","0,035",100,rain,0,0,,"24,9",266,"1013,8",,"25,2",11,0,0,,Rain,rain,"04928,06275,04349,E1423,04160,03278,04931"
south germany,01.04.2018 21:00:00,"5,3","2,1","2,1","79,73","0,16",100,rain,0,0,,"14,9",243,"1014,8",,"40,7",0,0,0,,Rain,rain,"04928,06275,04349,04160,03278,04931"
south germany,01.04.2018 22:00:00,"5,1","2,4",2,"80,33","0,011",100,rain,0,0,,12,233,"1015,5",,"41,3",0,0,0,,Rain,rain,"04928,06275,04349,04160,03278,04931"
south germany,03.04.2018 4:00:00,"11,7","11,7","2,8","54,49","0,012",100,rain,0,0,,"5,5",188,"1006,3",,,0,0,0,,Rain,rain,"04928,06275,04349,04160,03278,04931"
south germany,04.04.2018 6:00:00,"10,7","10,7","5,4","69,72","0,005",100,rain,0,0,,"4,6",134,1006,,40,0,0,0,,Rain,rain,"04928,06275,04349,04160,03278,04931"
south germany,05.04.2018 6:00:00,"9,7","7,6",5,"72,19","0,028",100,rain,0,0,,"14,8",213,"1009,1",,40,0,0,0,,Rain,rain,"04928,06275,04349,04160,03278,04931"
south germany,10.04.2018 19:00:00,"10,2","10,2","6,4","77,63","1,5",100,rain,0,0,,"23,9",270,"1004,8",,"19,5",6,0,0,,Rain,rain,"04928,06275,04349,E1423,04160,03278,04931"
south germany,10.04.2018 20:00:00,"8,5","5,1",7,"90,58","5,365",100,rain,0,0,,"23,9",276,"1005,6",,"27,2",5,0,0,,Rain,rain,"04928,06275,04349,E1423,04160,03278,04931"
south germany,10.04.2018 21:00:00,"8,4","6,3","6,2","86,31","0,196",100,rain,0,0,,"12,3",294,"1006,6",,35,0,0,0,,Rain,rain,"04928,06275,04349,04160,03278,04931"
south germany,10.04.2018 22:00:00,8,"6,6","5,9","86,67","0,07",100,rain,0,0,,"8,1",310,"1006,9",,35,0,0,0,,Rain,rain,"04928,06275,04349,04160,03278,04931"
south germany,13.04.2018 23:00:00,"8,2","6,5","5,4","82,68","0,007",100,rain,0,0,,"10,2",118,"1016,4",,35,0,0,0,,Rain,rain,"04928,06275,04349,04160,03278,04931"
south germany,16.04.2018 6:00:00,"12,5","12,5","10,5","88,08","0,15",100,rain,0,0,,"7,1",204,"1012,4",,"30,2",0,0,0,,Rain,rain,"04928,06275,04349,04160,03278,04931"
south germany,16.04.2018 7:00:00,"12,1","12,1","10,8","91,96","0,07",100,rain,0,0,,"6,9",147,1013,,"23,3",6,0,0,,Rain,rain,"04928,06275,04349,E1423,04160,03278,04931"
south germany,26.04.2018 1:00:00,"11,2","11,2","8,6","84,52","0,704",100,rain,0,0,,"18,8",287,"1016,7",,"19,8",0,0,0,,Rain,rain,"04928,06275,04349,04160,03278,04931"
south germany,26.04.2018 2:00:00,"10,3","10,3","7,9","85,64","0,165",100,rain,0,0,,"12,9",270,"1016,8",,40,0,0,0,,Rain,rain,"04928,06275,04349,04160,03278,04931"
south germany,26.04.2018 3:00:00,"10,3","10,3","7,6","83,53","0,099",100,rain,0,0,,"11,5",267,"1016,8",,"43,3",0,0,0,,Rain,rain,"04928,06275,04349,04160,03278,04931"
south germany,26.04.2018 4:00:00,"10,1","10,1","6,7","79,17","0,051",100,rain,0,0,,"9,2",243,"1017,2",,25,0,0,0,,Rain,rain,"04928,06275,04349,04160,03278,04931"
south germany,26.04.2018 5:00:00,"9,7","8,4","6,8","82,06","0,248",100,rain,0,0,,"9,3",240,"1017,5",,15,0,0,0,,Rain,rain,"04928,06275,04349,04160,03278,04931"
south germany,26.04.2018 6:00:00,"9,4","8,3","7,2","86,39","0,058",100,rain,0,0,,"8,2",216,"1018,1",,25,0,0,0,,Rain,rain,"04928,06275,04349,04160,03278,04931"
south germany,29.04.2018 2:00:00,"11,7","11,7","7,2","73,94","1,645",100,rain,0,0,,"14,3",58,"1012,4",,"11,3",0,0,0,,Rain,rain,"04928,06275,04349,04160,03278,04931"
south germany,29.04.2018 3:00:00,"12,1","12,1","8,2","77,01","0,829",100,rain,0,0,,"10,2",70,"1010,7",,"26,5",0,0,0,,Rain,rain,"04928,06275,04349,04160,03278,04931"
south germany,29.04.2018 4:00:00,"11,9","11,9","8,1","77,13","0,318",100,rain,0,0,,"11,6",194,"1010,1",,48,0,0,0,,Rain,rain,"04928,06275,04349,04160,03278,04931"
south germany,30.04.2018 6:00:00,11,11,"5,9","70,53","0,265",100,rain,0,0,,"13,6",220,"1004,7",,"21,3",0,0,0,,Rain,rain,"04928,06275,04349,04160,03278,04931"
south germany,30.04.2018 7:00:00,"10,3","10,3",6,"74,96","0,387",100,rain,0,0,,10,186,"1004,9",,30,8,0,0,,Rain,rain,"04928,06275,04349,E1423,04160,03278,04931"
south germany,30.04.2018 21:00:00,"13,3","13,3","4,2","53,96","0,012",100,rain,0,0,,"7,5",268,"1007,5",,,13,0,0,,Rain,rain,"04928,06275,04349,E1423,04160,03278,04931"
south germany,30.04.2018 23:00:00,"12,6","12,6","2,4","49,74","0,004",100,rain,0,0,,"10,8",246,"1008,8",,,0,0,0,,Rain,rain,"04928,06275,04349,04160,03278,04931"
south germany,03.05.2018 1:00:00,"11,3","11,3","5,3","66,54","0,008",100,rain,0,0,,"10,4",270,"1011,7",,50,0,0,0,,Rain,rain,"04928,06275,04349,04160,03278,04931"
south germany,10.05.2018 0:00:00,"17,1","17,1","8,2","55,75","0,052",100,rain,0,0,,"8,2",141,"1005,3",,"48,7",0,0,0,,Rain,rain,"04928,06275,04349,04160,03278,04931"
south germany,10.05.2018 5:00:00,"14,4","14,4","8,5","67,57","0,038",100,rain,0,0,,"5,1",222,"1005,5",,50,0,0,0,,Rain,rain,"04928,06275,04349,04160,03278,04931"
south germany,10.05.2018 20:00:00,"11,5","11,5","8,4","80,92","0,013",100,rain,0,0,,"8,2",249,"1017,9",,"37,2",6,0,0,,Rain,rain,"04928,06275,04349,E1423,04160,03278,04931"
south germany,10.05.2018 21:00:00,"11,6","11,6","8,4","80,69","0,004",100,rain,0,0,,"6,8",246,"1018,9",,"38,7",7,0,0,,Rain,rain,"04928,06275,04349,E1423,04160,03278,04931"
south germany,13.05.2018 0:00:00,"18,4","18,4","10,4","59,54","0,023",100,rain,0,0,,"18,8",270,"1009,5",,"43,5",0,0,0,,Rain,rain,"04928,06275,04349,04160,03278,04931"
south germany,13.05.2018 21:00:00,"12,7","12,7","10,8","88,47","0,267",100,rain,0,0,,"14,6",344,"1008,1",,"18,1",0,0,0,,Rain,rain,"04928,06275,04349,04160,03278,04931"
south germany,13.05.2018 22:00:00,12,12,"11,1","94,62","2,674",100,rain,0,0,,"9,2",341,"1008,5",,"6,4",0,0,0,,Rain,rain,"04928,06275,04349,04160,03278,04931"
south germany,13.05.2018 23:00:00,"11,9","11,9","11,2","95,32","1,72",100,rain,0,0,,"5,5",267,"1008,4",,14,0,0,0,,Rain,rain,"04928,06275,04349,04160,03278,04931"
south germany,14.05.2018 0:00:00,"12,1","12,1","11,4","96,01","0,09",100,rain,0,0,,"7,9",360,"1008,6",,"8,7",0,0,0,,Rain,rain,"04928,06275,04349,04160,03278,04931"
south germany,14.05.2018 1:00:00,"11,9","11,9","11,3","96,3","0,465",100,rain,0,0,,"11,1",283,1008,,9,0,0,0,,Rain,rain,"04928,06275,04349,04160,03278,04931"
south germany,14.05.2018 2:00:00,"12,2","12,2","11,5","95,25","0,123",100,rain,0,0,,"8,8",277,1008,,8,0,0,0,,Rain,rain,"04928,06275,04349,04160,03278,04931"
south germany,14.05.2018 3:00:00,"12,2","12,2","11,6","96,12","0,036",100,rain,0,0,,"6,7",2,"1007,9",,"5,7",0,0,0,,Rain,rain,"04928,06275,04349,04160,03278,04931"
south germany,14.05.2018 4:00:00,"12,1","12,1","11,5","96,37","0,028",100,rain,0,0,,"8,8",6,"1007,8",,"3,7",0,0,0,,Rain,rain,"04928,06275,04349,04160,03278,04931"
south germany,14.05.2018 5:00:00,"11,8","11,8","11,3","96,51","0,058",100,rain,0,0,,"8,2",335,"1007,7",,"4,6",0,0,0,,Rain,rain,"04928,06275,04349,04160,03278,04931"
south germany,14.05.2018 6:00:00,"11,7","11,7","11,1","96,28","0,028",100,rain,0,0,,"6,3",8,"1007,9",,5,5,0,0,,Rain,rain,"04928,06275,04349,E1423,04160,03278,04931"
south germany,14.05.2018 23:00:00,"13,7","13,7","12,9","95,13","0,067",100,rain,0,0,,"10,9",320,"1010,2",,4,0,0,0,,Rain,rain,"04928,06275,04349,04160,03278,04931"
south germany,15.05.2018 0:00:00,"13,6","13,6","12,8","95,44","1,144",100,rain,0,0,,6,312,"1010,2",,"3,3",0,0,0,,Rain,rain,"04928,06275,04349,04160,03278,04931"
south germany,15.05.2018 1:00:00,"13,2","13,2","12,5","95,78","0,307",100,rain,0,0,,"12,4",290,"1009,8",,"6,1",0,0,0,,Rain,rain,"04928,06275,04349,04160,03278,04931"
south germany,15.05.2018 2:00:00,"12,9","12,9","12,3","96,27","0,028",100,rain,0,0,,"11,1",293,"1009,9",,4,0,0,0,,Rain,rain,"04928,06275,04349,04160,03278,04931"
south germany,16.05.2018 0:00:00,"12,9","12,9","9,9","82,08","0,028",100,rain,0,0,,"8,3",252,"1013,9",,"34,1",0,0,0,,Rain,rain,"04928,06275,04349,04160,03278,04931"
south germany,16.05.2018 2:00:00,"12,1","12,1",10,"87,14","0,059",100,rain,0,0,,5,279,"1013,7",,"21,9",0,0,0,,Rain,rain,"04928,06275,04349,04160,03278,04931"
south germany,16.05.2018 3:00:00,"11,8","11,8","9,9","88,38","0,094",100,rain,0,0,,"5,4",263,"1013,5",,18,0,0,0,,Rain,rain,"04928,06275,04349,04160,03278,04931"
south germany,16.05.2018 4:00:00,"11,7","11,7","10,1","89,47","0,057",100,rain,0,0,,"5,6",286,"1013,4",,16,0,0,0,,Rain,rain,"04928,06275,04349,04160,03278,04931"
south germany,16.05.2018 5:00:00,"11,4","11,4","10,2","92,29","0,706",100,rain,0,0,,"6,9",333,"1013,4",,"9,4",0,0,0,,Rain,rain,"04928,06275,04349,04160,03278,04931"
south germany,16.05.2018 6:00:00,"11,3","11,3","10,4","94,59","0,962",100,rain,0,0,,"3,2",303,"1013,3",,"6,1",5,0,0,,Rain,rain,"E9588,04928,06275,04349,04160,03278,04931"
south germany,16.05.2018 7:00:00,"11,2","11,2","10,4","94,93","1,803",100,rain,0,0,,"7,8",283,"1013,3",,"4,3",11,0,0,,Rain,rain,"04928,06275,04349,E1423,04160,03278,04931"
south germany,17.05.2018 3:00:00,"12,2","12,2","10,5","89,64","0,152",100,rain,0,0,,10,252,"1015,6",,18,0,0,0,,Rain,rain,"04928,06275,04349,04160,03278,04931"
south germany,17.05.2018 4:00:00,"12,1","12,1",11,"92,75","0,918",100,rain,0,0,,13,359,"1015,4",,"10,3",0,0,0,,Rain,rain,"04928,06275,04349,04160,03278,04931"
south germany,17.05.2018 5:00:00,"12,1","12,1","11,2","94,22","1,31",100,rain,0,0,,"12,6",345,"1015,5",,"6,7",0,0,0,,Rain,rain,"04928,06275,04349,04160,03278,04931"
south germany,17.05.2018 6:00:00,"12,2","12,2","11,2","93,59","0,018",100,rain,0,0,,"16,1",313,"1015,8",,6,9,0,0,,Rain,rain,"04928,06275,04349,E1423,04160,03278,04931"
south germany,19.05.2018 22:00:00,"14,5","14,5","9,5","71,73","0,662",100,rain,0,0,,"19,6",130,"1020,1",,"38,7",0,0,0,,Rain,rain,"04928,06275,04349,04160,03278,04931"
south germany,19.05.2018 23:00:00,"13,6","13,6","10,3","80,83","0,167",100,rain,0,0,,"9,4",233,"1020,3",,"41,7",0,0,0,,Rain,rain,"04928,06275,04349,04160,03278,04931"
south germany,20.05.2018 0:00:00,13,13,"10,4","84,14","0,005",100,rain,0,0,,"3,9",224,"1020,3",,"40,2",0,0,0,,Rain,rain,"04928,06275,04349,04160,03278,04931"
south germany,20.05.2018 1:00:00,"12,5","12,5","10,4","87,48","0,004",100,rain,0,0,,"3,6",223,"1020,4",,"31,1",0,0,0,,Rain,rain,"04928,06275,04349,04160,03278,04931"
south germany,20.05.2018 2:00:00,"12,5","12,5","10,8","89,26","0,017",100,rain,0,0,,"4,3",314,"1020,3",,"20,4",0,0,0,,Rain,rain,"04928,06275,04349,04160,03278,04931"
south germany,20.05.2018 3:00:00,"12,4","12,4","11,5","94,02","0,306",100,rain,0,0,,"3,4",102,"1020,3",,"8,7",0,0,0,,Rain,rain,"04928,06275,04349,04160,03278,04931"
south germany,20.05.2018 4:00:00,"12,2","12,2","11,4","94,87","1,877",100,rain,0,0,,"3,6",102,"1020,2",,"5,4",0,0,0,,Rain,rain,"04928,06275,04349,04160,03278,04931"
south germany,20.05.2018 5:00:00,"11,9","11,9","11,4","96,55","2,943",100,rain,0,0,,"7,6",284,"1020,1",,"4,1",0,0,0,,Rain,rain,"04928,06275,04349,04160,03278,04931"
south germany,20.05.2018 6:00:00,"11,8","11,8","11,3","96,89","1,4",100,rain,0,0,,"7,2",287,"1019,7",,"5,1",5,0,0,,Rain,rain,"04928,06275,04349,E1423,04160,03278,04931"
south germany,20.05.2018 7:00:00,"11,8","11,8","11,1","95,97","0,474",100,rain,0,0,,"10,6",13,"1020,2",,"7,1",9,0,0,,Rain,rain,"04928,06275,04349,E1423,04160,03278,04931"
south germany,20.05.2018 8:00:00,"11,8","11,8","11,2","95,91","1,1",100,rain,0,0,,"5,2",330,"1020,3",,"2,7",13,0,0,,Rain,rain,"04928,06275,04349,E1423,04160,03278,04931"
south germany,20.05.2018 21:00:00,"16,3","16,3","13,1","81,35","0,007",100,rain,0,0,,"4,5",317,"1016,5",,"27,8",13,0,0,,Rain,rain,"04928,06275,04349,E1423,04160,03278,04931"
south germany,20.05.2018 22:00:00,16,16,"12,9","81,66","0,008",100,rain,0,0,,"5,1",283,"1016,6",,"22,2",0,0,0,,Rain,rain,"04928,06275,04349,04160,03278,04931"
south germany,21.05.2018 22:00:00,"17,3","17,3","10,4","63,8","0,57",100,rain,0,0,,"15,4",221,"1012,2",,20,0,0,0,,Rain,rain,"04928,06275,04349,04160,03278,04931"
south germany,21.05.2018 23:00:00,"17,1","17,1","9,9","62,33","0,656",100,rain,0,0,,"12,4",277,1012,,25,0,0,0,,Rain,rain,"04928,06275,04349,04160,03278,04931"
south germany,22.05.2018 0:00:00,"16,3","16,3","10,3","67,94","0,286",100,rain,0,0,,"10,7",309,"1011,5",,50,0,0,0,,Rain,rain,"04928,06275,04349,04160,03278,04931"
south germany,22.05.2018 22:00:00,"16,5","16,5","11,5","72,26","0,023",100,rain,0,0,,"6,6",191,"1012,9",,,0,0,0,,Rain,rain,"04928,06275,04349,04160,03278,04931"
south germany,23.05.2018 0:00:00,"15,4","15,4","12,3","81,71","0,004",100,rain,0,0,,"9,5",287,"1014,3",,9,0,0,0,,Rain,rain,"04928,06275,04349,04160,03278,04931"
south germany,23.05.2018 1:00:00,15,15,"12,4","84,77","0,131",100,rain,0,0,,"9,5",246,"1014,6",,"23,2",0,0,0,,Rain,rain,"04928,06275,04349,04160,03278,04931"
south germany,23.05.2018 2:00:00,"15,2","15,2","12,3","82,99","0,004",100,rain,0,0,,"5,8",200,"1014,7",,40,0,0,0,,Rain,rain,"04928,06275,04349,04160,03278,04931"
south germany,23.05.2018 3:00:00,"14,8","14,8","12,6","86,57","0,689",100,rain,0,0,,"4,7",285,"1014,9",,15,0,0,0,,Rain,rain,"04928,06275,04349,04160,03278,04931"
south germany,23.05.2018 4:00:00,"14,8","14,8","12,5","86,25","0,133",100,rain,0,0,,"6,6",194,"1014,9",,35,0,0,0,,Rain,rain,"04928,06275,04349,04160,03278,04931"
south germany,23.05.2018 5:00:00,"14,2","14,2","12,8","91,14","0,19",100,rain,0,0,,"1,4",188,"1015,1",,"34,1",0,0,0,,Rain,rain,"04928,06275,04349,04160,03278,04931"
south germany,23.05.2018 6:00:00,14,14,"12,7","91,97","0,004",100,rain,0,0,,"4,2",15,1015,,"32,2",9,0,0,,Rain,rain,"04928,06275,04349,E1423,04160,03278,04931"
south germany,23.05.2018 21:00:00,"19,4","19,4","12,8","65,76","0,331",100,rain,0,0,,"11,2",12,"1016,4",,45,11,0,0,,Rain,rain,"04928,06275,04349,E1423,04160,03278,04931"
south germany,23.05.2018 23:00:00,"17,1","17,1","13,3","77,98","0,008",100,rain,0,0,,"5,4",26,"1017,1",,40,0,0,0,,Rain,rain,"04928,06275,04349,04160,03278,04931"
south germany,31.05.2018 0:00:00,"21,3","21,3","15,2","68,23","0,243",100,rain,0,0,,"6,4",161,"1013,4",,"24,6",0,0,0,,Rain,rain,"04928,06275,04349,04160,03278,04931"